发现ID,指纹,资产范围,疑似环境,责任角色,分类,非秘密定性依据,内容证据摘要,影响等级,影响类型,传播范围,处置顺序,复验要求,P0拆单条件,审核角色,审核状态,审核时间,阻塞证据,所需输入,下一步,期限建议,实际等级,审核层级,分层依据,审核时限建议,等级是否改变,路径用途,自然人审核完成
SEC2-d6c1689818459a23,d6c1689818459a23154fe89eaf8422284f8478273030abacea4e119e2f176518,"[""archive-member"",""original-file""]",未知，待所有者确认,"[""FastLink安全负责人""]",仍无法确认,"[""complete-credential-url-unverified""]","[""f78ac398464d160d1b1158f2c591aceceeed6e6320719d17ca490d13eb9626bc"",""b4c453280bda9cb21d16695e48f8e83c7436e676e21a83656839d4e452237fa7"",""9f4f487d770486ecd676e06ed291d882073865e6df1fb84947d553b787267135""]",沿用High候选；实际权限未确认,可能涉及连接身份及服务/数据库访问；实际环境、权限与有效性未确认,"[{""scope"":""archive-member"",""container_sha256"":""501592fa952698958ea34195993c7cf79725955c8331295119178a3973a33346"",""path_id"":""path/27045d3b9fa145cbcaea4194""},{""scope"":""original-file"",""path_id"":""path/4cf5bbfc4499a0babbc889fb""},{""scope"":""original-file"",""path_id"":""path/805c15e2d45081ddff12d52d""}]",先离线确认资产及影响→另单审批→所有者执行凭据处置→依赖/源码治理→独立复验；本单不执行,另单核对秘密管理版本、授权审计与部署记录，并重新本地扫描；不使用发现的凭据认证,所有者离线确认生产凭据、生产运行路径、活跃外部服务或资金/核心权限影响时触发；当前待判定,FastLink安全负责人及对应资产责任角色,未收到所有者审核意见；未完成最终定性,未提供,阶段A输入包仅含既有执行端结构记录；未收到该ID的所有者确认记录,发现ID、资产/疑似环境、分类、非秘密依据、权限/影响、审核角色/时间、建议动作,责任角色认领并提交非秘密审核记录，安全负责人复核,交接后24小时内认领；2个工作日内反馈或说明阻塞及新期限，待责任人确认,High,1,疑似资金或连接/身份/服务权限影响,24小时内初审；均待责任角色承诺,False,最多调整审核顺序，不作为定性或降级依据,False
SEC2-a94b1d786b04b3e8,a94b1d786b04b3e81b833489b136d7a7edac67d2eeb0da1c7b64943fb9df7c6b,"[""archive-member"",""fastlink-recovery-archive"",""original-file"",""path/c90572454d458f720ba700f1""]",未知，待所有者确认,"[""控制与归档资产负责人"",""新钱包技术负责人""]",仍无法确认,"[""complete-credential-url-unverified""]","[""be2c2b56a7fb68e182c4556b7d32e4f95ca56ea001fe58c212c19ec0b0625fdb"",""246473a0441bafe2b323a00637b3d7dba007356b0e90e3fe4c37adc3c28129eb"",""f060e326c5b64b299e4578d3fb7e5c2a7bb057b766a8d2612660f041a8889f26""]",沿用High候选；实际权限未确认,可能涉及连接身份及服务/数据库访问；实际环境、权限与有效性未确认,"[{""scope"":""archive-member"",""container_sha256"":""d4e9145cabaadcf258b37df1d7345ab54796dab7da4a1a546509232a3efb0f14"",""path_id"":""path/d75c6853effb628beb9bdfb6""},{""scope"":""archive-member"",""container_sha256"":""be2c2b56a7fb68e182c4556b7d32e4f95ca56ea001fe58c212c19ec0b0625fdb"",""path_id"":""path/8e748cc471b63bf34dd34aeb""},{""scope"":""original-file"",""path_id"":""path/8db28180b3e8e6387c91fdb2""},{""scope"":""git-object"",""repository"":""fastlink-recovery-archive"",""object"":""5f8ecc8691393028770a114e73a4d138e9a91449"",""path_id"":""path/051b22c1f11ef737efd7c286"",""object_type"":""blob""},{""scope"":""git-object"",""repository"":""path/c90572454d458f720ba700f1"",""object"":""5f8ecc8691393028770a114e73a4d138e9a91449"",""path_id"":""path/d60406237e5bf9ae884e5d50"",""object_type"":""blob""},{""scope"":""original-file"",""path_id"":""path/809e5646968cc6131b07c3d0""},{""scope"":""original-file"",""path_id"":""path/d60406237e5bf9ae884e5d50""},{""scope"":""original-file"",""path_id"":""path/764156b21f82b34950bd8ab0""}]",先离线确认资产及影响→另单审批→所有者执行凭据处置→依赖/源码治理→独立复验；本单不执行,另单核对秘密管理版本、授权审计与部署记录，并重新本地扫描；不使用发现的凭据认证,所有者离线确认生产凭据、生产运行路径、活跃外部服务或资金/核心权限影响时触发；当前待判定,FastLink安全负责人及对应资产责任角色,未收到所有者审核意见；未完成最终定性,未提供,阶段A输入包仅含既有执行端结构记录；未收到该ID的所有者确认记录,发现ID、资产/疑似环境、分类、非秘密依据、权限/影响、审核角色/时间、建议动作,责任角色认领并提交非秘密审核记录，安全负责人复核,交接后24小时内认领；2个工作日内反馈或说明阻塞及新期限，待责任人确认,High,1,疑似资金或连接/身份/服务权限影响,24小时内初审；均待责任角色承诺,False,最多调整审核顺序，不作为定性或降级依据,False
SEC2-ae58fb562106c481,ae58fb562106c48175f4b65bc8bcdbf7f16d5b16acbc5e6ce7fe9a8b511a65f6,"[""archive-member"",""bundle:b5ece93a60c8745bce50bb4fd602e0e2e9f14c0f95b33d484b36bf491f629fa9"",""fastlink-prime-wallet"",""fastlink-recovery-archive"",""local-L2"",""original-file"",""path/c90572454d458f720ba700f1""]",未知，待所有者确认,"[""控制与归档资产负责人"",""新钱包技术负责人""]",仍无法确认,"[""authorization-credential-shape-unverified""]","[""563a1a3017b34fd761fef3c866e959396355192102d3275ec45f450c18e971ea"",""b359fe9f399d42a50e0c550a2a225da669bd6996ee6e332f13ae543bc82367f6"",""f7f12268bb2d7443a0ed8fd6af6981c44b034063581bed53a3602e54e7e5d08f"",""f2ba6c4b8758c2f582aa95c9b7d9b1981bef560e9bc379aee2cc235e5cef66c0"",""a86d7cd62a014f4fd7c55953d2f8ec35c2cb56578bef6048df8c8fea11db05a4""]",沿用High候选；实际权限未确认,可能涉及会话或API访问授权；实际环境、权限与有效性未确认,"[{""scope"":""archive-member"",""container_sha256"":""0b3ea9411ee2887d39a55b7ffb1f9bff7f821023baf88d7286f39b1c6ea0f1e9"",""path_id"":""path/d75c6853effb628beb9bdfb6""},{""scope"":""archive-member"",""container_sha256"":""563a1a3017b34fd761fef3c866e959396355192102d3275ec45f450c18e971ea"",""path_id"":""path/48c12140efbcc8befbc0d52d""},{""scope"":""git-object"",""repository"":""fastlink-prime-wallet"",""object"":""def74d4acca2dcb4c3a2fa40b6bb5413848e6071"",""path_id"":""path/e34094c5000113cff5cb21e0"",""object_type"":""blob""},{""scope"":""git-object"",""repository"":""local-L2"",""object"":""3dc2463aa7acf1175554d5a23873329f6ea614c1"",""path_id"":""path/ec82244e7946bd00a2eff5b8"",""object_type"":""blob""},{""scope"":""git-object"",""repository"":""local-L2"",""object"":""baef3930d58e788fb0c60fb8f94abdec298dbaf4"",""path_id"":""path/ec82244e7946bd00a2eff5b8"",""object_type"":""blob""},{""scope"":""git-object"",""repository"":""fastlink-prime-wallet"",""object"":""084bdef2b378f7730e348229fd49cfdac6493ec9"",""path_id"":""path/e34094c5000113cff5cb21e0"",""object_type"":""blob""},{""scope"":""git-object"",""repository"":""fastlink-recovery-archive"",""object"":""084bdef2b378f7730e348229fd49cfdac6493ec9"",""path_id"":""path/9c3c6848e408d97d98212abb"",""object_type"":""blob""},{""scope"":""git-object"",""repository"":""local-L2"",""object"":""084bdef2b378f7730e348229fd49cfdac6493ec9"",""path_id"":""path/e34094c5000113cff5cb21e0"",""object_type"":""blob""},{""scope"":""git-object"",""repository"":""path/c90572454d458f720ba700f1"",""object"":""084bdef2b378f7730e348229fd49cfdac6493ec9"",""path_id"":""path/c24a0377e5d653a1877c83d2"",""object_type"":""blob""},{""scope"":""original-file"",""path_id"":""path/eebabd98a6bd938ecb9f13bb""},{""scope"":""original-file"",""path_id"":""path/c24a0377e5d653a1877c83d2""},{""scope"":""original-file"",""path_id"":""path/274cdc958c10143d8f4b3226""},{""scope"":""original-file"",""path_id"":""path/a8ecec8697c57a52e2be97b9""},{""scope"":""original-file"",""path_id"":""path/fef051d0a23d6ecd52009b09""},{""scope"":""original-file"",""path_id"":""path/0acc2141712d1c30cd6d9eb2""},{""scope"":""original-file"",""path_id"":""path/a77cda728341e0cd8e81d883""},{""scope"":""original-file"",""path_id"":""path/bb27cdc45167c8b4f36ba1b3""},{""scope"":""original-file"",""path_id"":""path/5110fa70ab5b82d3cf138713""},{""scope"":""original-file"",""path_id"":""path/650dfd4f494a29e4cd2cdc32""},{""scope"":""original-file"",""path_id"":""path/ac48abaab43837845d7e2615""},{""scope"":""original-file"",""path_id"":""path/f4a381914351a2342fd12a26""},{""scope"":""original-file"",""path_id"":""path/d6f0e61cfa2c8aa0653612f2""},{""scope"":""original-file"",""path_id"":""path/c205c0ecff301feae012f3ea""},{""scope"":""original-file"",""path_id"":""path/0c6d7684249e2c707964055d""},{""scope"":""original-file"",""path_id"":""path/e34094c5000113cff5cb21e0""},{""scope"":""git-object"",""repository"":""bundle:b5ece93a60c8745bce50bb4fd602e0e2e9f14c0f95b33d484b36bf491f629fa9"",""object"":""084bdef2b378f7730e348229fd49cfdac6493ec9"",""path_id"":""path/e34094c5000113cff5cb21e0"",""object_type"":""blob""},{""scope"":""git-object"",""repository"":""local-L2"",""object"":""def74d4acca2dcb4c3a2fa40b6bb5413848e6071"",""path_id"":""path/e34094c5000113cff5cb21e0"",""object_type"":""blob""},{""scope"":""git-object"",""repository"":""path/c90572454d458f720ba700f1"",""object"":""def74d4acca2dcb4c3a2fa40b6bb5413848e6071"",""path_id"":""path/e34094c5000113cff5cb21e0"",""object_type"":""blob""},{""scope"":""git-object"",""repository"":""bundle:b5ece93a60c8745bce50bb4fd602e0e2e9f14c0f95b33d484b36bf491f629fa9"",""object"":""def74d4acca2dcb4c3a2fa40b6bb5413848e6071"",""path_id"":""path/e34094c5000113cff5cb21e0"",""object_type"":""blob""},{""scope"":""git-object"",""repository"":""path/c90572454d458f720ba700f1"",""object"":""3dc2463aa7acf1175554d5a23873329f6ea614c1"",""path_id"":""path/bfc72df2c7c1d9b30ffd8613"",""object_type"":""blob""},{""scope"":""original-file"",""path_id"":""path/bfc72df2c7c1d9b30ffd8613""},{""scope"":""git-object"",""repository"":""path/c90572454d458f720ba700f1"",""object"":""baef3930d58e788fb0c60fb8f94abdec298dbaf4"",""path_id"":""path/779b9b05ff4384f63e714a78"",""object_type"":""blob""},{""scope"":""original-file"",""path_id"":""path/779b9b05ff4384f63e714a78""}]",先离线确认资产及影响→另单审批→所有者执行凭据处置→依赖/源码治理→独立复验；本单不执行,另单核对秘密管理版本、授权审计与部署记录，并重新本地扫描；不使用发现的凭据认证,所有者离线确认生产凭据、生产运行路径、活跃外部服务或资金/核心权限影响时触发；当前待判定,FastLink安全负责人及对应资产责任角色,未收到所有者审核意见；未完成最终定性,未提供,阶段A输入包仅含既有执行端结构记录；未收到该ID的所有者确认记录,发现ID、资产/疑似环境、分类、非秘密依据、权限/影响、审核角色/时间、建议动作,责任角色认领并提交非秘密审核记录，安全负责人复核,交接后24小时内认领；2个工作日内反馈或说明阻塞及新期限，待责任人确认,High,2,显式秘密形态存在于配置、历史或归档,2个工作日内初审；均待责任角色承诺,False,最多调整审核顺序，不作为定性或降级依据,False
SEC2-eed2468e98390c66,eed2468e98390c66cbf294356ee13c9068832fc2919c0ba40d49435acf1eeadb,"[""archive-member"",""fastlik-backend""]",未知，待所有者确认,"[""后端与资金集成负责人""]",仍无法确认,"[""jwt-structure-valid-validity-unknown""]","[""b98b0191953ca9c9fd8ada2a2f6426153258f3db06dbddaef6916ee60f834323"",""1d40bb10a4153f4548643797fba764802c8d69d076154e81c18cacf515f90568""]",沿用High候选；实际权限未确认,可能涉及身份声明或会话；权限未知；实际环境、权限与有效性未确认,"[{""scope"":""archive-member"",""container_sha256"":""9c72c47b9b2b223b9724cf3bc609113d5197ced7bc623b3420448fb751c851ee"",""path_id"":""path/d75c6853effb628beb9bdfb6""},{""scope"":""archive-member"",""container_sha256"":""b98b0191953ca9c9fd8ada2a2f6426153258f3db06dbddaef6916ee60f834323"",""path_id"":""path/4639ca9b49329b454ca0588f""},{""scope"":""git-object"",""repository"":""fastlik-backend"",""object"":""5ce7bd395485180107b7462464e021a8918aff3b"",""path_id"":""path/2f699cd0177a3bf71643d202"",""object_type"":""blob""}]",先离线确认资产及影响→另单审批→所有者执行凭据处置→依赖/源码治理→独立复验；本单不执行,另单核对秘密管理版本、授权审计与部署记录，并重新本地扫描；不使用发现的凭据认证,所有者离线确认生产凭据、生产运行路径、活跃外部服务或资金/核心权限影响时触发；当前待判定,FastLink安全负责人及对应资产责任角色,未收到所有者审核意见；未完成最终定性,未提供,阶段A输入包仅含既有执行端结构记录；未收到该ID的所有者确认记录,发现ID、资产/疑似环境、分类、非秘密依据、权限/影响、审核角色/时间、建议动作,责任角色认领并提交非秘密审核记录，安全负责人复核,交接后24小时内认领；2个工作日内反馈或说明阻塞及新期限，待责任人确认,High,1,疑似资金或连接/身份/服务权限影响,24小时内初审；均待责任角色承诺,False,最多调整审核顺序，不作为定性或降级依据,False
SEC2-ffc74537531c17f9,ffc74537531c17f9afd3cc4a9a8bf1f7cb8e4eaaae49bcc0ec19cfba5834545a,"[""archive-member"",""original-file""]",未知，待所有者确认,"[""FastLink安全负责人""]",仍无法确认,"[""complete-credential-url-unverified""]","[""7a91f8f4d7135732027c6c42662073f716155335e9708c3749fc3b8a32be4657"",""e502e13839d529a9a0ec933eff14fb3d4dac88839d09abfe2b7b374fda17ea81"",""e57dd4622ba2b78564eb52453b65a90a52a206c048ac3bf3759cd4473d4dfa43""]",沿用High候选；实际权限未确认,可能涉及连接身份及服务/数据库访问；实际环境、权限与有效性未确认,"[{""scope"":""archive-member"",""container_sha256"":""b00df248d239d217b21db3cd76bc2b64032634d16b8250ea2df9e299d00407f6"",""path_id"":""path/d75c6853effb628beb9bdfb6""},{""scope"":""archive-member"",""container_sha256"":""7a91f8f4d7135732027c6c42662073f716155335e9708c3749fc3b8a32be4657"",""path_id"":""path/bc60f4770cf1a85467f8cc18""},{""scope"":""original-file"",""path_id"":""path/2c978766ce59c981e45335b3""},{""scope"":""original-file"",""path_id"":""path/2ab48435ffee2100f06d0d5d""}]",先离线确认资产及影响→另单审批→所有者执行凭据处置→依赖/源码治理→独立复验；本单不执行,另单核对秘密管理版本、授权审计与部署记录，并重新本地扫描；不使用发现的凭据认证,所有者离线确认生产凭据、生产运行路径、活跃外部服务或资金/核心权限影响时触发；当前待判定,FastLink安全负责人及对应资产责任角色,未收到所有者审核意见；未完成最终定性,未提供,阶段A输入包仅含既有执行端结构记录；未收到该ID的所有者确认记录,发现ID、资产/疑似环境、分类、非秘密依据、权限/影响、审核角色/时间、建议动作,责任角色认领并提交非秘密审核记录，安全负责人复核,交接后24小时内认领；2个工作日内反馈或说明阻塞及新期限，待责任人确认,High,1,疑似资金或连接/身份/服务权限影响,24小时内初审；均待责任角色承诺,False,最多调整审核顺序，不作为定性或降级依据,False
SEC2-7ffc3b3991dc1a09,7ffc3b3991dc1a0961964b21d14aa81f4becd8e38938e6aa12c116d90b19d496,"[""archive-member"",""fastlik-backend"",""fastlink-recovery-archive"",""original-file"",""path/c90572454d458f720ba700f1""]",未知，待所有者确认,"[""后端与资金集成负责人"",""控制与归档资产负责人"",""新钱包技术负责人""]",仍无法确认,"[""complete-credential-url-unverified""]","[""c55a2c35f8f37081fd1b21688301f2cf60838a0f8a07ec2eef63a62f2962c639"",""0bcce4b6a8d7c1e57c4bc574804ae64ab399e40a2f53f9956a2e6b520c35505d"",""d171ef5bed874a941305d426983ed25d0a8d161772b8cae8b323f9e565453581"",""44147871d8633d361fa29130775dbee6b66143e2f3a1f5b6bac68ee38f43e445"",""2d84d17abe948ba00823f34189e2fb1eddeca8ec037f2edffcc34bf5883bb72b"",""184def9cff02e1a25239143c20088be885d4b6273cbe6aa9ce7054f5668d53b8"",""b304833749b69011be003e8189cffeaf1b9b38077a9c8ecef846837f700165bd"",""6b8ed6cf97a8dd0911058cef71aeefb9fbb1651514da3e92abc4368b43566ab2"",""81d81b27a0271ffc82d2d7455a29d8f25d456eaed7bdf544f1a4a18be29466e8"",""7d2dea6c0052fc00c07b6410f660a44aba18bf6912624b59e294bd08c96f4d01"",""9886eb21369c1b330587e9446d041131c1bbfd7e6a3cd018bce5c350884dcae9"",""3403e09db5e6c2c8243488a040ba59f942a0115b8a479d136850f490151f2f57"",""ee46bd0ac8de4ca938089b4e80c9282fcb8df9b646b428be67a5eda22060154a"",""539d9374c281596c76ebe854eea6502046bb3055f2af8809b0d5c421e7d3f28e"",""792821cb4c9154b2a831dafd8dd2983f4c49e01f4717e099bfb88d88e2dcc0c7"",""e3091854562495c99d6a195688ca78bbbcb90c4a3929019298a94bcba6f44579"",""48f5b0fffb1cd9df71ab4eb8035794e8194cd084cbe362c8d0cd488d4283771d"",""bae5304cdeed6840bfcf1c0135ead0449603fc4ccd1da4d72315b842a3b7db1c""]",沿用High候选；实际权限未确认,可能涉及连接身份及服务/数据库访问；实际环境、权限与有效性未确认,"[{""scope"":""archive-member"",""container_sha256"":""630377876111120043513f5652c31283ce98415b9be8495e81e96b72e8549b37"",""path_id"":""path/d75c6853effb628beb9bdfb6""},{""scope"":""archive-member"",""container_sha256"":""c55a2c35f8f37081fd1b21688301f2cf60838a0f8a07ec2eef63a62f2962c639"",""path_id"":""path/ff440f53fad52f4ab7984fda""},{""scope"":""git-object"",""repository"":""fastlik-backend"",""object"":""27dcdc341ba8fb876a9d8606ad8a509f5ceb5bf8"",""path_id"":""path/d2a52c2e1167652245b59174"",""object_type"":""blob""},{""scope"":""git-object"",""repository"":""fastlik-backend"",""object"":""3faf9f1446d4792fce2499ac88a5313f5807cf90"",""path_id"":""path/d2a52c2e1167652245b59174"",""object_type"":""blob""},{""scope"":""git-object"",""repository"":""fastlik-backend"",""object"":""df54ffc9cc38bfb851f375efca03c7ba0688d086"",""path_id"":""path/d2a52c2e1167652245b59174"",""object_type"":""blob""},{""scope"":""git-object"",""repository"":""fastlik-backend"",""object"":""a15847ac990cb1a41d4ee0a0c3f7043e472926f7"",""path_id"":""path/d2a52c2e1167652245b59174"",""object_type"":""blob""},{""scope"":""git-object"",""repository"":""fastlik-backend"",""object"":""724f8f5f7de11f6f9e7b2089cf6c33e191e80a09"",""path_id"":""path/d2a52c2e1167652245b59174"",""object_type"":""blob""},{""scope"":""git-object"",""repository"":""fastlik-backend"",""object"":""01e32c63bc7813d07ceb3c99daad6177633e9c3b"",""path_id"":""path/d2a52c2e1167652245b59174"",""object_type"":""blob""},{""scope"":""git-object"",""repository"":""fastlik-backend"",""object"":""d9d07061416191f2e5deb3496c4411418ac475f7"",""path_id"":""path/d2a52c2e1167652245b59174"",""object_type"":""blob""},{""scope"":""git-object"",""repository"":""fastlik-backend"",""object"":""5bbd6de14b563a2aa9661d42306ef0d16ecd54a9"",""path_id"":""path/d2a52c2e1167652245b59174"",""object_type"":""blob""},{""scope"":""git-object"",""repository"":""fastlik-backend"",""object"":""9e933188cbd71927c41cbb819f1a06870d49cf27"",""path_id"":""path/d2a52c2e1167652245b59174"",""object_type"":""blob""},{""scope"":""git-object"",""repository"":""fastlik-backend"",""object"":""df3fa5ae9353f0ae9c874a3f13dc982060cf04f8"",""path_id"":""path/d2a52c2e1167652245b59174"",""object_type"":""blob""},{""scope"":""git-object"",""repository"":""fastlik-backend"",""object"":""073ce8718421c3359ac27c5bf3e3a98a38ce537d"",""path_id"":""path/d2a52c2e1167652245b59174"",""object_type"":""blob""},{""scope"":""git-object"",""repository"":""fastlik-backend"",""object"":""bbe88b21eecb604241f511bd1cceb5422edf24b6"",""path_id"":""path/d2a52c2e1167652245b59174"",""object_type"":""blob""},{""scope"":""git-object"",""repository"":""fastlik-backend"",""object"":""e583c34388c11977727bbb47f24e6ce73d86ccea"",""path_id"":""path/d2a52c2e1167652245b59174"",""object_type"":""blob""},{""scope"":""git-object"",""repository"":""fastlik-backend"",""object"":""361c2d1bab1979a0ad6640a92fe564afd6a6ead4"",""path_id"":""path/d2a52c2e1167652245b59174"",""object_type"":""blob""},{""scope"":""git-object"",""repository"":""fastlik-backend"",""object"":""e8b5c4c275f6145ebc597f56bf6401f42a3eac68"",""path_id"":""path/d2a52c2e1167652245b59174"",""object_type"":""blob""},{""scope"":""git-object"",""repository"":""fastlik-backend"",""object"":""980f37c86c8e3f7282806ad5936503eb2a704ad8"",""path_id"":""path/d2a52c2e1167652245b59174"",""object_type"":""blob""},{""scope"":""git-object"",""repository"":""fastlik-backend"",""object"":""a626732275e5545ec08fb96d687d17a923466bb0"",""path_id"":""path/d2a52c2e1167652245b59174"",""object_type"":""blob""},{""scope"":""git-object"",""repository"":""fastlink-recovery-archive"",""object"":""a626732275e5545ec08fb96d687d17a923466bb0"",""path_id"":""path/e21be6ce37b3e6a83314dfd3"",""object_type"":""blob""},{""scope"":""git-object"",""repository"":""path/c90572454d458f720ba700f1"",""object"":""a626732275e5545ec08fb96d687d17a923466bb0"",""path_id"":""path/52b688f3e4ccd4ca70e47be9"",""object_type"":""blob""},{""scope"":""original-file"",""path_id"":""path/ece0db3d123c6739392494e0""},{""scope"":""original-file"",""path_id"":""path/6352454b486a0e8c97448222""},{""scope"":""original-file"",""path_id"":""path/07026c8051d727da58554fba""},{""scope"":""original-file"",""path_id"":""path/0a3c2712b83f173d57b211cc""},{""scope"":""original-file"",""path_id"":""path/f54a5aa9c96f9e9c14ff32fb""},{""scope"":""original-file"",""path_id"":""path/541bfaf1038109ca748b4ed7""},{""scope"":""original-file"",""path_id"":""path/0dd6a8340b3ced024c9228f7""},{""scope"":""original-file"",""path_id"":""path/c0db11557414b0ff9db5a4b6""},{""scope"":""original-file"",""path_id"":""path/eb615ec4bc9aff82db2e2d2d""},{""scope"":""original-file"",""path_id"":""path/cfd2364855b8295ee11b0a79""},{""scope"":""original-file"",""path_id"":""path/fae98c233f4e24f462b33d14""},{""scope"":""original-file"",""path_id"":""path/52b688f3e4ccd4ca70e47be9""},{""scope"":""original-file"",""path_id"":""path/a807f752118fd0ee6d7d6e89""},{""scope"":""original-file"",""path_id"":""path/a06b382e1fa6a757bfaf52e1""}]",先离线确认资产及影响→另单审批→所有者执行凭据处置→依赖/源码治理→独立复验；本单不执行,另单核对秘密管理版本、授权审计与部署记录，并重新本地扫描；不使用发现的凭据认证,所有者离线确认生产凭据、生产运行路径、活跃外部服务或资金/核心权限影响时触发；当前待判定,FastLink安全负责人及对应资产责任角色,未收到所有者审核意见；未完成最终定性,未提供,阶段A输入包仅含既有执行端结构记录；未收到该ID的所有者确认记录,发现ID、资产/疑似环境、分类、非秘密依据、权限/影响、审核角色/时间、建议动作,责任角色认领并提交非秘密审核记录，安全负责人复核,交接后24小时内认领；2个工作日内反馈或说明阻塞及新期限，待责任人确认,High,1,疑似资金或连接/身份/服务权限影响,24小时内初审；均待责任角色承诺,False,最多调整审核顺序，不作为定性或降级依据,False
SEC2-202b6cb1710d4551,202b6cb1710d455189817a0072e251bd092285ef869bd788e67d01b33100b849,"[""archive-member"",""fastlik-backend"",""fastlink-recovery-archive"",""original-file"",""path/c90572454d458f720ba700f1""]",未知，待所有者确认,"[""后端与资金集成负责人"",""控制与归档资产负责人"",""新钱包技术负责人""]",仍无法确认,"[""complete-credential-url-unverified""]","[""c55a2c35f8f37081fd1b21688301f2cf60838a0f8a07ec2eef63a62f2962c639"",""0bcce4b6a8d7c1e57c4bc574804ae64ab399e40a2f53f9956a2e6b520c35505d"",""d171ef5bed874a941305d426983ed25d0a8d161772b8cae8b323f9e565453581"",""44147871d8633d361fa29130775dbee6b66143e2f3a1f5b6bac68ee38f43e445"",""2d84d17abe948ba00823f34189e2fb1eddeca8ec037f2edffcc34bf5883bb72b"",""184def9cff02e1a25239143c20088be885d4b6273cbe6aa9ce7054f5668d53b8"",""b304833749b69011be003e8189cffeaf1b9b38077a9c8ecef846837f700165bd"",""6b8ed6cf97a8dd0911058cef71aeefb9fbb1651514da3e92abc4368b43566ab2"",""81d81b27a0271ffc82d2d7455a29d8f25d456eaed7bdf544f1a4a18be29466e8"",""7d2dea6c0052fc00c07b6410f660a44aba18bf6912624b59e294bd08c96f4d01"",""9886eb21369c1b330587e9446d041131c1bbfd7e6a3cd018bce5c350884dcae9"",""3403e09db5e6c2c8243488a040ba59f942a0115b8a479d136850f490151f2f57"",""ee46bd0ac8de4ca938089b4e80c9282fcb8df9b646b428be67a5eda22060154a"",""539d9374c281596c76ebe854eea6502046bb3055f2af8809b0d5c421e7d3f28e"",""792821cb4c9154b2a831dafd8dd2983f4c49e01f4717e099bfb88d88e2dcc0c7"",""e3091854562495c99d6a195688ca78bbbcb90c4a3929019298a94bcba6f44579"",""48f5b0fffb1cd9df71ab4eb8035794e8194cd084cbe362c8d0cd488d4283771d"",""bae5304cdeed6840bfcf1c0135ead0449603fc4ccd1da4d72315b842a3b7db1c""]",沿用High候选；实际权限未确认,可能涉及连接身份及服务/数据库访问；实际环境、权限与有效性未确认,"[{""scope"":""archive-member"",""container_sha256"":""630377876111120043513f5652c31283ce98415b9be8495e81e96b72e8549b37"",""path_id"":""path/d75c6853effb628beb9bdfb6""},{""scope"":""archive-member"",""container_sha256"":""c55a2c35f8f37081fd1b21688301f2cf60838a0f8a07ec2eef63a62f2962c639"",""path_id"":""path/ff440f53fad52f4ab7984fda""},{""scope"":""git-object"",""repository"":""fastlik-backend"",""object"":""27dcdc341ba8fb876a9d8606ad8a509f5ceb5bf8"",""path_id"":""path/d2a52c2e1167652245b59174"",""object_type"":""blob""},{""scope"":""git-object"",""repository"":""fastlik-backend"",""object"":""3faf9f1446d4792fce2499ac88a5313f5807cf90"",""path_id"":""path/d2a52c2e1167652245b59174"",""object_type"":""blob""},{""scope"":""git-object"",""repository"":""fastlik-backend"",""object"":""df54ffc9cc38bfb851f375efca03c7ba0688d086"",""path_id"":""path/d2a52c2e1167652245b59174"",""object_type"":""blob""},{""scope"":""git-object"",""repository"":""fastlik-backend"",""object"":""a15847ac990cb1a41d4ee0a0c3f7043e472926f7"",""path_id"":""path/d2a52c2e1167652245b59174"",""object_type"":""blob""},{""scope"":""git-object"",""repository"":""fastlik-backend"",""object"":""724f8f5f7de11f6f9e7b2089cf6c33e191e80a09"",""path_id"":""path/d2a52c2e1167652245b59174"",""object_type"":""blob""},{""scope"":""git-object"",""repository"":""fastlik-backend"",""object"":""01e32c63bc7813d07ceb3c99daad6177633e9c3b"",""path_id"":""path/d2a52c2e1167652245b59174"",""object_type"":""blob""},{""scope"":""git-object"",""repository"":""fastlik-backend"",""object"":""d9d07061416191f2e5deb3496c4411418ac475f7"",""path_id"":""path/d2a52c2e1167652245b59174"",""object_type"":""blob""},{""scope"":""git-object"",""repository"":""fastlik-backend"",""object"":""5bbd6de14b563a2aa9661d42306ef0d16ecd54a9"",""path_id"":""path/d2a52c2e1167652245b59174"",""object_type"":""blob""},{""scope"":""git-object"",""repository"":""fastlik-backend"",""object"":""9e933188cbd71927c41cbb819f1a06870d49cf27"",""path_id"":""path/d2a52c2e1167652245b59174"",""object_type"":""blob""},{""scope"":""git-object"",""repository"":""fastlik-backend"",""object"":""df3fa5ae9353f0ae9c874a3f13dc982060cf04f8"",""path_id"":""path/d2a52c2e1167652245b59174"",""object_type"":""blob""},{""scope"":""git-object"",""repository"":""fastlik-backend"",""object"":""073ce8718421c3359ac27c5bf3e3a98a38ce537d"",""path_id"":""path/d2a52c2e1167652245b59174"",""object_type"":""blob""},{""scope"":""git-object"",""repository"":""fastlik-backend"",""object"":""bbe88b21eecb604241f511bd1cceb5422edf24b6"",""path_id"":""path/d2a52c2e1167652245b59174"",""object_type"":""blob""},{""scope"":""git-object"",""repository"":""fastlik-backend"",""object"":""e583c34388c11977727bbb47f24e6ce73d86ccea"",""path_id"":""path/d2a52c2e1167652245b59174"",""object_type"":""blob""},{""scope"":""git-object"",""repository"":""fastlik-backend"",""object"":""361c2d1bab1979a0ad6640a92fe564afd6a6ead4"",""path_id"":""path/d2a52c2e1167652245b59174"",""object_type"":""blob""},{""scope"":""git-object"",""repository"":""fastlik-backend"",""object"":""e8b5c4c275f6145ebc597f56bf6401f42a3eac68"",""path_id"":""path/d2a52c2e1167652245b59174"",""object_type"":""blob""},{""scope"":""git-object"",""repository"":""fastlik-backend"",""object"":""980f37c86c8e3f7282806ad5936503eb2a704ad8"",""path_id"":""path/d2a52c2e1167652245b59174"",""object_type"":""blob""},{""scope"":""git-object"",""repository"":""fastlik-backend"",""object"":""a626732275e5545ec08fb96d687d17a923466bb0"",""path_id"":""path/d2a52c2e1167652245b59174"",""object_type"":""blob""},{""scope"":""git-object"",""repository"":""fastlink-recovery-archive"",""object"":""a626732275e5545ec08fb96d687d17a923466bb0"",""path_id"":""path/e21be6ce37b3e6a83314dfd3"",""object_type"":""blob""},{""scope"":""git-object"",""repository"":""path/c90572454d458f720ba700f1"",""object"":""a626732275e5545ec08fb96d687d17a923466bb0"",""path_id"":""path/52b688f3e4ccd4ca70e47be9"",""object_type"":""blob""},{""scope"":""original-file"",""path_id"":""path/ece0db3d123c6739392494e0""},{""scope"":""original-file"",""path_id"":""path/6352454b486a0e8c97448222""},{""scope"":""original-file"",""path_id"":""path/07026c8051d727da58554fba""},{""scope"":""original-file"",""path_id"":""path/0a3c2712b83f173d57b211cc""},{""scope"":""original-file"",""path_id"":""path/f54a5aa9c96f9e9c14ff32fb""},{""scope"":""original-file"",""path_id"":""path/541bfaf1038109ca748b4ed7""},{""scope"":""original-file"",""path_id"":""path/0dd6a8340b3ced024c9228f7""},{""scope"":""original-file"",""path_id"":""path/c0db11557414b0ff9db5a4b6""},{""scope"":""original-file"",""path_id"":""path/eb615ec4bc9aff82db2e2d2d""},{""scope"":""original-file"",""path_id"":""path/cfd2364855b8295ee11b0a79""},{""scope"":""original-file"",""path_id"":""path/fae98c233f4e24f462b33d14""},{""scope"":""original-file"",""path_id"":""path/52b688f3e4ccd4ca70e47be9""},{""scope"":""original-file"",""path_id"":""path/a807f752118fd0ee6d7d6e89""},{""scope"":""original-file"",""path_id"":""path/a06b382e1fa6a757bfaf52e1""}]",先离线确认资产及影响→另单审批→所有者执行凭据处置→依赖/源码治理→独立复验；本单不执行,另单核对秘密管理版本、授权审计与部署记录，并重新本地扫描；不使用发现的凭据认证,所有者离线确认生产凭据、生产运行路径、活跃外部服务或资金/核心权限影响时触发；当前待判定,FastLink安全负责人及对应资产责任角色,未收到所有者审核意见；未完成最终定性,未提供,阶段A输入包仅含既有执行端结构记录；未收到该ID的所有者确认记录,发现ID、资产/疑似环境、分类、非秘密依据、权限/影响、审核角色/时间、建议动作,责任角色认领并提交非秘密审核记录，安全负责人复核,交接后24小时内认领；2个工作日内反馈或说明阻塞及新期限，待责任人确认,High,1,疑似资金或连接/身份/服务权限影响,24小时内初审；均待责任角色承诺,False,最多调整审核顺序，不作为定性或降级依据,False
SEC2-6f04ba450fbd2f79,6f04ba450fbd2f79b6c770149c916c23c060ce6a6e9262d60506a52714765775,"[""archive-member"",""fastlik-backend"",""fastlink-recovery-archive"",""original-file"",""path/c90572454d458f720ba700f1""]",未知，待所有者确认,"[""后端与资金集成负责人"",""控制与归档资产负责人"",""新钱包技术负责人""]",仍无法确认,"[""complete-credential-url-unverified""]","[""c55a2c35f8f37081fd1b21688301f2cf60838a0f8a07ec2eef63a62f2962c639"",""a3d94ee4dc95f2858e5eb45d2b3533457d76a20b43ad8f950b4e2cdef9fa7f98"",""22464fea53f57c1cedb054a5ae14961baed90ea0396aab64d4be6a21c5307eba""]",沿用High候选；实际权限未确认,可能涉及连接身份及服务/数据库访问；实际环境、权限与有效性未确认,"[{""scope"":""archive-member"",""container_sha256"":""630377876111120043513f5652c31283ce98415b9be8495e81e96b72e8549b37"",""path_id"":""path/d75c6853effb628beb9bdfb6""},{""scope"":""archive-member"",""container_sha256"":""c55a2c35f8f37081fd1b21688301f2cf60838a0f8a07ec2eef63a62f2962c639"",""path_id"":""path/4b1c7817733114e3e80d85d0""},{""scope"":""git-object"",""repository"":""fastlik-backend"",""object"":""8c9b7487ec53c699b6a4c56a4ef2c69ffbb7307a"",""path_id"":""path/dd24d4dd4be5891ee3d37621"",""object_type"":""blob""},{""scope"":""git-object"",""repository"":""fastlik-backend"",""object"":""6ede1997f7f29bbdae4c85f4b2200499f22da8d7"",""path_id"":""path/dd24d4dd4be5891ee3d37621"",""object_type"":""blob""},{""scope"":""git-object"",""repository"":""fastlink-recovery-archive"",""object"":""6ede1997f7f29bbdae4c85f4b2200499f22da8d7"",""path_id"":""path/37aac9d2405f5dcd1903f43f"",""object_type"":""blob""},{""scope"":""git-object"",""repository"":""path/c90572454d458f720ba700f1"",""object"":""6ede1997f7f29bbdae4c85f4b2200499f22da8d7"",""path_id"":""path/c4960cedf261bf732307d3af"",""object_type"":""blob""},{""scope"":""original-file"",""path_id"":""path/a872c4ab7958038de4d1e200""},{""scope"":""original-file"",""path_id"":""path/c5f631a22932927b1d5d0a88""},{""scope"":""original-file"",""path_id"":""path/3c5cc11ec5303ffae17d8557""},{""scope"":""original-file"",""path_id"":""path/0834ae9e6dc4284c8a622fd9""},{""scope"":""original-file"",""path_id"":""path/46a76ea2b83974bd1572c90a""},{""scope"":""original-file"",""path_id"":""path/e92191b3010db53972a8b65f""},{""scope"":""original-file"",""path_id"":""path/211f2e184e680473060e1ac5""},{""scope"":""original-file"",""path_id"":""path/76df12ccc99ce8671a18acca""},{""scope"":""original-file"",""path_id"":""path/db0108ea3c6a0d6b7b1fa881""},{""scope"":""original-file"",""path_id"":""path/029d81a5e5685f52d0915373""},{""scope"":""original-file"",""path_id"":""path/1666ac4d0c7e0edf02fa6bbd""},{""scope"":""original-file"",""path_id"":""path/c4960cedf261bf732307d3af""},{""scope"":""original-file"",""path_id"":""path/b47e4d88cd99581803b0b99d""},{""scope"":""original-file"",""path_id"":""path/ea0dfc49eece3ca890863bc5""}]",先离线确认资产及影响→另单审批→所有者执行凭据处置→依赖/源码治理→独立复验；本单不执行,另单核对秘密管理版本、授权审计与部署记录，并重新本地扫描；不使用发现的凭据认证,所有者离线确认生产凭据、生产运行路径、活跃外部服务或资金/核心权限影响时触发；当前待判定,FastLink安全负责人及对应资产责任角色,未收到所有者审核意见；未完成最终定性,未提供,阶段A输入包仅含既有执行端结构记录；未收到该ID的所有者确认记录,发现ID、资产/疑似环境、分类、非秘密依据、权限/影响、审核角色/时间、建议动作,责任角色认领并提交非秘密审核记录，安全负责人复核,交接后24小时内认领；2个工作日内反馈或说明阻塞及新期限，待责任人确认,High,1,疑似资金或连接/身份/服务权限影响,24小时内初审；均待责任角色承诺,False,最多调整审核顺序，不作为定性或降级依据,False
SEC2-293dc85dcb5aef85,293dc85dcb5aef8507ea795a6189f1a053e6ea79df02f9c84fef6a19854abebf,"[""archive-member"",""fastlik-backend"",""fastlink-recovery-archive"",""original-file"",""path/c90572454d458f720ba700f1""]",未知，待所有者确认,"[""后端与资金集成负责人"",""控制与归档资产负责人"",""新钱包技术负责人""]",仍无法确认,"[""complete-credential-url-unverified""]","[""c55a2c35f8f37081fd1b21688301f2cf60838a0f8a07ec2eef63a62f2962c639"",""a3d94ee4dc95f2858e5eb45d2b3533457d76a20b43ad8f950b4e2cdef9fa7f98"",""22464fea53f57c1cedb054a5ae14961baed90ea0396aab64d4be6a21c5307eba""]",沿用High候选；实际权限未确认,可能涉及连接身份及服务/数据库访问；实际环境、权限与有效性未确认,"[{""scope"":""archive-member"",""container_sha256"":""630377876111120043513f5652c31283ce98415b9be8495e81e96b72e8549b37"",""path_id"":""path/d75c6853effb628beb9bdfb6""},{""scope"":""archive-member"",""container_sha256"":""c55a2c35f8f37081fd1b21688301f2cf60838a0f8a07ec2eef63a62f2962c639"",""path_id"":""path/4b1c7817733114e3e80d85d0""},{""scope"":""git-object"",""repository"":""fastlik-backend"",""object"":""8c9b7487ec53c699b6a4c56a4ef2c69ffbb7307a"",""path_id"":""path/dd24d4dd4be5891ee3d37621"",""object_type"":""blob""},{""scope"":""git-object"",""repository"":""fastlik-backend"",""object"":""6ede1997f7f29bbdae4c85f4b2200499f22da8d7"",""path_id"":""path/dd24d4dd4be5891ee3d37621"",""object_type"":""blob""},{""scope"":""git-object"",""repository"":""fastlink-recovery-archive"",""object"":""6ede1997f7f29bbdae4c85f4b2200499f22da8d7"",""path_id"":""path/37aac9d2405f5dcd1903f43f"",""object_type"":""blob""},{""scope"":""git-object"",""repository"":""path/c90572454d458f720ba700f1"",""object"":""6ede1997f7f29bbdae4c85f4b2200499f22da8d7"",""path_id"":""path/c4960cedf261bf732307d3af"",""object_type"":""blob""},{""scope"":""original-file"",""path_id"":""path/a872c4ab7958038de4d1e200""},{""scope"":""original-file"",""path_id"":""path/c5f631a22932927b1d5d0a88""},{""scope"":""original-file"",""path_id"":""path/3c5cc11ec5303ffae17d8557""},{""scope"":""original-file"",""path_id"":""path/0834ae9e6dc4284c8a622fd9""},{""scope"":""original-file"",""path_id"":""path/46a76ea2b83974bd1572c90a""},{""scope"":""original-file"",""path_id"":""path/e92191b3010db53972a8b65f""},{""scope"":""original-file"",""path_id"":""path/211f2e184e680473060e1ac5""},{""scope"":""original-file"",""path_id"":""path/76df12ccc99ce8671a18acca""},{""scope"":""original-file"",""path_id"":""path/db0108ea3c6a0d6b7b1fa881""},{""scope"":""original-file"",""path_id"":""path/029d81a5e5685f52d0915373""},{""scope"":""original-file"",""path_id"":""path/1666ac4d0c7e0edf02fa6bbd""},{""scope"":""original-file"",""path_id"":""path/c4960cedf261bf732307d3af""},{""scope"":""original-file"",""path_id"":""path/b47e4d88cd99581803b0b99d""},{""scope"":""original-file"",""path_id"":""path/ea0dfc49eece3ca890863bc5""}]",先离线确认资产及影响→另单审批→所有者执行凭据处置→依赖/源码治理→独立复验；本单不执行,另单核对秘密管理版本、授权审计与部署记录，并重新本地扫描；不使用发现的凭据认证,所有者离线确认生产凭据、生产运行路径、活跃外部服务或资金/核心权限影响时触发；当前待判定,FastLink安全负责人及对应资产责任角色,未收到所有者审核意见；未完成最终定性,未提供,阶段A输入包仅含既有执行端结构记录；未收到该ID的所有者确认记录,发现ID、资产/疑似环境、分类、非秘密依据、权限/影响、审核角色/时间、建议动作,责任角色认领并提交非秘密审核记录，安全负责人复核,交接后24小时内认领；2个工作日内反馈或说明阻塞及新期限，待责任人确认,High,1,疑似资金或连接/身份/服务权限影响,24小时内初审；均待责任角色承诺,False,最多调整审核顺序，不作为定性或降级依据,False
SEC2-b6f30e4d05c51d3e,b6f30e4d05c51d3eaba766c674086ad4377b64a9fd636b60ecedc3ad1a665368,"[""archive-member"",""fastlik-backend"",""fastlink-recovery-archive"",""original-file"",""path/c90572454d458f720ba700f1""]",未知，待所有者确认,"[""后端与资金集成负责人"",""控制与归档资产负责人"",""新钱包技术负责人""]",仍无法确认,"[""high-entropy-secret-field-literal-unverified""]","[""c55a2c35f8f37081fd1b21688301f2cf60838a0f8a07ec2eef63a62f2962c639"",""95347062092b32b849a725b4e897eb99c3beadf6057e4befb0911c0adb50e7c2""]",沿用High候选；实际权限未确认,可能涉及认证、签名或应用共享秘密；实际环境、权限与有效性未确认,"[{""scope"":""archive-member"",""container_sha256"":""630377876111120043513f5652c31283ce98415b9be8495e81e96b72e8549b37"",""path_id"":""path/d75c6853effb628beb9bdfb6""},{""scope"":""archive-member"",""container_sha256"":""c55a2c35f8f37081fd1b21688301f2cf60838a0f8a07ec2eef63a62f2962c639"",""path_id"":""path/c2d93317ba34f7076ba09aae""},{""scope"":""git-object"",""repository"":""fastlik-backend"",""object"":""d14ee942bb3438068db88857dd441e57f4e1d11a"",""path_id"":""path/73bd283ae594394e46f1f2de"",""object_type"":""blob""},{""scope"":""git-object"",""repository"":""fastlink-recovery-archive"",""object"":""d14ee942bb3438068db88857dd441e57f4e1d11a"",""path_id"":""path/9ceea1615872ad9674b6c236"",""object_type"":""blob""},{""scope"":""git-object"",""repository"":""path/c90572454d458f720ba700f1"",""object"":""d14ee942bb3438068db88857dd441e57f4e1d11a"",""path_id"":""path/9e0efa8032833c7c16fbc10e"",""object_type"":""blob""},{""scope"":""original-file"",""path_id"":""path/4ea87da0028693a7c339069a""},{""scope"":""original-file"",""path_id"":""path/53cea2ac6af20a55c09a4b7e""},{""scope"":""original-file"",""path_id"":""path/2220b8049493dca9206f0bf9""},{""scope"":""original-file"",""path_id"":""path/c881e04aff22775fa533acf0""},{""scope"":""original-file"",""path_id"":""path/89bf66b941ff5da7fc5640c3""},{""scope"":""original-file"",""path_id"":""path/0a3984f21efd3c53ad5f2263""},{""scope"":""original-file"",""path_id"":""path/c1712e6a725966654f9240da""},{""scope"":""original-file"",""path_id"":""path/af9d679ada1dda06e9ffba78""},{""scope"":""original-file"",""path_id"":""path/c685124c5f9a67ab4eaa7b91""},{""scope"":""original-file"",""path_id"":""path/592a3f58f5b4cc991bd1336d""},{""scope"":""original-file"",""path_id"":""path/fc5265ba19569feaecc94143""},{""scope"":""original-file"",""path_id"":""path/9e0efa8032833c7c16fbc10e""},{""scope"":""original-file"",""path_id"":""path/139f9ee17f8f1620a11a4926""},{""scope"":""original-file"",""path_id"":""path/7d165e1defde2ffe87998a57""}]",先离线确认资产及影响→另单审批→所有者执行凭据处置→依赖/源码治理→独立复验；本单不执行,另单核对秘密管理版本、授权审计与部署记录，并重新本地扫描；不使用发现的凭据认证,所有者离线确认生产凭据、生产运行路径、活跃外部服务或资金/核心权限影响时触发；当前待判定,FastLink安全负责人及对应资产责任角色,未收到所有者审核意见；未完成最终定性,未提供,阶段A输入包仅含既有执行端结构记录；未收到该ID的所有者确认记录,发现ID、资产/疑似环境、分类、非秘密依据、权限/影响、审核角色/时间、建议动作,责任角色认领并提交非秘密审核记录，安全负责人复核,交接后24小时内认领；2个工作日内反馈或说明阻塞及新期限，待责任人确认,High,1,疑似资金或连接/身份/服务权限影响,24小时内初审；均待责任角色承诺,False,最多调整审核顺序，不作为定性或降级依据,False
SEC2-650a83d4a883a88b,650a83d4a883a88b0eb236eeb23d41397b5509d0d065995a9967135a24340959,"[""archive-member"",""fastlik-backend"",""fastlink-recovery-archive"",""original-file"",""path/c90572454d458f720ba700f1""]",未知，待所有者确认,"[""后端与资金集成负责人"",""控制与归档资产负责人"",""新钱包技术负责人""]",仍无法确认,"[""high-entropy-secret-field-literal-unverified""]","[""c55a2c35f8f37081fd1b21688301f2cf60838a0f8a07ec2eef63a62f2962c639"",""4f13a2bd62a6f18883457906c03a748a11f9c93111921dfca4ffaab17b5383fd"",""7c71ff5cdac76ecaebac49d90b1a68a531ee62321541cdc13e00697a47a34a05"",""8ac6f7ae8ef6a4a633b2f81d7c2a4419fd612f00e734f6db64d1ca584db490ab"",""f114ab347104ca9ad811a105bc4574160ef250dfc940d3fa7cec5e0fd7eae39a""]",沿用High候选；实际权限未确认,可能涉及认证、签名或应用共享秘密；实际环境、权限与有效性未确认,"[{""scope"":""archive-member"",""container_sha256"":""630377876111120043513f5652c31283ce98415b9be8495e81e96b72e8549b37"",""path_id"":""path/d75c6853effb628beb9bdfb6""},{""scope"":""archive-member"",""container_sha256"":""c55a2c35f8f37081fd1b21688301f2cf60838a0f8a07ec2eef63a62f2962c639"",""path_id"":""path/16d7937321fa91cd7d8cd709""},{""scope"":""git-object"",""repository"":""fastlik-backend"",""object"":""5aba5a7806ce1c3fe9d8565cbee10697583f5d96"",""path_id"":""path/e05d5be55e88c621486f9f7b"",""object_type"":""blob""},{""scope"":""git-object"",""repository"":""fastlik-backend"",""object"":""750dd39a899baf82aaa379ca8a72d338ff3e07d8"",""path_id"":""path/e05d5be55e88c621486f9f7b"",""object_type"":""blob""},{""scope"":""original-file"",""path_id"":""path/481b5da1c5ef88298498eb9c""},{""scope"":""git-object"",""repository"":""fastlik-backend"",""object"":""84368dc5f753be71867724b438228997fcdd0fe6"",""path_id"":""path/e05d5be55e88c621486f9f7b"",""object_type"":""blob""},{""scope"":""git-object"",""repository"":""fastlink-recovery-archive"",""object"":""84368dc5f753be71867724b438228997fcdd0fe6"",""path_id"":""path/ae3fdeadf191178627ad48af"",""object_type"":""blob""},{""scope"":""git-object"",""repository"":""path/c90572454d458f720ba700f1"",""object"":""84368dc5f753be71867724b438228997fcdd0fe6"",""path_id"":""path/ec445a2f0aaaa7f444454b5d"",""object_type"":""blob""},{""scope"":""original-file"",""path_id"":""path/6d4862e444d4f905e057340f""},{""scope"":""original-file"",""path_id"":""path/ba4833864286f663344dd256""},{""scope"":""original-file"",""path_id"":""path/466acc802ca978635654dca7""},{""scope"":""original-file"",""path_id"":""path/8424d3ea99b7e91548b1ade7""},{""scope"":""original-file"",""path_id"":""path/67d736291e9a8cd5242d6bc6""},{""scope"":""original-file"",""path_id"":""path/aa76d93d0bb98d7787cd51f1""},{""scope"":""original-file"",""path_id"":""path/46b385252ae607868e242fe4""},{""scope"":""original-file"",""path_id"":""path/f00d1ffb0ac22c2e52154768""},{""scope"":""original-file"",""path_id"":""path/5e5e2e46292f4daec64017cd""},{""scope"":""original-file"",""path_id"":""path/3ee08f116326796a26262916""},{""scope"":""original-file"",""path_id"":""path/d6ac8a98eaca0a99091f642c""},{""scope"":""original-file"",""path_id"":""path/f8f6b250849f97163838a7af""},{""scope"":""original-file"",""path_id"":""path/7f6d42932ad6106491ef00fa""},{""scope"":""original-file"",""path_id"":""path/c0a0a5502c078b69f6239ed9""},{""scope"":""original-file"",""path_id"":""path/ec445a2f0aaaa7f444454b5d""},{""scope"":""original-file"",""path_id"":""path/6c64b65570560e3584612347""},{""scope"":""original-file"",""path_id"":""path/847146de5324534556ba67ac""},{""scope"":""original-file"",""path_id"":""path/3abaf0fc650ec29c0f8a4191""},{""scope"":""original-file"",""path_id"":""path/c9bc4b5c0628c35e0e4db7ee""},{""scope"":""original-file"",""path_id"":""path/a3eb14dd3ec493ec5dd69bc4""},{""scope"":""original-file"",""path_id"":""path/142e9ec621f7ac62a527bfef""}]",先离线确认资产及影响→另单审批→所有者执行凭据处置→依赖/源码治理→独立复验；本单不执行,另单核对秘密管理版本、授权审计与部署记录，并重新本地扫描；不使用发现的凭据认证,所有者离线确认生产凭据、生产运行路径、活跃外部服务或资金/核心权限影响时触发；当前待判定,FastLink安全负责人及对应资产责任角色,未收到所有者审核意见；未完成最终定性,未提供,阶段A输入包仅含既有执行端结构记录；未收到该ID的所有者确认记录,发现ID、资产/疑似环境、分类、非秘密依据、权限/影响、审核角色/时间、建议动作,责任角色认领并提交非秘密审核记录，安全负责人复核,交接后24小时内认领；2个工作日内反馈或说明阻塞及新期限，待责任人确认,High,1,疑似资金或连接/身份/服务权限影响,24小时内初审；均待责任角色承诺,False,最多调整审核顺序，不作为定性或降级依据,False
SEC2-0cdbbb30aaceebac,0cdbbb30aaceebaca5584036a1cdf76b2cbc8c576956e151b009f190a9aef945,"[""archive-member"",""fastlik-backend"",""fastlink-recovery-archive"",""original-file"",""path/c90572454d458f720ba700f1""]",未知，待所有者确认,"[""后端与资金集成负责人"",""控制与归档资产负责人"",""新钱包技术负责人""]",仍无法确认,"[""complete-credential-url-unverified""]","[""c55a2c35f8f37081fd1b21688301f2cf60838a0f8a07ec2eef63a62f2962c639"",""50ff2ed5f1469870a63960b93905abc40dbac54b92c0ae7a24607b7d7300dac0"",""1395595a95965b53c44259edaa993750300183a724d3cb0fa621f9f7d4a3354c"",""956b5b27c97459de6362de1093afd9a657dd4e993b3edcf11544e4035639d2bd"",""02e560f0c23c6d78d21f9e8dd447dfe6bf5923301d837eeccfd2cac7eecceb34"",""a6455f2c8fe105e0ae0398dd331e2086d133c7f4633568659947f3ecd62a7f69""]",沿用High候选；实际权限未确认,可能涉及连接身份及服务/数据库访问；实际环境、权限与有效性未确认,"[{""scope"":""archive-member"",""container_sha256"":""630377876111120043513f5652c31283ce98415b9be8495e81e96b72e8549b37"",""path_id"":""path/d75c6853effb628beb9bdfb6""},{""scope"":""archive-member"",""container_sha256"":""c55a2c35f8f37081fd1b21688301f2cf60838a0f8a07ec2eef63a62f2962c639"",""path_id"":""path/ce005d02c80dbe7d9ef2ae3b""},{""scope"":""git-object"",""repository"":""fastlik-backend"",""object"":""77e1512b11114685c28201efbf0248691ab43e56"",""path_id"":""path/dfd1e55e6b1e8e4a89f144fa"",""object_type"":""blob""},{""scope"":""git-object"",""repository"":""fastlik-backend"",""object"":""b10c276da976297cd03853607d46683cb6c3aa59"",""path_id"":""path/dfd1e55e6b1e8e4a89f144fa"",""object_type"":""blob""},{""scope"":""git-object"",""repository"":""fastlik-backend"",""object"":""481d81c68c73e8937a81087b6c27bcbb11a423c6"",""path_id"":""path/dfd1e55e6b1e8e4a89f144fa"",""object_type"":""blob""},{""scope"":""original-file"",""path_id"":""path/47af223872874f63a458542a""},{""scope"":""git-object"",""repository"":""fastlik-backend"",""object"":""cb5310e61afb133e0c5ab28fff75e576bb32993f"",""path_id"":""path/dfd1e55e6b1e8e4a89f144fa"",""object_type"":""blob""},{""scope"":""git-object"",""repository"":""fastlink-recovery-archive"",""object"":""cb5310e61afb133e0c5ab28fff75e576bb32993f"",""path_id"":""path/b0786fb0a0bab1d162880d51"",""object_type"":""blob""},{""scope"":""git-object"",""repository"":""path/c90572454d458f720ba700f1"",""object"":""cb5310e61afb133e0c5ab28fff75e576bb32993f"",""path_id"":""path/0af111563c6b5790d3cd0725"",""object_type"":""blob""},{""scope"":""original-file"",""path_id"":""path/037fae7865621f1e5a01ed28""},{""scope"":""original-file"",""path_id"":""path/7106c21aaf5261317bca4d9f""},{""scope"":""original-file"",""path_id"":""path/6dd73ace1284569a07adba68""},{""scope"":""original-file"",""path_id"":""path/4709c253a819ee4e3a3fef6a""},{""scope"":""original-file"",""path_id"":""path/60de284cd2989e03cd77c9cb""},{""scope"":""original-file"",""path_id"":""path/2dec9fc8383bc94f1e9b4744""},{""scope"":""original-file"",""path_id"":""path/8aafb11e54b2511449ad7289""},{""scope"":""original-file"",""path_id"":""path/38fc2dec746f76938c886f76""},{""scope"":""original-file"",""path_id"":""path/5ea098d528c4de07d5d0e38a""},{""scope"":""original-file"",""path_id"":""path/9b1f4717798efff216f5e688""},{""scope"":""original-file"",""path_id"":""path/3294c280e8196d3820841d5a""},{""scope"":""original-file"",""path_id"":""path/93eadbf69596776f7340cca5""},{""scope"":""original-file"",""path_id"":""path/d2fbf81a4b6a1c7210ef1521""},{""scope"":""original-file"",""path_id"":""path/a0e4dab6cb0f9bd594ed135d""},{""scope"":""original-file"",""path_id"":""path/0af111563c6b5790d3cd0725""},{""scope"":""original-file"",""path_id"":""path/f8aa0c3772b031a90d2b2429""},{""scope"":""original-file"",""path_id"":""path/d1ed2ad4af5b97bad53b2499""},{""scope"":""original-file"",""path_id"":""path/2d5125ffe2ac41afc3d4b97c""},{""scope"":""original-file"",""path_id"":""path/a666f6337239f5f79e681506""},{""scope"":""original-file"",""path_id"":""path/f6f777ba10371df3738f05c8""},{""scope"":""original-file"",""path_id"":""path/7e4e48a1698aca6345becdee""}]",先离线确认资产及影响→另单审批→所有者执行凭据处置→依赖/源码治理→独立复验；本单不执行,另单核对秘密管理版本、授权审计与部署记录，并重新本地扫描；不使用发现的凭据认证,所有者离线确认生产凭据、生产运行路径、活跃外部服务或资金/核心权限影响时触发；当前待判定,FastLink安全负责人及对应资产责任角色,未收到所有者审核意见；未完成最终定性,未提供,阶段A输入包仅含既有执行端结构记录；未收到该ID的所有者确认记录,发现ID、资产/疑似环境、分类、非秘密依据、权限/影响、审核角色/时间、建议动作,责任角色认领并提交非秘密审核记录，安全负责人复核,交接后24小时内认领；2个工作日内反馈或说明阻塞及新期限，待责任人确认,High,1,疑似资金或连接/身份/服务权限影响,24小时内初审；均待责任角色承诺,False,最多调整审核顺序，不作为定性或降级依据,False
SEC2-37ae87f0706d4184,37ae87f0706d41847d70b7bff07a7280b6eabf40ad6354b6662fb547ad052ebb,"[""archive-member"",""fastlik-backend"",""fastlink-recovery-archive"",""original-file"",""path/c90572454d458f720ba700f1""]",未知，待所有者确认,"[""后端与资金集成负责人"",""控制与归档资产负责人"",""新钱包技术负责人""]",仍无法确认,"[""complete-credential-url-unverified""]","[""c55a2c35f8f37081fd1b21688301f2cf60838a0f8a07ec2eef63a62f2962c639"",""50ff2ed5f1469870a63960b93905abc40dbac54b92c0ae7a24607b7d7300dac0"",""1395595a95965b53c44259edaa993750300183a724d3cb0fa621f9f7d4a3354c"",""956b5b27c97459de6362de1093afd9a657dd4e993b3edcf11544e4035639d2bd"",""02e560f0c23c6d78d21f9e8dd447dfe6bf5923301d837eeccfd2cac7eecceb34"",""a6455f2c8fe105e0ae0398dd331e2086d133c7f4633568659947f3ecd62a7f69""]",沿用High候选；实际权限未确认,可能涉及连接身份及服务/数据库访问；实际环境、权限与有效性未确认,"[{""scope"":""archive-member"",""container_sha256"":""630377876111120043513f5652c31283ce98415b9be8495e81e96b72e8549b37"",""path_id"":""path/d75c6853effb628beb9bdfb6""},{""scope"":""archive-member"",""container_sha256"":""c55a2c35f8f37081fd1b21688301f2cf60838a0f8a07ec2eef63a62f2962c639"",""path_id"":""path/ce005d02c80dbe7d9ef2ae3b""},{""scope"":""git-object"",""repository"":""fastlik-backend"",""object"":""77e1512b11114685c28201efbf0248691ab43e56"",""path_id"":""path/dfd1e55e6b1e8e4a89f144fa"",""object_type"":""blob""},{""scope"":""git-object"",""repository"":""fastlik-backend"",""object"":""b10c276da976297cd03853607d46683cb6c3aa59"",""path_id"":""path/dfd1e55e6b1e8e4a89f144fa"",""object_type"":""blob""},{""scope"":""git-object"",""repository"":""fastlik-backend"",""object"":""481d81c68c73e8937a81087b6c27bcbb11a423c6"",""path_id"":""path/dfd1e55e6b1e8e4a89f144fa"",""object_type"":""blob""},{""scope"":""original-file"",""path_id"":""path/47af223872874f63a458542a""},{""scope"":""git-object"",""repository"":""fastlik-backend"",""object"":""cb5310e61afb133e0c5ab28fff75e576bb32993f"",""path_id"":""path/dfd1e55e6b1e8e4a89f144fa"",""object_type"":""blob""},{""scope"":""git-object"",""repository"":""fastlink-recovery-archive"",""object"":""cb5310e61afb133e0c5ab28fff75e576bb32993f"",""path_id"":""path/b0786fb0a0bab1d162880d51"",""object_type"":""blob""},{""scope"":""git-object"",""repository"":""path/c90572454d458f720ba700f1"",""object"":""cb5310e61afb133e0c5ab28fff75e576bb32993f"",""path_id"":""path/0af111563c6b5790d3cd0725"",""object_type"":""blob""},{""scope"":""original-file"",""path_id"":""path/037fae7865621f1e5a01ed28""},{""scope"":""original-file"",""path_id"":""path/7106c21aaf5261317bca4d9f""},{""scope"":""original-file"",""path_id"":""path/6dd73ace1284569a07adba68""},{""scope"":""original-file"",""path_id"":""path/4709c253a819ee4e3a3fef6a""},{""scope"":""original-file"",""path_id"":""path/60de284cd2989e03cd77c9cb""},{""scope"":""original-file"",""path_id"":""path/2dec9fc8383bc94f1e9b4744""},{""scope"":""original-file"",""path_id"":""path/8aafb11e54b2511449ad7289""},{""scope"":""original-file"",""path_id"":""path/38fc2dec746f76938c886f76""},{""scope"":""original-file"",""path_id"":""path/5ea098d528c4de07d5d0e38a""},{""scope"":""original-file"",""path_id"":""path/9b1f4717798efff216f5e688""},{""scope"":""original-file"",""path_id"":""path/3294c280e8196d3820841d5a""},{""scope"":""original-file"",""path_id"":""path/93eadbf69596776f7340cca5""},{""scope"":""original-file"",""path_id"":""path/d2fbf81a4b6a1c7210ef1521""},{""scope"":""original-file"",""path_id"":""path/a0e4dab6cb0f9bd594ed135d""},{""scope"":""original-file"",""path_id"":""path/0af111563c6b5790d3cd0725""},{""scope"":""original-file"",""path_id"":""path/f8aa0c3772b031a90d2b2429""},{""scope"":""original-file"",""path_id"":""path/d1ed2ad4af5b97bad53b2499""},{""scope"":""original-file"",""path_id"":""path/2d5125ffe2ac41afc3d4b97c""},{""scope"":""original-file"",""path_id"":""path/a666f6337239f5f79e681506""},{""scope"":""original-file"",""path_id"":""path/f6f777ba10371df3738f05c8""},{""scope"":""original-file"",""path_id"":""path/7e4e48a1698aca6345becdee""}]",先离线确认资产及影响→另单审批→所有者执行凭据处置→依赖/源码治理→独立复验；本单不执行,另单核对秘密管理版本、授权审计与部署记录，并重新本地扫描；不使用发现的凭据认证,所有者离线确认生产凭据、生产运行路径、活跃外部服务或资金/核心权限影响时触发；当前待判定,FastLink安全负责人及对应资产责任角色,未收到所有者审核意见；未完成最终定性,未提供,阶段A输入包仅含既有执行端结构记录；未收到该ID的所有者确认记录,发现ID、资产/疑似环境、分类、非秘密依据、权限/影响、审核角色/时间、建议动作,责任角色认领并提交非秘密审核记录，安全负责人复核,交接后24小时内认领；2个工作日内反馈或说明阻塞及新期限，待责任人确认,High,1,疑似资金或连接/身份/服务权限影响,24小时内初审；均待责任角色承诺,False,最多调整审核顺序，不作为定性或降级依据,False
SEC2-cc565a7dc17c0523,cc565a7dc17c0523632098cfb1ed32e116be773d941a5ac9658d624737d2bc72,"[""archive-member"",""fastlik-backend"",""fastlink-recovery-archive"",""original-file"",""path/c90572454d458f720ba700f1""]",未知，待所有者确认,"[""后端与资金集成负责人"",""控制与归档资产负责人"",""新钱包技术负责人""]",仍无法确认,"[""complete-credential-url-unverified""]","[""c55a2c35f8f37081fd1b21688301f2cf60838a0f8a07ec2eef63a62f2962c639"",""50ff2ed5f1469870a63960b93905abc40dbac54b92c0ae7a24607b7d7300dac0"",""a6455f2c8fe105e0ae0398dd331e2086d133c7f4633568659947f3ecd62a7f69""]",沿用High候选；实际权限未确认,可能涉及连接身份及服务/数据库访问；实际环境、权限与有效性未确认,"[{""scope"":""archive-member"",""container_sha256"":""630377876111120043513f5652c31283ce98415b9be8495e81e96b72e8549b37"",""path_id"":""path/d75c6853effb628beb9bdfb6""},{""scope"":""archive-member"",""container_sha256"":""c55a2c35f8f37081fd1b21688301f2cf60838a0f8a07ec2eef63a62f2962c639"",""path_id"":""path/ce005d02c80dbe7d9ef2ae3b""},{""scope"":""original-file"",""path_id"":""path/47af223872874f63a458542a""},{""scope"":""git-object"",""repository"":""fastlik-backend"",""object"":""cb5310e61afb133e0c5ab28fff75e576bb32993f"",""path_id"":""path/dfd1e55e6b1e8e4a89f144fa"",""object_type"":""blob""},{""scope"":""git-object"",""repository"":""fastlink-recovery-archive"",""object"":""cb5310e61afb133e0c5ab28fff75e576bb32993f"",""path_id"":""path/b0786fb0a0bab1d162880d51"",""object_type"":""blob""},{""scope"":""git-object"",""repository"":""path/c90572454d458f720ba700f1"",""object"":""cb5310e61afb133e0c5ab28fff75e576bb32993f"",""path_id"":""path/0af111563c6b5790d3cd0725"",""object_type"":""blob""},{""scope"":""original-file"",""path_id"":""path/037fae7865621f1e5a01ed28""},{""scope"":""original-file"",""path_id"":""path/7106c21aaf5261317bca4d9f""},{""scope"":""original-file"",""path_id"":""path/6dd73ace1284569a07adba68""},{""scope"":""original-file"",""path_id"":""path/4709c253a819ee4e3a3fef6a""},{""scope"":""original-file"",""path_id"":""path/60de284cd2989e03cd77c9cb""},{""scope"":""original-file"",""path_id"":""path/2dec9fc8383bc94f1e9b4744""},{""scope"":""original-file"",""path_id"":""path/8aafb11e54b2511449ad7289""},{""scope"":""original-file"",""path_id"":""path/38fc2dec746f76938c886f76""},{""scope"":""original-file"",""path_id"":""path/5ea098d528c4de07d5d0e38a""},{""scope"":""original-file"",""path_id"":""path/9b1f4717798efff216f5e688""},{""scope"":""original-file"",""path_id"":""path/3294c280e8196d3820841d5a""},{""scope"":""original-file"",""path_id"":""path/93eadbf69596776f7340cca5""},{""scope"":""original-file"",""path_id"":""path/d2fbf81a4b6a1c7210ef1521""},{""scope"":""original-file"",""path_id"":""path/a0e4dab6cb0f9bd594ed135d""},{""scope"":""original-file"",""path_id"":""path/0af111563c6b5790d3cd0725""},{""scope"":""original-file"",""path_id"":""path/f8aa0c3772b031a90d2b2429""},{""scope"":""original-file"",""path_id"":""path/d1ed2ad4af5b97bad53b2499""},{""scope"":""original-file"",""path_id"":""path/2d5125ffe2ac41afc3d4b97c""},{""scope"":""original-file"",""path_id"":""path/a666f6337239f5f79e681506""},{""scope"":""original-file"",""path_id"":""path/f6f777ba10371df3738f05c8""},{""scope"":""original-file"",""path_id"":""path/7e4e48a1698aca6345becdee""}]",先离线确认资产及影响→另单审批→所有者执行凭据处置→依赖/源码治理→独立复验；本单不执行,另单核对秘密管理版本、授权审计与部署记录，并重新本地扫描；不使用发现的凭据认证,所有者离线确认生产凭据、生产运行路径、活跃外部服务或资金/核心权限影响时触发；当前待判定,FastLink安全负责人及对应资产责任角色,未收到所有者审核意见；未完成最终定性,未提供,阶段A输入包仅含既有执行端结构记录；未收到该ID的所有者确认记录,发现ID、资产/疑似环境、分类、非秘密依据、权限/影响、审核角色/时间、建议动作,责任角色认领并提交非秘密审核记录，安全负责人复核,交接后24小时内认领；2个工作日内反馈或说明阻塞及新期限，待责任人确认,High,1,疑似资金或连接/身份/服务权限影响,24小时内初审；均待责任角色承诺,False,最多调整审核顺序，不作为定性或降级依据,False
SEC2-872d162c4864f741,872d162c4864f7418cd3edb2ea950b2b38dae110469b0257619cb45bbc900e0d,"[""archive-member"",""fastlik-backend"",""fastlink-recovery-archive"",""original-file"",""path/c90572454d458f720ba700f1""]",未知，待所有者确认,"[""后端与资金集成负责人"",""控制与归档资产负责人"",""新钱包技术负责人""]",仍无法确认,"[""complete-credential-url-unverified""]","[""c55a2c35f8f37081fd1b21688301f2cf60838a0f8a07ec2eef63a62f2962c639"",""50ff2ed5f1469870a63960b93905abc40dbac54b92c0ae7a24607b7d7300dac0"",""a6455f2c8fe105e0ae0398dd331e2086d133c7f4633568659947f3ecd62a7f69""]",沿用High候选；实际权限未确认,可能涉及连接身份及服务/数据库访问；实际环境、权限与有效性未确认,"[{""scope"":""archive-member"",""container_sha256"":""630377876111120043513f5652c31283ce98415b9be8495e81e96b72e8549b37"",""path_id"":""path/d75c6853effb628beb9bdfb6""},{""scope"":""archive-member"",""container_sha256"":""c55a2c35f8f37081fd1b21688301f2cf60838a0f8a07ec2eef63a62f2962c639"",""path_id"":""path/ce005d02c80dbe7d9ef2ae3b""},{""scope"":""original-file"",""path_id"":""path/47af223872874f63a458542a""},{""scope"":""git-object"",""repository"":""fastlik-backend"",""object"":""cb5310e61afb133e0c5ab28fff75e576bb32993f"",""path_id"":""path/dfd1e55e6b1e8e4a89f144fa"",""object_type"":""blob""},{""scope"":""git-object"",""repository"":""fastlink-recovery-archive"",""object"":""cb5310e61afb133e0c5ab28fff75e576bb32993f"",""path_id"":""path/b0786fb0a0bab1d162880d51"",""object_type"":""blob""},{""scope"":""git-object"",""repository"":""path/c90572454d458f720ba700f1"",""object"":""cb5310e61afb133e0c5ab28fff75e576bb32993f"",""path_id"":""path/0af111563c6b5790d3cd0725"",""object_type"":""blob""},{""scope"":""original-file"",""path_id"":""path/037fae7865621f1e5a01ed28""},{""scope"":""original-file"",""path_id"":""path/7106c21aaf5261317bca4d9f""},{""scope"":""original-file"",""path_id"":""path/6dd73ace1284569a07adba68""},{""scope"":""original-file"",""path_id"":""path/4709c253a819ee4e3a3fef6a""},{""scope"":""original-file"",""path_id"":""path/60de284cd2989e03cd77c9cb""},{""scope"":""original-file"",""path_id"":""path/2dec9fc8383bc94f1e9b4744""},{""scope"":""original-file"",""path_id"":""path/8aafb11e54b2511449ad7289""},{""scope"":""original-file"",""path_id"":""path/38fc2dec746f76938c886f76""},{""scope"":""original-file"",""path_id"":""path/5ea098d528c4de07d5d0e38a""},{""scope"":""original-file"",""path_id"":""path/9b1f4717798efff216f5e688""},{""scope"":""original-file"",""path_id"":""path/3294c280e8196d3820841d5a""},{""scope"":""original-file"",""path_id"":""path/93eadbf69596776f7340cca5""},{""scope"":""original-file"",""path_id"":""path/d2fbf81a4b6a1c7210ef1521""},{""scope"":""original-file"",""path_id"":""path/a0e4dab6cb0f9bd594ed135d""},{""scope"":""original-file"",""path_id"":""path/0af111563c6b5790d3cd0725""},{""scope"":""original-file"",""path_id"":""path/f8aa0c3772b031a90d2b2429""},{""scope"":""original-file"",""path_id"":""path/d1ed2ad4af5b97bad53b2499""},{""scope"":""original-file"",""path_id"":""path/2d5125ffe2ac41afc3d4b97c""},{""scope"":""original-file"",""path_id"":""path/a666f6337239f5f79e681506""},{""scope"":""original-file"",""path_id"":""path/f6f777ba10371df3738f05c8""},{""scope"":""original-file"",""path_id"":""path/7e4e48a1698aca6345becdee""}]",先离线确认资产及影响→另单审批→所有者执行凭据处置→依赖/源码治理→独立复验；本单不执行,另单核对秘密管理版本、授权审计与部署记录，并重新本地扫描；不使用发现的凭据认证,所有者离线确认生产凭据、生产运行路径、活跃外部服务或资金/核心权限影响时触发；当前待判定,FastLink安全负责人及对应资产责任角色,未收到所有者审核意见；未完成最终定性,未提供,阶段A输入包仅含既有执行端结构记录；未收到该ID的所有者确认记录,发现ID、资产/疑似环境、分类、非秘密依据、权限/影响、审核角色/时间、建议动作,责任角色认领并提交非秘密审核记录，安全负责人复核,交接后24小时内认领；2个工作日内反馈或说明阻塞及新期限，待责任人确认,High,1,疑似资金或连接/身份/服务权限影响,24小时内初审；均待责任角色承诺,False,最多调整审核顺序，不作为定性或降级依据,False
SEC2-8c36f7bcb06c2252,8c36f7bcb06c2252a3cd8763cf4e61f4324197916338d358c6b6af8987c0be29,"[""archive-member"",""fastlik-backend"",""fastlink-recovery-archive"",""original-file"",""path/c90572454d458f720ba700f1""]",未知，待所有者确认,"[""后端与资金集成负责人"",""控制与归档资产负责人"",""新钱包技术负责人""]",仍无法确认,"[""complete-credential-url-unverified""]","[""c55a2c35f8f37081fd1b21688301f2cf60838a0f8a07ec2eef63a62f2962c639"",""50ff2ed5f1469870a63960b93905abc40dbac54b92c0ae7a24607b7d7300dac0"",""a6455f2c8fe105e0ae0398dd331e2086d133c7f4633568659947f3ecd62a7f69""]",沿用High候选；实际权限未确认,可能涉及连接身份及服务/数据库访问；实际环境、权限与有效性未确认,"[{""scope"":""archive-member"",""container_sha256"":""630377876111120043513f5652c31283ce98415b9be8495e81e96b72e8549b37"",""path_id"":""path/d75c6853effb628beb9bdfb6""},{""scope"":""archive-member"",""container_sha256"":""c55a2c35f8f37081fd1b21688301f2cf60838a0f8a07ec2eef63a62f2962c639"",""path_id"":""path/ce005d02c80dbe7d9ef2ae3b""},{""scope"":""original-file"",""path_id"":""path/47af223872874f63a458542a""},{""scope"":""git-object"",""repository"":""fastlik-backend"",""object"":""cb5310e61afb133e0c5ab28fff75e576bb32993f"",""path_id"":""path/dfd1e55e6b1e8e4a89f144fa"",""object_type"":""blob""},{""scope"":""git-object"",""repository"":""fastlink-recovery-archive"",""object"":""cb5310e61afb133e0c5ab28fff75e576bb32993f"",""path_id"":""path/b0786fb0a0bab1d162880d51"",""object_type"":""blob""},{""scope"":""git-object"",""repository"":""path/c90572454d458f720ba700f1"",""object"":""cb5310e61afb133e0c5ab28fff75e576bb32993f"",""path_id"":""path/0af111563c6b5790d3cd0725"",""object_type"":""blob""},{""scope"":""original-file"",""path_id"":""path/037fae7865621f1e5a01ed28""},{""scope"":""original-file"",""path_id"":""path/7106c21aaf5261317bca4d9f""},{""scope"":""original-file"",""path_id"":""path/6dd73ace1284569a07adba68""},{""scope"":""original-file"",""path_id"":""path/4709c253a819ee4e3a3fef6a""},{""scope"":""original-file"",""path_id"":""path/60de284cd2989e03cd77c9cb""},{""scope"":""original-file"",""path_id"":""path/2dec9fc8383bc94f1e9b4744""},{""scope"":""original-file"",""path_id"":""path/8aafb11e54b2511449ad7289""},{""scope"":""original-file"",""path_id"":""path/38fc2dec746f76938c886f76""},{""scope"":""original-file"",""path_id"":""path/5ea098d528c4de07d5d0e38a""},{""scope"":""original-file"",""path_id"":""path/9b1f4717798efff216f5e688""},{""scope"":""original-file"",""path_id"":""path/3294c280e8196d3820841d5a""},{""scope"":""original-file"",""path_id"":""path/93eadbf69596776f7340cca5""},{""scope"":""original-file"",""path_id"":""path/d2fbf81a4b6a1c7210ef1521""},{""scope"":""original-file"",""path_id"":""path/a0e4dab6cb0f9bd594ed135d""},{""scope"":""original-file"",""path_id"":""path/0af111563c6b5790d3cd0725""},{""scope"":""original-file"",""path_id"":""path/f8aa0c3772b031a90d2b2429""},{""scope"":""original-file"",""path_id"":""path/d1ed2ad4af5b97bad53b2499""},{""scope"":""original-file"",""path_id"":""path/2d5125ffe2ac41afc3d4b97c""},{""scope"":""original-file"",""path_id"":""path/a666f6337239f5f79e681506""},{""scope"":""original-file"",""path_id"":""path/f6f777ba10371df3738f05c8""},{""scope"":""original-file"",""path_id"":""path/7e4e48a1698aca6345becdee""}]",先离线确认资产及影响→另单审批→所有者执行凭据处置→依赖/源码治理→独立复验；本单不执行,另单核对秘密管理版本、授权审计与部署记录，并重新本地扫描；不使用发现的凭据认证,所有者离线确认生产凭据、生产运行路径、活跃外部服务或资金/核心权限影响时触发；当前待判定,FastLink安全负责人及对应资产责任角色,未收到所有者审核意见；未完成最终定性,未提供,阶段A输入包仅含既有执行端结构记录；未收到该ID的所有者确认记录,发现ID、资产/疑似环境、分类、非秘密依据、权限/影响、审核角色/时间、建议动作,责任角色认领并提交非秘密审核记录，安全负责人复核,交接后24小时内认领；2个工作日内反馈或说明阻塞及新期限，待责任人确认,High,1,疑似资金或连接/身份/服务权限影响,24小时内初审；均待责任角色承诺,False,最多调整审核顺序，不作为定性或降级依据,False
SEC2-df2a263348b96411,df2a263348b96411dac30110b66b8e69233cd01d2da6bf7169dd056e82a501cc,"[""archive-member"",""fastlik-backend"",""fastlink-recovery-archive"",""original-file"",""path/c90572454d458f720ba700f1""]",未知，待所有者确认,"[""后端与资金集成负责人"",""控制与归档资产负责人"",""新钱包技术负责人""]",仍无法确认,"[""complete-credential-url-unverified""]","[""c55a2c35f8f37081fd1b21688301f2cf60838a0f8a07ec2eef63a62f2962c639"",""50ff2ed5f1469870a63960b93905abc40dbac54b92c0ae7a24607b7d7300dac0"",""a6455f2c8fe105e0ae0398dd331e2086d133c7f4633568659947f3ecd62a7f69""]",沿用High候选；实际权限未确认,可能涉及连接身份及服务/数据库访问；实际环境、权限与有效性未确认,"[{""scope"":""archive-member"",""container_sha256"":""630377876111120043513f5652c31283ce98415b9be8495e81e96b72e8549b37"",""path_id"":""path/d75c6853effb628beb9bdfb6""},{""scope"":""archive-member"",""container_sha256"":""c55a2c35f8f37081fd1b21688301f2cf60838a0f8a07ec2eef63a62f2962c639"",""path_id"":""path/ce005d02c80dbe7d9ef2ae3b""},{""scope"":""original-file"",""path_id"":""path/47af223872874f63a458542a""},{""scope"":""git-object"",""repository"":""fastlik-backend"",""object"":""cb5310e61afb133e0c5ab28fff75e576bb32993f"",""path_id"":""path/dfd1e55e6b1e8e4a89f144fa"",""object_type"":""blob""},{""scope"":""git-object"",""repository"":""fastlink-recovery-archive"",""object"":""cb5310e61afb133e0c5ab28fff75e576bb32993f"",""path_id"":""path/b0786fb0a0bab1d162880d51"",""object_type"":""blob""},{""scope"":""git-object"",""repository"":""path/c90572454d458f720ba700f1"",""object"":""cb5310e61afb133e0c5ab28fff75e576bb32993f"",""path_id"":""path/0af111563c6b5790d3cd0725"",""object_type"":""blob""},{""scope"":""original-file"",""path_id"":""path/037fae7865621f1e5a01ed28""},{""scope"":""original-file"",""path_id"":""path/7106c21aaf5261317bca4d9f""},{""scope"":""original-file"",""path_id"":""path/6dd73ace1284569a07adba68""},{""scope"":""original-file"",""path_id"":""path/4709c253a819ee4e3a3fef6a""},{""scope"":""original-file"",""path_id"":""path/60de284cd2989e03cd77c9cb""},{""scope"":""original-file"",""path_id"":""path/2dec9fc8383bc94f1e9b4744""},{""scope"":""original-file"",""path_id"":""path/8aafb11e54b2511449ad7289""},{""scope"":""original-file"",""path_id"":""path/38fc2dec746f76938c886f76""},{""scope"":""original-file"",""path_id"":""path/5ea098d528c4de07d5d0e38a""},{""scope"":""original-file"",""path_id"":""path/9b1f4717798efff216f5e688""},{""scope"":""original-file"",""path_id"":""path/3294c280e8196d3820841d5a""},{""scope"":""original-file"",""path_id"":""path/93eadbf69596776f7340cca5""},{""scope"":""original-file"",""path_id"":""path/d2fbf81a4b6a1c7210ef1521""},{""scope"":""original-file"",""path_id"":""path/a0e4dab6cb0f9bd594ed135d""},{""scope"":""original-file"",""path_id"":""path/0af111563c6b5790d3cd0725""},{""scope"":""original-file"",""path_id"":""path/f8aa0c3772b031a90d2b2429""},{""scope"":""original-file"",""path_id"":""path/d1ed2ad4af5b97bad53b2499""},{""scope"":""original-file"",""path_id"":""path/2d5125ffe2ac41afc3d4b97c""},{""scope"":""original-file"",""path_id"":""path/a666f6337239f5f79e681506""},{""scope"":""original-file"",""path_id"":""path/f6f777ba10371df3738f05c8""},{""scope"":""original-file"",""path_id"":""path/7e4e48a1698aca6345becdee""}]",先离线确认资产及影响→另单审批→所有者执行凭据处置→依赖/源码治理→独立复验；本单不执行,另单核对秘密管理版本、授权审计与部署记录，并重新本地扫描；不使用发现的凭据认证,所有者离线确认生产凭据、生产运行路径、活跃外部服务或资金/核心权限影响时触发；当前待判定,FastLink安全负责人及对应资产责任角色,未收到所有者审核意见；未完成最终定性,未提供,阶段A输入包仅含既有执行端结构记录；未收到该ID的所有者确认记录,发现ID、资产/疑似环境、分类、非秘密依据、权限/影响、审核角色/时间、建议动作,责任角色认领并提交非秘密审核记录，安全负责人复核,交接后24小时内认领；2个工作日内反馈或说明阻塞及新期限，待责任人确认,High,1,疑似资金或连接/身份/服务权限影响,24小时内初审；均待责任角色承诺,False,最多调整审核顺序，不作为定性或降级依据,False
SEC2-58fa02b9651e7afb,58fa02b9651e7afb882710b55fff6e5e76cd0d7341581eded0a7e6af9dd9f903,"[""archive-member"",""fastlik-backend"",""fastlink-recovery-archive"",""original-file"",""path/c90572454d458f720ba700f1""]",未知，待所有者确认,"[""后端与资金集成负责人"",""控制与归档资产负责人"",""新钱包技术负责人""]",仍无法确认,"[""complete-credential-url-unverified""]","[""c55a2c35f8f37081fd1b21688301f2cf60838a0f8a07ec2eef63a62f2962c639"",""50ff2ed5f1469870a63960b93905abc40dbac54b92c0ae7a24607b7d7300dac0"",""a6455f2c8fe105e0ae0398dd331e2086d133c7f4633568659947f3ecd62a7f69""]",沿用High候选；实际权限未确认,可能涉及连接身份及服务/数据库访问；实际环境、权限与有效性未确认,"[{""scope"":""archive-member"",""container_sha256"":""630377876111120043513f5652c31283ce98415b9be8495e81e96b72e8549b37"",""path_id"":""path/d75c6853effb628beb9bdfb6""},{""scope"":""archive-member"",""container_sha256"":""c55a2c35f8f37081fd1b21688301f2cf60838a0f8a07ec2eef63a62f2962c639"",""path_id"":""path/ce005d02c80dbe7d9ef2ae3b""},{""scope"":""original-file"",""path_id"":""path/47af223872874f63a458542a""},{""scope"":""git-object"",""repository"":""fastlik-backend"",""object"":""cb5310e61afb133e0c5ab28fff75e576bb32993f"",""path_id"":""path/dfd1e55e6b1e8e4a89f144fa"",""object_type"":""blob""},{""scope"":""git-object"",""repository"":""fastlink-recovery-archive"",""object"":""cb5310e61afb133e0c5ab28fff75e576bb32993f"",""path_id"":""path/b0786fb0a0bab1d162880d51"",""object_type"":""blob""},{""scope"":""git-object"",""repository"":""path/c90572454d458f720ba700f1"",""object"":""cb5310e61afb133e0c5ab28fff75e576bb32993f"",""path_id"":""path/0af111563c6b5790d3cd0725"",""object_type"":""blob""},{""scope"":""original-file"",""path_id"":""path/037fae7865621f1e5a01ed28""},{""scope"":""original-file"",""path_id"":""path/7106c21aaf5261317bca4d9f""},{""scope"":""original-file"",""path_id"":""path/6dd73ace1284569a07adba68""},{""scope"":""original-file"",""path_id"":""path/4709c253a819ee4e3a3fef6a""},{""scope"":""original-file"",""path_id"":""path/60de284cd2989e03cd77c9cb""},{""scope"":""original-file"",""path_id"":""path/2dec9fc8383bc94f1e9b4744""},{""scope"":""original-file"",""path_id"":""path/8aafb11e54b2511449ad7289""},{""scope"":""original-file"",""path_id"":""path/38fc2dec746f76938c886f76""},{""scope"":""original-file"",""path_id"":""path/5ea098d528c4de07d5d0e38a""},{""scope"":""original-file"",""path_id"":""path/9b1f4717798efff216f5e688""},{""scope"":""original-file"",""path_id"":""path/3294c280e8196d3820841d5a""},{""scope"":""original-file"",""path_id"":""path/93eadbf69596776f7340cca5""},{""scope"":""original-file"",""path_id"":""path/d2fbf81a4b6a1c7210ef1521""},{""scope"":""original-file"",""path_id"":""path/a0e4dab6cb0f9bd594ed135d""},{""scope"":""original-file"",""path_id"":""path/0af111563c6b5790d3cd0725""},{""scope"":""original-file"",""path_id"":""path/f8aa0c3772b031a90d2b2429""},{""scope"":""original-file"",""path_id"":""path/d1ed2ad4af5b97bad53b2499""},{""scope"":""original-file"",""path_id"":""path/2d5125ffe2ac41afc3d4b97c""},{""scope"":""original-file"",""path_id"":""path/a666f6337239f5f79e681506""},{""scope"":""original-file"",""path_id"":""path/f6f777ba10371df3738f05c8""},{""scope"":""original-file"",""path_id"":""path/7e4e48a1698aca6345becdee""}]",先离线确认资产及影响→另单审批→所有者执行凭据处置→依赖/源码治理→独立复验；本单不执行,另单核对秘密管理版本、授权审计与部署记录，并重新本地扫描；不使用发现的凭据认证,所有者离线确认生产凭据、生产运行路径、活跃外部服务或资金/核心权限影响时触发；当前待判定,FastLink安全负责人及对应资产责任角色,未收到所有者审核意见；未完成最终定性,未提供,阶段A输入包仅含既有执行端结构记录；未收到该ID的所有者确认记录,发现ID、资产/疑似环境、分类、非秘密依据、权限/影响、审核角色/时间、建议动作,责任角色认领并提交非秘密审核记录，安全负责人复核,交接后24小时内认领；2个工作日内反馈或说明阻塞及新期限，待责任人确认,High,1,疑似资金或连接/身份/服务权限影响,24小时内初审；均待责任角色承诺,False,最多调整审核顺序，不作为定性或降级依据,False
SEC2-a365bfeceaf4cd99,a365bfeceaf4cd99064ecc82825f02c7bb8a6677e19e11e574a7c2251ef8c65b,"[""archive-member"",""fastlik-backend"",""fastlink-recovery-archive"",""original-file"",""path/c90572454d458f720ba700f1""]",未知，待所有者确认,"[""后端与资金集成负责人"",""控制与归档资产负责人"",""新钱包技术负责人""]",仍无法确认,"[""complete-credential-url-unverified""]","[""c55a2c35f8f37081fd1b21688301f2cf60838a0f8a07ec2eef63a62f2962c639"",""50ff2ed5f1469870a63960b93905abc40dbac54b92c0ae7a24607b7d7300dac0"",""1395595a95965b53c44259edaa993750300183a724d3cb0fa621f9f7d4a3354c"",""a6455f2c8fe105e0ae0398dd331e2086d133c7f4633568659947f3ecd62a7f69""]",沿用High候选；实际权限未确认,可能涉及连接身份及服务/数据库访问；实际环境、权限与有效性未确认,"[{""scope"":""archive-member"",""container_sha256"":""630377876111120043513f5652c31283ce98415b9be8495e81e96b72e8549b37"",""path_id"":""path/d75c6853effb628beb9bdfb6""},{""scope"":""archive-member"",""container_sha256"":""c55a2c35f8f37081fd1b21688301f2cf60838a0f8a07ec2eef63a62f2962c639"",""path_id"":""path/ce005d02c80dbe7d9ef2ae3b""},{""scope"":""git-object"",""repository"":""fastlik-backend"",""object"":""77e1512b11114685c28201efbf0248691ab43e56"",""path_id"":""path/dfd1e55e6b1e8e4a89f144fa"",""object_type"":""blob""},{""scope"":""original-file"",""path_id"":""path/47af223872874f63a458542a""},{""scope"":""git-object"",""repository"":""fastlik-backend"",""object"":""cb5310e61afb133e0c5ab28fff75e576bb32993f"",""path_id"":""path/dfd1e55e6b1e8e4a89f144fa"",""object_type"":""blob""},{""scope"":""git-object"",""repository"":""fastlink-recovery-archive"",""object"":""cb5310e61afb133e0c5ab28fff75e576bb32993f"",""path_id"":""path/b0786fb0a0bab1d162880d51"",""object_type"":""blob""},{""scope"":""git-object"",""repository"":""path/c90572454d458f720ba700f1"",""object"":""cb5310e61afb133e0c5ab28fff75e576bb32993f"",""path_id"":""path/0af111563c6b5790d3cd0725"",""object_type"":""blob""},{""scope"":""original-file"",""path_id"":""path/037fae7865621f1e5a01ed28""},{""scope"":""original-file"",""path_id"":""path/7106c21aaf5261317bca4d9f""},{""scope"":""original-file"",""path_id"":""path/6dd73ace1284569a07adba68""},{""scope"":""original-file"",""path_id"":""path/4709c253a819ee4e3a3fef6a""},{""scope"":""original-file"",""path_id"":""path/60de284cd2989e03cd77c9cb""},{""scope"":""original-file"",""path_id"":""path/2dec9fc8383bc94f1e9b4744""},{""scope"":""original-file"",""path_id"":""path/8aafb11e54b2511449ad7289""},{""scope"":""original-file"",""path_id"":""path/38fc2dec746f76938c886f76""},{""scope"":""original-file"",""path_id"":""path/5ea098d528c4de07d5d0e38a""},{""scope"":""original-file"",""path_id"":""path/9b1f4717798efff216f5e688""},{""scope"":""original-file"",""path_id"":""path/3294c280e8196d3820841d5a""},{""scope"":""original-file"",""path_id"":""path/93eadbf69596776f7340cca5""},{""scope"":""original-file"",""path_id"":""path/d2fbf81a4b6a1c7210ef1521""},{""scope"":""original-file"",""path_id"":""path/a0e4dab6cb0f9bd594ed135d""},{""scope"":""original-file"",""path_id"":""path/0af111563c6b5790d3cd0725""},{""scope"":""original-file"",""path_id"":""path/f8aa0c3772b031a90d2b2429""},{""scope"":""original-file"",""path_id"":""path/d1ed2ad4af5b97bad53b2499""},{""scope"":""original-file"",""path_id"":""path/2d5125ffe2ac41afc3d4b97c""},{""scope"":""original-file"",""path_id"":""path/a666f6337239f5f79e681506""},{""scope"":""original-file"",""path_id"":""path/f6f777ba10371df3738f05c8""},{""scope"":""original-file"",""path_id"":""path/7e4e48a1698aca6345becdee""}]",先离线确认资产及影响→另单审批→所有者执行凭据处置→依赖/源码治理→独立复验；本单不执行,另单核对秘密管理版本、授权审计与部署记录，并重新本地扫描；不使用发现的凭据认证,所有者离线确认生产凭据、生产运行路径、活跃外部服务或资金/核心权限影响时触发；当前待判定,FastLink安全负责人及对应资产责任角色,未收到所有者审核意见；未完成最终定性,未提供,阶段A输入包仅含既有执行端结构记录；未收到该ID的所有者确认记录,发现ID、资产/疑似环境、分类、非秘密依据、权限/影响、审核角色/时间、建议动作,责任角色认领并提交非秘密审核记录，安全负责人复核,交接后24小时内认领；2个工作日内反馈或说明阻塞及新期限，待责任人确认,High,1,疑似资金或连接/身份/服务权限影响,24小时内初审；均待责任角色承诺,False,最多调整审核顺序，不作为定性或降级依据,False
SEC2-71982d1d48877c4c,71982d1d48877c4ccb9d13275f45d53bb467ceabd9802e0a86af2fed8b40ef1f,"[""archive-member"",""fastlik-backend"",""fastlink-recovery-archive"",""original-file"",""path/c90572454d458f720ba700f1""]",未知，待所有者确认,"[""后端与资金集成负责人"",""控制与归档资产负责人"",""新钱包技术负责人""]",仍无法确认,"[""complete-credential-url-unverified""]","[""c55a2c35f8f37081fd1b21688301f2cf60838a0f8a07ec2eef63a62f2962c639"",""50ff2ed5f1469870a63960b93905abc40dbac54b92c0ae7a24607b7d7300dac0"",""1395595a95965b53c44259edaa993750300183a724d3cb0fa621f9f7d4a3354c"",""956b5b27c97459de6362de1093afd9a657dd4e993b3edcf11544e4035639d2bd"",""02e560f0c23c6d78d21f9e8dd447dfe6bf5923301d837eeccfd2cac7eecceb34"",""a6455f2c8fe105e0ae0398dd331e2086d133c7f4633568659947f3ecd62a7f69""]",沿用High候选；实际权限未确认,可能涉及连接身份及服务/数据库访问；实际环境、权限与有效性未确认,"[{""scope"":""archive-member"",""container_sha256"":""630377876111120043513f5652c31283ce98415b9be8495e81e96b72e8549b37"",""path_id"":""path/d75c6853effb628beb9bdfb6""},{""scope"":""archive-member"",""container_sha256"":""c55a2c35f8f37081fd1b21688301f2cf60838a0f8a07ec2eef63a62f2962c639"",""path_id"":""path/ce005d02c80dbe7d9ef2ae3b""},{""scope"":""git-object"",""repository"":""fastlik-backend"",""object"":""77e1512b11114685c28201efbf0248691ab43e56"",""path_id"":""path/dfd1e55e6b1e8e4a89f144fa"",""object_type"":""blob""},{""scope"":""git-object"",""repository"":""fastlik-backend"",""object"":""b10c276da976297cd03853607d46683cb6c3aa59"",""path_id"":""path/dfd1e55e6b1e8e4a89f144fa"",""object_type"":""blob""},{""scope"":""git-object"",""repository"":""fastlik-backend"",""object"":""481d81c68c73e8937a81087b6c27bcbb11a423c6"",""path_id"":""path/dfd1e55e6b1e8e4a89f144fa"",""object_type"":""blob""},{""scope"":""original-file"",""path_id"":""path/47af223872874f63a458542a""},{""scope"":""git-object"",""repository"":""fastlik-backend"",""object"":""cb5310e61afb133e0c5ab28fff75e576bb32993f"",""path_id"":""path/dfd1e55e6b1e8e4a89f144fa"",""object_type"":""blob""},{""scope"":""git-object"",""repository"":""fastlink-recovery-archive"",""object"":""cb5310e61afb133e0c5ab28fff75e576bb32993f"",""path_id"":""path/b0786fb0a0bab1d162880d51"",""object_type"":""blob""},{""scope"":""git-object"",""repository"":""path/c90572454d458f720ba700f1"",""object"":""cb5310e61afb133e0c5ab28fff75e576bb32993f"",""path_id"":""path/0af111563c6b5790d3cd0725"",""object_type"":""blob""},{""scope"":""original-file"",""path_id"":""path/037fae7865621f1e5a01ed28""},{""scope"":""original-file"",""path_id"":""path/7106c21aaf5261317bca4d9f""},{""scope"":""original-file"",""path_id"":""path/6dd73ace1284569a07adba68""},{""scope"":""original-file"",""path_id"":""path/4709c253a819ee4e3a3fef6a""},{""scope"":""original-file"",""path_id"":""path/60de284cd2989e03cd77c9cb""},{""scope"":""original-file"",""path_id"":""path/2dec9fc8383bc94f1e9b4744""},{""scope"":""original-file"",""path_id"":""path/8aafb11e54b2511449ad7289""},{""scope"":""original-file"",""path_id"":""path/38fc2dec746f76938c886f76""},{""scope"":""original-file"",""path_id"":""path/5ea098d528c4de07d5d0e38a""},{""scope"":""original-file"",""path_id"":""path/9b1f4717798efff216f5e688""},{""scope"":""original-file"",""path_id"":""path/3294c280e8196d3820841d5a""},{""scope"":""original-file"",""path_id"":""path/93eadbf69596776f7340cca5""},{""scope"":""original-file"",""path_id"":""path/d2fbf81a4b6a1c7210ef1521""},{""scope"":""original-file"",""path_id"":""path/a0e4dab6cb0f9bd594ed135d""},{""scope"":""original-file"",""path_id"":""path/0af111563c6b5790d3cd0725""},{""scope"":""original-file"",""path_id"":""path/f8aa0c3772b031a90d2b2429""},{""scope"":""original-file"",""path_id"":""path/d1ed2ad4af5b97bad53b2499""},{""scope"":""original-file"",""path_id"":""path/2d5125ffe2ac41afc3d4b97c""},{""scope"":""original-file"",""path_id"":""path/a666f6337239f5f79e681506""},{""scope"":""original-file"",""path_id"":""path/f6f777ba10371df3738f05c8""},{""scope"":""original-file"",""path_id"":""path/7e4e48a1698aca6345becdee""}]",先离线确认资产及影响→另单审批→所有者执行凭据处置→依赖/源码治理→独立复验；本单不执行,另单核对秘密管理版本、授权审计与部署记录，并重新本地扫描；不使用发现的凭据认证,所有者离线确认生产凭据、生产运行路径、活跃外部服务或资金/核心权限影响时触发；当前待判定,FastLink安全负责人及对应资产责任角色,未收到所有者审核意见；未完成最终定性,未提供,阶段A输入包仅含既有执行端结构记录；未收到该ID的所有者确认记录,发现ID、资产/疑似环境、分类、非秘密依据、权限/影响、审核角色/时间、建议动作,责任角色认领并提交非秘密审核记录，安全负责人复核,交接后24小时内认领；2个工作日内反馈或说明阻塞及新期限，待责任人确认,High,1,疑似资金或连接/身份/服务权限影响,24小时内初审；均待责任角色承诺,False,最多调整审核顺序，不作为定性或降级依据,False
SEC2-d02ddd8c3ac59d4a,d02ddd8c3ac59d4a0b857aebcc1188c97e39898dc362459a2b12a1fbb078f908,"[""archive-member"",""fastlik-backend"",""fastlink-recovery-archive"",""original-file"",""path/c90572454d458f720ba700f1""]",未知，待所有者确认,"[""后端与资金集成负责人"",""控制与归档资产负责人"",""新钱包技术负责人""]",仍无法确认,"[""complete-credential-url-unverified""]","[""c55a2c35f8f37081fd1b21688301f2cf60838a0f8a07ec2eef63a62f2962c639"",""8bedf41ea44bbb1889fd76e8a918555091e921ea01325bfdd47a67c00df5e519"",""755e9cd5ca9ff14282c45a0d8cc2652aa4940d35c6357178947f9b70b84adbb1"",""44bd73bcd36c42023e901d7b01267ea815542054acdb117be00fcf7f3117b90e"",""7543545b03f0ea0f8301d0d3dfe580a730976c393011179889beddcd996fd4e8"",""afcc84cd05da16c7180b68d44d9d6d21ae0436e4b32e6968fe7e60473a2644b1""]",沿用High候选；实际权限未确认,可能涉及连接身份及服务/数据库访问；实际环境、权限与有效性未确认,"[{""scope"":""archive-member"",""container_sha256"":""630377876111120043513f5652c31283ce98415b9be8495e81e96b72e8549b37"",""path_id"":""path/d75c6853effb628beb9bdfb6""},{""scope"":""archive-member"",""container_sha256"":""c55a2c35f8f37081fd1b21688301f2cf60838a0f8a07ec2eef63a62f2962c639"",""path_id"":""path/d1b22a575db053717665e1cd""},{""scope"":""git-object"",""repository"":""fastlik-backend"",""object"":""ae8bb509019c381bf2d1a8eb55353b45eb92cc37"",""path_id"":""path/c2314f1944d92b3697936298"",""object_type"":""blob""},{""scope"":""git-object"",""repository"":""fastlik-backend"",""object"":""d607b3c117bc6d0dc19b884c151f4b16294dddbf"",""path_id"":""path/c2314f1944d92b3697936298"",""object_type"":""blob""},{""scope"":""git-object"",""repository"":""fastlik-backend"",""object"":""ab30e9e7f69daf5aaeaa6387e40ad3b9e39580c4"",""path_id"":""path/c2314f1944d92b3697936298"",""object_type"":""blob""},{""scope"":""original-file"",""path_id"":""path/1641970ffa67758efe25cf7f""},{""scope"":""git-object"",""repository"":""fastlik-backend"",""object"":""5ccc2c6098e179bf9a6fd9109bdce6d2ccbfe2cd"",""path_id"":""path/c2314f1944d92b3697936298"",""object_type"":""blob""},{""scope"":""git-object"",""repository"":""fastlink-recovery-archive"",""object"":""5ccc2c6098e179bf9a6fd9109bdce6d2ccbfe2cd"",""path_id"":""path/387c21f0feb8958a7872384a"",""object_type"":""blob""},{""scope"":""git-object"",""repository"":""path/c90572454d458f720ba700f1"",""object"":""5ccc2c6098e179bf9a6fd9109bdce6d2ccbfe2cd"",""path_id"":""path/fc9762a1deba904e307d691f"",""object_type"":""blob""},{""scope"":""original-file"",""path_id"":""path/70438c6d3e1d8dc78e929a71""},{""scope"":""original-file"",""path_id"":""path/fc6a830d19484c2793f4edda""},{""scope"":""original-file"",""path_id"":""path/1f0055c9edf4d133f35fba70""},{""scope"":""original-file"",""path_id"":""path/0da51fa71cbc54a78ed63378""},{""scope"":""original-file"",""path_id"":""path/6733553518b398b73576e572""},{""scope"":""original-file"",""path_id"":""path/d78815e6207f11c7232f7b07""},{""scope"":""original-file"",""path_id"":""path/3ddc3e2516497fe0238de7c5""},{""scope"":""original-file"",""path_id"":""path/ae5bcc6991d723e0908e880e""},{""scope"":""original-file"",""path_id"":""path/2a3890a60722abe6d0c63cc0""},{""scope"":""original-file"",""path_id"":""path/3a25d10a3852fdcc7be7c70d""},{""scope"":""original-file"",""path_id"":""path/e1da96e5ec1ac6a5256e20d7""},{""scope"":""original-file"",""path_id"":""path/a9182036aa85bc5720f12f79""},{""scope"":""original-file"",""path_id"":""path/acd9186567c886081f09d672""},{""scope"":""original-file"",""path_id"":""path/5b18ede8310ac9e59a984024""},{""scope"":""original-file"",""path_id"":""path/fc9762a1deba904e307d691f""},{""scope"":""original-file"",""path_id"":""path/97d631b22e120f256a4fb85b""},{""scope"":""original-file"",""path_id"":""path/c8fc3588c583d19c21c00ddb""},{""scope"":""original-file"",""path_id"":""path/f01931fe38aaf08f31ae3744""},{""scope"":""original-file"",""path_id"":""path/9ada332ffb5a285efddc9491""},{""scope"":""original-file"",""path_id"":""path/4ad14948f71f50885afbe9d7""},{""scope"":""original-file"",""path_id"":""path/e33017a9b91ac3a70af4d679""}]",先离线确认资产及影响→另单审批→所有者执行凭据处置→依赖/源码治理→独立复验；本单不执行,另单核对秘密管理版本、授权审计与部署记录，并重新本地扫描；不使用发现的凭据认证,所有者离线确认生产凭据、生产运行路径、活跃外部服务或资金/核心权限影响时触发；当前待判定,FastLink安全负责人及对应资产责任角色,未收到所有者审核意见；未完成最终定性,未提供,阶段A输入包仅含既有执行端结构记录；未收到该ID的所有者确认记录,发现ID、资产/疑似环境、分类、非秘密依据、权限/影响、审核角色/时间、建议动作,责任角色认领并提交非秘密审核记录，安全负责人复核,交接后24小时内认领；2个工作日内反馈或说明阻塞及新期限，待责任人确认,High,1,疑似资金或连接/身份/服务权限影响,24小时内初审；均待责任角色承诺,False,最多调整审核顺序，不作为定性或降级依据,False
SEC2-53752e22485c142a,53752e22485c142a21cfc3d9be562127fa7920bfbc69a89093bff07c31dcfa63,"[""archive-member"",""fastlik-backend"",""fastlink-recovery-archive"",""original-file"",""path/c90572454d458f720ba700f1""]",未知，待所有者确认,"[""后端与资金集成负责人"",""控制与归档资产负责人"",""新钱包技术负责人""]",仍无法确认,"[""complete-credential-url-unverified""]","[""c55a2c35f8f37081fd1b21688301f2cf60838a0f8a07ec2eef63a62f2962c639"",""8bedf41ea44bbb1889fd76e8a918555091e921ea01325bfdd47a67c00df5e519"",""755e9cd5ca9ff14282c45a0d8cc2652aa4940d35c6357178947f9b70b84adbb1"",""44bd73bcd36c42023e901d7b01267ea815542054acdb117be00fcf7f3117b90e"",""afcc84cd05da16c7180b68d44d9d6d21ae0436e4b32e6968fe7e60473a2644b1""]",沿用High候选；实际权限未确认,可能涉及连接身份及服务/数据库访问；实际环境、权限与有效性未确认,"[{""scope"":""archive-member"",""container_sha256"":""630377876111120043513f5652c31283ce98415b9be8495e81e96b72e8549b37"",""path_id"":""path/d75c6853effb628beb9bdfb6""},{""scope"":""archive-member"",""container_sha256"":""c55a2c35f8f37081fd1b21688301f2cf60838a0f8a07ec2eef63a62f2962c639"",""path_id"":""path/d1b22a575db053717665e1cd""},{""scope"":""git-object"",""repository"":""fastlik-backend"",""object"":""ae8bb509019c381bf2d1a8eb55353b45eb92cc37"",""path_id"":""path/c2314f1944d92b3697936298"",""object_type"":""blob""},{""scope"":""git-object"",""repository"":""fastlik-backend"",""object"":""d607b3c117bc6d0dc19b884c151f4b16294dddbf"",""path_id"":""path/c2314f1944d92b3697936298"",""object_type"":""blob""},{""scope"":""original-file"",""path_id"":""path/1641970ffa67758efe25cf7f""},{""scope"":""git-object"",""repository"":""fastlik-backend"",""object"":""5ccc2c6098e179bf9a6fd9109bdce6d2ccbfe2cd"",""path_id"":""path/c2314f1944d92b3697936298"",""object_type"":""blob""},{""scope"":""git-object"",""repository"":""fastlink-recovery-archive"",""object"":""5ccc2c6098e179bf9a6fd9109bdce6d2ccbfe2cd"",""path_id"":""path/387c21f0feb8958a7872384a"",""object_type"":""blob""},{""scope"":""git-object"",""repository"":""path/c90572454d458f720ba700f1"",""object"":""5ccc2c6098e179bf9a6fd9109bdce6d2ccbfe2cd"",""path_id"":""path/fc9762a1deba904e307d691f"",""object_type"":""blob""},{""scope"":""original-file"",""path_id"":""path/70438c6d3e1d8dc78e929a71""},{""scope"":""original-file"",""path_id"":""path/fc6a830d19484c2793f4edda""},{""scope"":""original-file"",""path_id"":""path/1f0055c9edf4d133f35fba70""},{""scope"":""original-file"",""path_id"":""path/0da51fa71cbc54a78ed63378""},{""scope"":""original-file"",""path_id"":""path/6733553518b398b73576e572""},{""scope"":""original-file"",""path_id"":""path/d78815e6207f11c7232f7b07""},{""scope"":""original-file"",""path_id"":""path/3ddc3e2516497fe0238de7c5""},{""scope"":""original-file"",""path_id"":""path/ae5bcc6991d723e0908e880e""},{""scope"":""original-file"",""path_id"":""path/2a3890a60722abe6d0c63cc0""},{""scope"":""original-file"",""path_id"":""path/3a25d10a3852fdcc7be7c70d""},{""scope"":""original-file"",""path_id"":""path/e1da96e5ec1ac6a5256e20d7""},{""scope"":""original-file"",""path_id"":""path/a9182036aa85bc5720f12f79""},{""scope"":""original-file"",""path_id"":""path/acd9186567c886081f09d672""},{""scope"":""original-file"",""path_id"":""path/5b18ede8310ac9e59a984024""},{""scope"":""original-file"",""path_id"":""path/fc9762a1deba904e307d691f""},{""scope"":""original-file"",""path_id"":""path/97d631b22e120f256a4fb85b""},{""scope"":""original-file"",""path_id"":""path/c8fc3588c583d19c21c00ddb""},{""scope"":""original-file"",""path_id"":""path/f01931fe38aaf08f31ae3744""},{""scope"":""original-file"",""path_id"":""path/9ada332ffb5a285efddc9491""},{""scope"":""original-file"",""path_id"":""path/4ad14948f71f50885afbe9d7""},{""scope"":""original-file"",""path_id"":""path/e33017a9b91ac3a70af4d679""}]",先离线确认资产及影响→另单审批→所有者执行凭据处置→依赖/源码治理→独立复验；本单不执行,另单核对秘密管理版本、授权审计与部署记录，并重新本地扫描；不使用发现的凭据认证,所有者离线确认生产凭据、生产运行路径、活跃外部服务或资金/核心权限影响时触发；当前待判定,FastLink安全负责人及对应资产责任角色,未收到所有者审核意见；未完成最终定性,未提供,阶段A输入包仅含既有执行端结构记录；未收到该ID的所有者确认记录,发现ID、资产/疑似环境、分类、非秘密依据、权限/影响、审核角色/时间、建议动作,责任角色认领并提交非秘密审核记录，安全负责人复核,交接后24小时内认领；2个工作日内反馈或说明阻塞及新期限，待责任人确认,High,1,疑似资金或连接/身份/服务权限影响,24小时内初审；均待责任角色承诺,False,最多调整审核顺序，不作为定性或降级依据,False
SEC2-088a22c69d4981fb,088a22c69d4981fb1aba6a21a2fba4a2a49bead2c57364b5685cbe94f7d48178,"[""archive-member"",""fastlik-backend"",""fastlink-recovery-archive"",""original-file"",""path/c90572454d458f720ba700f1""]",未知，待所有者确认,"[""后端与资金集成负责人"",""控制与归档资产负责人"",""新钱包技术负责人""]",仍无法确认,"[""high-entropy-secret-field-literal-unverified""]","[""c55a2c35f8f37081fd1b21688301f2cf60838a0f8a07ec2eef63a62f2962c639"",""630f3693b395c078c3824a87cf7253fc7ce062f796bf5793abb62efa460ab4d0"",""45bce874d2b4f9acdd250b431569b4856e8d4ce7e7061296ca81e5c11ada14e1"",""6459bf38cf8fb2de6be23351cca45930f22ecd5c871ef03c16d00084a3a661b0"",""6d25e921d543fd5a2f5f6c52989e985bbace891dac57f084dd56111debcf4e30"",""5c1f0b46a204f45c7a308fb2b072dc252cfaae80580d822b730cdccf9255592b"",""6b412b6bd66abe032d1a647ef51af58e292de5f40507959e4d32e27c771074d1"",""a00bc79b4284846f94984a60a272ab8ca404dd004e161067d73950c47be58e6a"",""2b57b5020625ca511ec921952f944d2418a6a16bd4259c08975aefd3f0881efa"",""28fc8a40caeeab57892361b93c5401c53887bcd31b20742acea25cdf04841b20"",""a3d45913da042ad864452f294edcee590b768536a6b0831d085f92037d8ee761"",""706ceb47c6df313e53c0ccee65d17e22ad547228b940112786c0fc486df575aa""]",沿用High候选；实际权限未确认,可能涉及认证、签名或应用共享秘密；实际环境、权限与有效性未确认,"[{""scope"":""archive-member"",""container_sha256"":""630377876111120043513f5652c31283ce98415b9be8495e81e96b72e8549b37"",""path_id"":""path/d75c6853effb628beb9bdfb6""},{""scope"":""archive-member"",""container_sha256"":""c55a2c35f8f37081fd1b21688301f2cf60838a0f8a07ec2eef63a62f2962c639"",""path_id"":""path/31f2691716cf2bfa6af51f17""},{""scope"":""git-object"",""repository"":""fastlik-backend"",""object"":""3a379d3dc816fffd13ae75d7959994512714eb94"",""path_id"":""path/879d92e24e9764b6e4cd9aa0"",""object_type"":""blob""},{""scope"":""git-object"",""repository"":""fastlik-backend"",""object"":""b7637fc3e69a3f09cd2e2b47660483464a3f2c23"",""path_id"":""path/879d92e24e9764b6e4cd9aa0"",""object_type"":""blob""},{""scope"":""git-object"",""repository"":""fastlik-backend"",""object"":""e47a299d9f88b9398daa6c11ffb727c52036951b"",""path_id"":""path/529e416cd8593b0c624c099b"",""object_type"":""blob""},{""scope"":""git-object"",""repository"":""fastlik-backend"",""object"":""79300102778ac29ae0d8aa33b80b722ae3bfdcfa"",""path_id"":""path/879d92e24e9764b6e4cd9aa0"",""object_type"":""blob""},{""scope"":""git-object"",""repository"":""fastlik-backend"",""object"":""582f98f966d5eb87f6f99bf572704012a6ad39ba"",""path_id"":""path/879d92e24e9764b6e4cd9aa0"",""object_type"":""blob""},{""scope"":""git-object"",""repository"":""fastlik-backend"",""object"":""02732d40be5d206516e7b2d6611f32d5874747f0"",""path_id"":""path/879d92e24e9764b6e4cd9aa0"",""object_type"":""blob""},{""scope"":""git-object"",""repository"":""fastlik-backend"",""object"":""3c19f7578c860a8b4430db480a25280d0d6fdea4"",""path_id"":""path/879d92e24e9764b6e4cd9aa0"",""object_type"":""blob""},{""scope"":""git-object"",""repository"":""fastlik-backend"",""object"":""fd5908603da482ec82b193d67ac9d0f7a8cdc55a"",""path_id"":""path/529e416cd8593b0c624c099b"",""object_type"":""blob""},{""scope"":""git-object"",""repository"":""fastlik-backend"",""object"":""32f941974133e3b2f63c28e8a6f0d941f677ead6"",""path_id"":""path/879d92e24e9764b6e4cd9aa0"",""object_type"":""blob""},{""scope"":""original-file"",""path_id"":""path/e16331a64db5fbf7374e90d9""},{""scope"":""git-object"",""repository"":""fastlik-backend"",""object"":""e1dae4aad66e62f980683e163042bfdb1c3882b8"",""path_id"":""path/879d92e24e9764b6e4cd9aa0"",""object_type"":""blob""},{""scope"":""git-object"",""repository"":""fastlink-recovery-archive"",""object"":""e1dae4aad66e62f980683e163042bfdb1c3882b8"",""path_id"":""path/6b21e3cef30bdc07592f199a"",""object_type"":""blob""},{""scope"":""git-object"",""repository"":""path/c90572454d458f720ba700f1"",""object"":""e1dae4aad66e62f980683e163042bfdb1c3882b8"",""path_id"":""path/d6850932cb32c9d90369d2a2"",""object_type"":""blob""},{""scope"":""original-file"",""path_id"":""path/32ace3daaec9da2b3e09f66e""},{""scope"":""original-file"",""path_id"":""path/b43aec91bc7d8e0453a6f7ca""},{""scope"":""original-file"",""path_id"":""path/35b61273a5792d84bb012706""},{""scope"":""original-file"",""path_id"":""path/2722e1139daec475d80076ad""},{""scope"":""original-file"",""path_id"":""path/f632c9c2b99db0475f49c527""},{""scope"":""original-file"",""path_id"":""path/73e9fcf655851acbf4a7a56f""},{""scope"":""original-file"",""path_id"":""path/2d0a55adcdc17f07f35adfb4""},{""scope"":""original-file"",""path_id"":""path/f09cc19bcd09bd116f44330a""},{""scope"":""original-file"",""path_id"":""path/38c7302be7f04a880e84198b""},{""scope"":""original-file"",""path_id"":""path/ce0e8c0940cd942883371158""},{""scope"":""original-file"",""path_id"":""path/5434950b5f64959f39d83893""},{""scope"":""original-file"",""path_id"":""path/cf938c67a3afa80db49a86e0""},{""scope"":""original-file"",""path_id"":""path/3453ad1b6b19e6a85513d9ec""},{""scope"":""original-file"",""path_id"":""path/5d6a8d317036d50e02caed10""},{""scope"":""original-file"",""path_id"":""path/d6850932cb32c9d90369d2a2""},{""scope"":""original-file"",""path_id"":""path/ebaa8fda74917953fd5bbee2""},{""scope"":""original-file"",""path_id"":""path/49ad7adcacd7037b20ee69e4""},{""scope"":""original-file"",""path_id"":""path/92d6c8579730c5a0fa32f446""},{""scope"":""original-file"",""path_id"":""path/8e0da99aca497a3b4ad4987e""},{""scope"":""original-file"",""path_id"":""path/dd2f4a3e0ea49144d2e6aba8""},{""scope"":""original-file"",""path_id"":""path/89cc4cecf72c356192a5f308""}]",先离线确认资产及影响→另单审批→所有者执行凭据处置→依赖/源码治理→独立复验；本单不执行,另单核对秘密管理版本、授权审计与部署记录，并重新本地扫描；不使用发现的凭据认证,所有者离线确认生产凭据、生产运行路径、活跃外部服务或资金/核心权限影响时触发；当前待判定,FastLink安全负责人及对应资产责任角色,未收到所有者审核意见；未完成最终定性,未提供,阶段A输入包仅含既有执行端结构记录；未收到该ID的所有者确认记录,发现ID、资产/疑似环境、分类、非秘密依据、权限/影响、审核角色/时间、建议动作,责任角色认领并提交非秘密审核记录，安全负责人复核,交接后24小时内认领；2个工作日内反馈或说明阻塞及新期限，待责任人确认,High,1,疑似资金或连接/身份/服务权限影响,24小时内初审；均待责任角色承诺,False,最多调整审核顺序，不作为定性或降级依据,False
SEC2-f4e8397c0d7fb375,f4e8397c0d7fb375a6e2ffb7de214353bdd4bd268c93b6adbd3e7f29ffae0445,"[""archive-member"",""fastlik-backend"",""fastlink-recovery-archive"",""original-file"",""path/c90572454d458f720ba700f1""]",未知，待所有者确认,"[""后端与资金集成负责人"",""控制与归档资产负责人"",""新钱包技术负责人""]",仍无法确认,"[""high-entropy-secret-field-literal-unverified""]","[""c55a2c35f8f37081fd1b21688301f2cf60838a0f8a07ec2eef63a62f2962c639"",""52d017af2a4c82a4fb0349748ae0bac102f7c96d756402dc385a18c631163bf6"",""e449188adc7d8219d310bd85f75a81fa5d0c57395198f60cce69835d10fc9a41"",""2fd434a0fee850fda0786cce85f139d12157c8ab13964e68181fab74bb17c851"",""eed4f90f6dac6dab1eddcae2a39e647f67dca73764057729f7068a97c91cc496"",""a443e2041b11c6dd8a71bafb0a52f7c034fc5cd2dcf00c25baebd7f59a8ad562"",""5f62f7169143d5603ca3bb7fd4931d35fcf14abaf0ccca08f1365088cb9119c4""]",沿用High候选；实际权限未确认,可能涉及认证、签名或应用共享秘密；实际环境、权限与有效性未确认,"[{""scope"":""archive-member"",""container_sha256"":""630377876111120043513f5652c31283ce98415b9be8495e81e96b72e8549b37"",""path_id"":""path/d75c6853effb628beb9bdfb6""},{""scope"":""archive-member"",""container_sha256"":""c55a2c35f8f37081fd1b21688301f2cf60838a0f8a07ec2eef63a62f2962c639"",""path_id"":""path/ec2791e6fd229202559d8729""},{""scope"":""git-object"",""repository"":""fastlik-backend"",""object"":""731a90488612b69b30e35add83cae72aa866b49b"",""path_id"":""path/ac13f51bb0ae6e14f5b44a69"",""object_type"":""blob""},{""scope"":""git-object"",""repository"":""fastlik-backend"",""object"":""860a3a971916c6ecc3dfb06c745ce9139d8a94df"",""path_id"":""path/ac13f51bb0ae6e14f5b44a69"",""object_type"":""blob""},{""scope"":""git-object"",""repository"":""fastlik-backend"",""object"":""a76de531f85bdc55c397fd125539333383e6c077"",""path_id"":""path/ac13f51bb0ae6e14f5b44a69"",""object_type"":""blob""},{""scope"":""git-object"",""repository"":""fastlik-backend"",""object"":""8a9a511ac2f646be382bcdcd6bc06fdb32636d60"",""path_id"":""path/ac13f51bb0ae6e14f5b44a69"",""object_type"":""blob""},{""scope"":""git-object"",""repository"":""fastlik-backend"",""object"":""bd4820b56deff7970af4f5ad1a819f7831683dea"",""path_id"":""path/ac13f51bb0ae6e14f5b44a69"",""object_type"":""blob""},{""scope"":""git-object"",""repository"":""fastlik-backend"",""object"":""b4e7f0956c21d3ada8eb54ce8d97f94c0acce09c"",""path_id"":""path/ac13f51bb0ae6e14f5b44a69"",""object_type"":""blob""},{""scope"":""git-object"",""repository"":""fastlink-recovery-archive"",""object"":""b4e7f0956c21d3ada8eb54ce8d97f94c0acce09c"",""path_id"":""path/87ab1e651e6616f335ab38f2"",""object_type"":""blob""},{""scope"":""git-object"",""repository"":""path/c90572454d458f720ba700f1"",""object"":""b4e7f0956c21d3ada8eb54ce8d97f94c0acce09c"",""path_id"":""path/6285b6bc030abf652c87da8c"",""object_type"":""blob""},{""scope"":""original-file"",""path_id"":""path/eb09337cdef1045822c3ab0d""},{""scope"":""original-file"",""path_id"":""path/011bb59142ed71e75ea71e1f""},{""scope"":""original-file"",""path_id"":""path/3e87680e4fae0d4dd3235cb9""},{""scope"":""original-file"",""path_id"":""path/7572c98d2e1cd9638da7e966""},{""scope"":""original-file"",""path_id"":""path/cd69bd9ab4a49b8a8e95668e""},{""scope"":""original-file"",""path_id"":""path/8addf0ebccb9fabbd893b8ae""},{""scope"":""original-file"",""path_id"":""path/7fe13875935b079f9a106b45""},{""scope"":""original-file"",""path_id"":""path/46e97c137fd1fb0dc521ddd2""},{""scope"":""original-file"",""path_id"":""path/889fc8ce4e881fd85b60cae8""},{""scope"":""original-file"",""path_id"":""path/083eb1ae12040400494d24b7""},{""scope"":""original-file"",""path_id"":""path/defa9d45392b7931f5732534""},{""scope"":""original-file"",""path_id"":""path/44cea9e18c9b3c1f9159f16b""},{""scope"":""original-file"",""path_id"":""path/2e55971214e6d8a4b0d3c176""},{""scope"":""original-file"",""path_id"":""path/79544ba7da4460cf6d63fb09""},{""scope"":""original-file"",""path_id"":""path/6285b6bc030abf652c87da8c""},{""scope"":""original-file"",""path_id"":""path/ee2e5d8d9196e0284fe20b2b""},{""scope"":""original-file"",""path_id"":""path/321698c8f2e610f9b4b668ec""}]",先离线确认资产及影响→另单审批→所有者执行凭据处置→依赖/源码治理→独立复验；本单不执行,另单核对秘密管理版本、授权审计与部署记录，并重新本地扫描；不使用发现的凭据认证,所有者离线确认生产凭据、生产运行路径、活跃外部服务或资金/核心权限影响时触发；当前待判定,FastLink安全负责人及对应资产责任角色,未收到所有者审核意见；未完成最终定性,未提供,阶段A输入包仅含既有执行端结构记录；未收到该ID的所有者确认记录,发现ID、资产/疑似环境、分类、非秘密依据、权限/影响、审核角色/时间、建议动作,责任角色认领并提交非秘密审核记录，安全负责人复核,交接后24小时内认领；2个工作日内反馈或说明阻塞及新期限，待责任人确认,High,1,疑似资金或连接/身份/服务权限影响,24小时内初审；均待责任角色承诺,False,最多调整审核顺序，不作为定性或降级依据,False
SEC2-c8e2f1549dff1294,c8e2f1549dff1294fd638302c2024cff7a4019d0da369bb0f3e05e41bf796a59,"[""archive-member"",""fastlik-backend"",""fastlink-recovery-archive"",""original-file"",""path/c90572454d458f720ba700f1""]",未知，待所有者确认,"[""后端与资金集成负责人"",""控制与归档资产负责人"",""新钱包技术负责人""]",仍无法确认,"[""high-entropy-secret-field-literal-unverified""]","[""c55a2c35f8f37081fd1b21688301f2cf60838a0f8a07ec2eef63a62f2962c639"",""52d017af2a4c82a4fb0349748ae0bac102f7c96d756402dc385a18c631163bf6"",""e449188adc7d8219d310bd85f75a81fa5d0c57395198f60cce69835d10fc9a41"",""2fd434a0fee850fda0786cce85f139d12157c8ab13964e68181fab74bb17c851"",""eed4f90f6dac6dab1eddcae2a39e647f67dca73764057729f7068a97c91cc496"",""a443e2041b11c6dd8a71bafb0a52f7c034fc5cd2dcf00c25baebd7f59a8ad562"",""5f62f7169143d5603ca3bb7fd4931d35fcf14abaf0ccca08f1365088cb9119c4""]",沿用High候选；实际权限未确认,可能涉及认证、签名或应用共享秘密；实际环境、权限与有效性未确认,"[{""scope"":""archive-member"",""container_sha256"":""630377876111120043513f5652c31283ce98415b9be8495e81e96b72e8549b37"",""path_id"":""path/d75c6853effb628beb9bdfb6""},{""scope"":""archive-member"",""container_sha256"":""c55a2c35f8f37081fd1b21688301f2cf60838a0f8a07ec2eef63a62f2962c639"",""path_id"":""path/ec2791e6fd229202559d8729""},{""scope"":""git-object"",""repository"":""fastlik-backend"",""object"":""731a90488612b69b30e35add83cae72aa866b49b"",""path_id"":""path/ac13f51bb0ae6e14f5b44a69"",""object_type"":""blob""},{""scope"":""git-object"",""repository"":""fastlik-backend"",""object"":""860a3a971916c6ecc3dfb06c745ce9139d8a94df"",""path_id"":""path/ac13f51bb0ae6e14f5b44a69"",""object_type"":""blob""},{""scope"":""git-object"",""repository"":""fastlik-backend"",""object"":""a76de531f85bdc55c397fd125539333383e6c077"",""path_id"":""path/ac13f51bb0ae6e14f5b44a69"",""object_type"":""blob""},{""scope"":""git-object"",""repository"":""fastlik-backend"",""object"":""8a9a511ac2f646be382bcdcd6bc06fdb32636d60"",""path_id"":""path/ac13f51bb0ae6e14f5b44a69"",""object_type"":""blob""},{""scope"":""git-object"",""repository"":""fastlik-backend"",""object"":""bd4820b56deff7970af4f5ad1a819f7831683dea"",""path_id"":""path/ac13f51bb0ae6e14f5b44a69"",""object_type"":""blob""},{""scope"":""git-object"",""repository"":""fastlik-backend"",""object"":""b4e7f0956c21d3ada8eb54ce8d97f94c0acce09c"",""path_id"":""path/ac13f51bb0ae6e14f5b44a69"",""object_type"":""blob""},{""scope"":""git-object"",""repository"":""fastlink-recovery-archive"",""object"":""b4e7f0956c21d3ada8eb54ce8d97f94c0acce09c"",""path_id"":""path/87ab1e651e6616f335ab38f2"",""object_type"":""blob""},{""scope"":""git-object"",""repository"":""path/c90572454d458f720ba700f1"",""object"":""b4e7f0956c21d3ada8eb54ce8d97f94c0acce09c"",""path_id"":""path/6285b6bc030abf652c87da8c"",""object_type"":""blob""},{""scope"":""original-file"",""path_id"":""path/eb09337cdef1045822c3ab0d""},{""scope"":""original-file"",""path_id"":""path/011bb59142ed71e75ea71e1f""},{""scope"":""original-file"",""path_id"":""path/3e87680e4fae0d4dd3235cb9""},{""scope"":""original-file"",""path_id"":""path/7572c98d2e1cd9638da7e966""},{""scope"":""original-file"",""path_id"":""path/cd69bd9ab4a49b8a8e95668e""},{""scope"":""original-file"",""path_id"":""path/8addf0ebccb9fabbd893b8ae""},{""scope"":""original-file"",""path_id"":""path/7fe13875935b079f9a106b45""},{""scope"":""original-file"",""path_id"":""path/46e97c137fd1fb0dc521ddd2""},{""scope"":""original-file"",""path_id"":""path/889fc8ce4e881fd85b60cae8""},{""scope"":""original-file"",""path_id"":""path/083eb1ae12040400494d24b7""},{""scope"":""original-file"",""path_id"":""path/defa9d45392b7931f5732534""},{""scope"":""original-file"",""path_id"":""path/44cea9e18c9b3c1f9159f16b""},{""scope"":""original-file"",""path_id"":""path/2e55971214e6d8a4b0d3c176""},{""scope"":""original-file"",""path_id"":""path/79544ba7da4460cf6d63fb09""},{""scope"":""original-file"",""path_id"":""path/6285b6bc030abf652c87da8c""},{""scope"":""original-file"",""path_id"":""path/ee2e5d8d9196e0284fe20b2b""},{""scope"":""original-file"",""path_id"":""path/321698c8f2e610f9b4b668ec""}]",先离线确认资产及影响→另单审批→所有者执行凭据处置→依赖/源码治理→独立复验；本单不执行,另单核对秘密管理版本、授权审计与部署记录，并重新本地扫描；不使用发现的凭据认证,所有者离线确认生产凭据、生产运行路径、活跃外部服务或资金/核心权限影响时触发；当前待判定,FastLink安全负责人及对应资产责任角色,未收到所有者审核意见；未完成最终定性,未提供,阶段A输入包仅含既有执行端结构记录；未收到该ID的所有者确认记录,发现ID、资产/疑似环境、分类、非秘密依据、权限/影响、审核角色/时间、建议动作,责任角色认领并提交非秘密审核记录，安全负责人复核,交接后24小时内认领；2个工作日内反馈或说明阻塞及新期限，待责任人确认,High,1,疑似资金或连接/身份/服务权限影响,24小时内初审；均待责任角色承诺,False,最多调整审核顺序，不作为定性或降级依据,False
SEC2-a8051b0f4ef1ee4c,a8051b0f4ef1ee4c8334528f8aa56be0d0a565fdb197f180cf3bdbe8b8d6052e,"[""archive-member"",""fastlik-backend"",""fastlink-recovery-archive"",""original-file"",""path/c90572454d458f720ba700f1""]",未知，待所有者确认,"[""后端与资金集成负责人"",""控制与归档资产负责人"",""新钱包技术负责人""]",仍无法确认,"[""authorization-credential-shape-unverified""]","[""c55a2c35f8f37081fd1b21688301f2cf60838a0f8a07ec2eef63a62f2962c639"",""533b9be5af3a9ed63eb6d85cb223efe6da737e2d4027a83ce2b3d6a476764efa"",""61ae46fe17315ee7ec6afca89dc2db44b41e16015645a6ba5f1689823a811afc"",""f6d29e68c26ec65a1f52cb423985ea9d080f0c7a5c4475701c6d32d04749fb1c"",""a0b005cdf2cef7234077299627715d1a13f15282dd17e4157b9ef7fe60c05382"",""71d79ddcd9e60b9480e2399444eebd4bf96ed4b5fe7f5733919145094c1a2db0"",""eed72da6f06370f7373e39d02796af097d16fb0c7a6f0c0049e14f049647fb60""]",沿用High候选；实际权限未确认,可能涉及会话或API访问授权；实际环境、权限与有效性未确认,"[{""scope"":""archive-member"",""container_sha256"":""630377876111120043513f5652c31283ce98415b9be8495e81e96b72e8549b37"",""path_id"":""path/d75c6853effb628beb9bdfb6""},{""scope"":""archive-member"",""container_sha256"":""c55a2c35f8f37081fd1b21688301f2cf60838a0f8a07ec2eef63a62f2962c639"",""path_id"":""path/a312f3e43f16e57f53e3f97c""},{""scope"":""git-object"",""repository"":""fastlik-backend"",""object"":""9e7cafe704d4a716207afefbc555c6b0024b48a8"",""path_id"":""path/faa5459061de06f61a2b8e8c"",""object_type"":""blob""},{""scope"":""git-object"",""repository"":""fastlik-backend"",""object"":""1d2883b1370ab815993724eda9210dbf8b296bb4"",""path_id"":""path/89013f87817acac430cbeb35"",""object_type"":""blob""},{""scope"":""git-object"",""repository"":""fastlik-backend"",""object"":""372170520bff871ccaec36f5c67eae9b01bfd119"",""path_id"":""path/faa5459061de06f61a2b8e8c"",""object_type"":""blob""},{""scope"":""git-object"",""repository"":""fastlik-backend"",""object"":""26e5381420448219f676b20370acfee82b407c50"",""path_id"":""path/89013f87817acac430cbeb35"",""object_type"":""blob""},{""scope"":""original-file"",""path_id"":""path/22ce4402f5680f2b73a42fdb""},{""scope"":""git-object"",""repository"":""fastlik-backend"",""object"":""b1d9eb201e340d6f977e56db450aba37582af0ed"",""path_id"":""path/faa5459061de06f61a2b8e8c"",""object_type"":""blob""},{""scope"":""git-object"",""repository"":""fastlink-recovery-archive"",""object"":""b1d9eb201e340d6f977e56db450aba37582af0ed"",""path_id"":""path/b1f80ba11fa87ecc5d036990"",""object_type"":""blob""},{""scope"":""git-object"",""repository"":""path/c90572454d458f720ba700f1"",""object"":""b1d9eb201e340d6f977e56db450aba37582af0ed"",""path_id"":""path/a48c926623de1531d498cc23"",""object_type"":""blob""},{""scope"":""original-file"",""path_id"":""path/7c54eb8c67c42f22d9e43f4c""},{""scope"":""original-file"",""path_id"":""path/60e034b6865236c4292e1656""},{""scope"":""original-file"",""path_id"":""path/941d2e7c49d3f55cd871d672""},{""scope"":""original-file"",""path_id"":""path/8806140b84d1865a3ab587a9""},{""scope"":""original-file"",""path_id"":""path/19cf046c85954d7086635dde""},{""scope"":""original-file"",""path_id"":""path/11b3f182d88e294b02e507eb""},{""scope"":""original-file"",""path_id"":""path/e92f48bfba75e39f133513e6""},{""scope"":""original-file"",""path_id"":""path/ebffc5fb8f4410c1a1feaed7""},{""scope"":""original-file"",""path_id"":""path/9e3f06d7eabbb40f05980ffc""},{""scope"":""original-file"",""path_id"":""path/4940b692c888ed87f3575bf9""},{""scope"":""original-file"",""path_id"":""path/90b151ab9455168e788ff1ba""},{""scope"":""original-file"",""path_id"":""path/a8d601f2a061d0179766802e""},{""scope"":""original-file"",""path_id"":""path/6650fef1f6a8a434c4a4f1ab""},{""scope"":""original-file"",""path_id"":""path/0511837d75d27e779846fa02""},{""scope"":""original-file"",""path_id"":""path/a48c926623de1531d498cc23""},{""scope"":""original-file"",""path_id"":""path/851ff1ac1de9b667d3e6e0db""},{""scope"":""original-file"",""path_id"":""path/0a8c4adf62b895885d9b016f""},{""scope"":""original-file"",""path_id"":""path/914854b66cc4778d6dbe71a1""},{""scope"":""original-file"",""path_id"":""path/8cafa0034b4db8b72737502c""},{""scope"":""original-file"",""path_id"":""path/5c5c112e29b0df8b72a12f51""},{""scope"":""original-file"",""path_id"":""path/60a276a5224d79b08d2ccf5f""}]",先离线确认资产及影响→另单审批→所有者执行凭据处置→依赖/源码治理→独立复验；本单不执行,另单核对秘密管理版本、授权审计与部署记录，并重新本地扫描；不使用发现的凭据认证,所有者离线确认生产凭据、生产运行路径、活跃外部服务或资金/核心权限影响时触发；当前待判定,FastLink安全负责人及对应资产责任角色,未收到所有者审核意见；未完成最终定性,未提供,阶段A输入包仅含既有执行端结构记录；未收到该ID的所有者确认记录,发现ID、资产/疑似环境、分类、非秘密依据、权限/影响、审核角色/时间、建议动作,责任角色认领并提交非秘密审核记录，安全负责人复核,交接后24小时内认领；2个工作日内反馈或说明阻塞及新期限，待责任人确认,High,1,疑似资金或连接/身份/服务权限影响,24小时内初审；均待责任角色承诺,False,最多调整审核顺序，不作为定性或降级依据,False
SEC2-4e210c325f85a3c2,4e210c325f85a3c2d9516dc6ffee6c94e22a0d0705db9156f36da09bd47c26f8,"[""archive-member"",""fastlik-backend"",""fastlink-recovery-archive"",""original-file"",""path/c90572454d458f720ba700f1""]",未知，待所有者确认,"[""后端与资金集成负责人"",""控制与归档资产负责人"",""新钱包技术负责人""]",仍无法确认,"[""authorization-credential-shape-unverified""]","[""c55a2c35f8f37081fd1b21688301f2cf60838a0f8a07ec2eef63a62f2962c639"",""fc688b8e40795a32cdb8a0aabbc6a6e1103ce9b844e3e6f9c08c31ee5a04481e"",""d3bff231af002c965136c4e41c5e103854dfc073cbecaaccd32797e0f2a3faaa"",""995ac6a8ea60ce40a36d90ed0e49bca091d823eff8071211552e1a01940aa612"",""405051aa21bfb4edc7e6745f40618fc9966745564afaf5139eab84c39b9a0df2"",""96ec630a83635f8181a47ebe385803c6e2bb19883a7c93874c6ad44057754766"",""e49fd8d29925e7a188dcda11a52fd152d6b8e2860f835a871b72bf6a7d1d97a7""]",沿用High候选；实际权限未确认,可能涉及会话或API访问授权；实际环境、权限与有效性未确认,"[{""scope"":""archive-member"",""container_sha256"":""630377876111120043513f5652c31283ce98415b9be8495e81e96b72e8549b37"",""path_id"":""path/d75c6853effb628beb9bdfb6""},{""scope"":""archive-member"",""container_sha256"":""c55a2c35f8f37081fd1b21688301f2cf60838a0f8a07ec2eef63a62f2962c639"",""path_id"":""path/518797e3de9e283ad766c4e1""},{""scope"":""git-object"",""repository"":""fastlik-backend"",""object"":""89b602b64c9c7599541d4cae9bd80c00ffea683c"",""path_id"":""path/68aaf6e14e39c32d07d39ae6"",""object_type"":""blob""},{""scope"":""git-object"",""repository"":""fastlik-backend"",""object"":""87d4fd6ee73e6b8231665b15affe3a5d76b2725d"",""path_id"":""path/68aaf6e14e39c32d07d39ae6"",""object_type"":""blob""},{""scope"":""git-object"",""repository"":""fastlik-backend"",""object"":""6e089dcc6209f6c88dc274de6d855acc6d4acd17"",""path_id"":""path/68aaf6e14e39c32d07d39ae6"",""object_type"":""blob""},{""scope"":""git-object"",""repository"":""fastlik-backend"",""object"":""d4dab3d071f8b4dd746893447dc9be9c24d7f6a4"",""path_id"":""path/68aaf6e14e39c32d07d39ae6"",""object_type"":""blob""},{""scope"":""original-file"",""path_id"":""path/ed1b52b45b620d0b448807ac""},{""scope"":""git-object"",""repository"":""fastlik-backend"",""object"":""5e8879cfb39d1ea2d8e1a455d212e669ef028b86"",""path_id"":""path/68aaf6e14e39c32d07d39ae6"",""object_type"":""blob""},{""scope"":""git-object"",""repository"":""fastlink-recovery-archive"",""object"":""5e8879cfb39d1ea2d8e1a455d212e669ef028b86"",""path_id"":""path/bd3a2b657fe7c86b2ab03de3"",""object_type"":""blob""},{""scope"":""git-object"",""repository"":""path/c90572454d458f720ba700f1"",""object"":""5e8879cfb39d1ea2d8e1a455d212e669ef028b86"",""path_id"":""path/5d8992dd12d1e2753e074504"",""object_type"":""blob""},{""scope"":""original-file"",""path_id"":""path/a38aa9a87d6b4a54d55df2a1""},{""scope"":""original-file"",""path_id"":""path/1aeb771dd7e3544e2a7996a5""},{""scope"":""original-file"",""path_id"":""path/af78ce890e73087a42f6fd22""},{""scope"":""original-file"",""path_id"":""path/4def77a20a2e0598f9bd4b29""},{""scope"":""original-file"",""path_id"":""path/8aa48892c9f67502242ee4aa""},{""scope"":""original-file"",""path_id"":""path/b2cb612e719b22a3cf50e45d""},{""scope"":""original-file"",""path_id"":""path/80a4152293e8bb4503f70e23""},{""scope"":""original-file"",""path_id"":""path/84200d9bcfddc17ce01745ef""},{""scope"":""original-file"",""path_id"":""path/e250268f3981bbbb4399786f""},{""scope"":""original-file"",""path_id"":""path/41b775eed7675821c3150791""},{""scope"":""original-file"",""path_id"":""path/0917a263875faa8f76ec04b8""},{""scope"":""original-file"",""path_id"":""path/4a37e19889b211a791f34427""},{""scope"":""original-file"",""path_id"":""path/535f82456193c9cdec9c4685""},{""scope"":""original-file"",""path_id"":""path/82539a1b5df5b64dfbf96543""},{""scope"":""original-file"",""path_id"":""path/5d8992dd12d1e2753e074504""},{""scope"":""original-file"",""path_id"":""path/bca8b2fe63941b05c1ffa965""},{""scope"":""original-file"",""path_id"":""path/20cae98476abda5480268d59""},{""scope"":""original-file"",""path_id"":""path/e31549c6ea7b5b97585128b5""},{""scope"":""original-file"",""path_id"":""path/628b0c04caf8e91f7955c3d3""},{""scope"":""original-file"",""path_id"":""path/556e5c9449f76c44d683e1f4""},{""scope"":""original-file"",""path_id"":""path/dffb38ceb69fa9a8d22b4629""}]",先离线确认资产及影响→另单审批→所有者执行凭据处置→依赖/源码治理→独立复验；本单不执行,另单核对秘密管理版本、授权审计与部署记录，并重新本地扫描；不使用发现的凭据认证,所有者离线确认生产凭据、生产运行路径、活跃外部服务或资金/核心权限影响时触发；当前待判定,FastLink安全负责人及对应资产责任角色,未收到所有者审核意见；未完成最终定性,未提供,阶段A输入包仅含既有执行端结构记录；未收到该ID的所有者确认记录,发现ID、资产/疑似环境、分类、非秘密依据、权限/影响、审核角色/时间、建议动作,责任角色认领并提交非秘密审核记录，安全负责人复核,交接后24小时内认领；2个工作日内反馈或说明阻塞及新期限，待责任人确认,High,1,疑似资金或连接/身份/服务权限影响,24小时内初审；均待责任角色承诺,False,最多调整审核顺序，不作为定性或降级依据,False
SEC2-ddf20536557cae02,ddf20536557cae02663cea5055685d867bec45677c4eed4499216c8b2c8c4d43,"[""archive-member"",""fastlik-backend"",""fastlink-recovery-archive"",""original-file"",""path/c90572454d458f720ba700f1""]",未知，待所有者确认,"[""后端与资金集成负责人"",""控制与归档资产负责人"",""新钱包技术负责人""]",仍无法确认,"[""authorization-credential-shape-unverified""]","[""c55a2c35f8f37081fd1b21688301f2cf60838a0f8a07ec2eef63a62f2962c639"",""fc688b8e40795a32cdb8a0aabbc6a6e1103ce9b844e3e6f9c08c31ee5a04481e"",""d3bff231af002c965136c4e41c5e103854dfc073cbecaaccd32797e0f2a3faaa"",""995ac6a8ea60ce40a36d90ed0e49bca091d823eff8071211552e1a01940aa612"",""e49fd8d29925e7a188dcda11a52fd152d6b8e2860f835a871b72bf6a7d1d97a7""]",沿用High候选；实际权限未确认,可能涉及会话或API访问授权；实际环境、权限与有效性未确认,"[{""scope"":""archive-member"",""container_sha256"":""630377876111120043513f5652c31283ce98415b9be8495e81e96b72e8549b37"",""path_id"":""path/d75c6853effb628beb9bdfb6""},{""scope"":""archive-member"",""container_sha256"":""c55a2c35f8f37081fd1b21688301f2cf60838a0f8a07ec2eef63a62f2962c639"",""path_id"":""path/518797e3de9e283ad766c4e1""},{""scope"":""git-object"",""repository"":""fastlik-backend"",""object"":""89b602b64c9c7599541d4cae9bd80c00ffea683c"",""path_id"":""path/68aaf6e14e39c32d07d39ae6"",""object_type"":""blob""},{""scope"":""git-object"",""repository"":""fastlik-backend"",""object"":""87d4fd6ee73e6b8231665b15affe3a5d76b2725d"",""path_id"":""path/68aaf6e14e39c32d07d39ae6"",""object_type"":""blob""},{""scope"":""original-file"",""path_id"":""path/ed1b52b45b620d0b448807ac""},{""scope"":""git-object"",""repository"":""fastlik-backend"",""object"":""5e8879cfb39d1ea2d8e1a455d212e669ef028b86"",""path_id"":""path/68aaf6e14e39c32d07d39ae6"",""object_type"":""blob""},{""scope"":""git-object"",""repository"":""fastlink-recovery-archive"",""object"":""5e8879cfb39d1ea2d8e1a455d212e669ef028b86"",""path_id"":""path/bd3a2b657fe7c86b2ab03de3"",""object_type"":""blob""},{""scope"":""git-object"",""repository"":""path/c90572454d458f720ba700f1"",""object"":""5e8879cfb39d1ea2d8e1a455d212e669ef028b86"",""path_id"":""path/5d8992dd12d1e2753e074504"",""object_type"":""blob""},{""scope"":""original-file"",""path_id"":""path/a38aa9a87d6b4a54d55df2a1""},{""scope"":""original-file"",""path_id"":""path/1aeb771dd7e3544e2a7996a5""},{""scope"":""original-file"",""path_id"":""path/af78ce890e73087a42f6fd22""},{""scope"":""original-file"",""path_id"":""path/4def77a20a2e0598f9bd4b29""},{""scope"":""original-file"",""path_id"":""path/8aa48892c9f67502242ee4aa""},{""scope"":""original-file"",""path_id"":""path/b2cb612e719b22a3cf50e45d""},{""scope"":""original-file"",""path_id"":""path/80a4152293e8bb4503f70e23""},{""scope"":""original-file"",""path_id"":""path/84200d9bcfddc17ce01745ef""},{""scope"":""original-file"",""path_id"":""path/e250268f3981bbbb4399786f""},{""scope"":""original-file"",""path_id"":""path/41b775eed7675821c3150791""},{""scope"":""original-file"",""path_id"":""path/0917a263875faa8f76ec04b8""},{""scope"":""original-file"",""path_id"":""path/4a37e19889b211a791f34427""},{""scope"":""original-file"",""path_id"":""path/535f82456193c9cdec9c4685""},{""scope"":""original-file"",""path_id"":""path/82539a1b5df5b64dfbf96543""},{""scope"":""original-file"",""path_id"":""path/5d8992dd12d1e2753e074504""},{""scope"":""original-file"",""path_id"":""path/bca8b2fe63941b05c1ffa965""},{""scope"":""original-file"",""path_id"":""path/20cae98476abda5480268d59""},{""scope"":""original-file"",""path_id"":""path/e31549c6ea7b5b97585128b5""},{""scope"":""original-file"",""path_id"":""path/628b0c04caf8e91f7955c3d3""},{""scope"":""original-file"",""path_id"":""path/556e5c9449f76c44d683e1f4""},{""scope"":""original-file"",""path_id"":""path/dffb38ceb69fa9a8d22b4629""}]",先离线确认资产及影响→另单审批→所有者执行凭据处置→依赖/源码治理→独立复验；本单不执行,另单核对秘密管理版本、授权审计与部署记录，并重新本地扫描；不使用发现的凭据认证,所有者离线确认生产凭据、生产运行路径、活跃外部服务或资金/核心权限影响时触发；当前待判定,FastLink安全负责人及对应资产责任角色,未收到所有者审核意见；未完成最终定性,未提供,阶段A输入包仅含既有执行端结构记录；未收到该ID的所有者确认记录,发现ID、资产/疑似环境、分类、非秘密依据、权限/影响、审核角色/时间、建议动作,责任角色认领并提交非秘密审核记录，安全负责人复核,交接后24小时内认领；2个工作日内反馈或说明阻塞及新期限，待责任人确认,High,1,疑似资金或连接/身份/服务权限影响,24小时内初审；均待责任角色承诺,False,最多调整审核顺序，不作为定性或降级依据,False
SEC2-52e91cabd2b4b709,52e91cabd2b4b709aca63e1c9b6235ba9e0f13a7ad7b3301987b0a3b4fddf174,"[""archive-member"",""fastlik-backend"",""fastlink-recovery-archive"",""original-file"",""path/c90572454d458f720ba700f1""]",未知，待所有者确认,"[""后端与资金集成负责人"",""控制与归档资产负责人"",""新钱包技术负责人""]",仍无法确认,"[""complete-credential-url-unverified""]","[""c55a2c35f8f37081fd1b21688301f2cf60838a0f8a07ec2eef63a62f2962c639"",""c8dedf2b77ae693e162cda0c4c730c2692be73690c5f86d131874481ec901d7b"",""2360dc9b89e736b11f59c01dbe4c897ba3158ac5ff0b2080e7e1ae885733bdae""]",沿用High候选；实际权限未确认,可能涉及连接身份及服务/数据库访问；实际环境、权限与有效性未确认,"[{""scope"":""archive-member"",""container_sha256"":""630377876111120043513f5652c31283ce98415b9be8495e81e96b72e8549b37"",""path_id"":""path/d75c6853effb628beb9bdfb6""},{""scope"":""archive-member"",""container_sha256"":""c55a2c35f8f37081fd1b21688301f2cf60838a0f8a07ec2eef63a62f2962c639"",""path_id"":""path/3028e9e91fc9a595170d52b4""},{""scope"":""original-file"",""path_id"":""path/90c80f58844923ecf559012e""},{""scope"":""git-object"",""repository"":""fastlik-backend"",""object"":""b284c788e11c104228330e46cff8803bdfe4dec7"",""path_id"":""path/fb3f4d00ab22afb17b0876da"",""object_type"":""blob""},{""scope"":""git-object"",""repository"":""fastlink-recovery-archive"",""object"":""b284c788e11c104228330e46cff8803bdfe4dec7"",""path_id"":""path/99a7167b1cced6dc2089980a"",""object_type"":""blob""},{""scope"":""git-object"",""repository"":""path/c90572454d458f720ba700f1"",""object"":""b284c788e11c104228330e46cff8803bdfe4dec7"",""path_id"":""path/681f8e00c78129018d0f4851"",""object_type"":""blob""},{""scope"":""original-file"",""path_id"":""path/8affb8aea3491e181fe09bdc""},{""scope"":""original-file"",""path_id"":""path/88b901c33c0109b023ac22b8""},{""scope"":""original-file"",""path_id"":""path/cb828f9e95847c76afdb375a""},{""scope"":""original-file"",""path_id"":""path/52fc1aefccea261482c92310""},{""scope"":""original-file"",""path_id"":""path/0cb9f0c0ffe4ad8ff6886d7c""},{""scope"":""original-file"",""path_id"":""path/f0ddb06ca6e2ef3b00a586b3""},{""scope"":""original-file"",""path_id"":""path/d388b1101a13503abfd98c70""},{""scope"":""original-file"",""path_id"":""path/508b75a7cb7a43d45283e251""},{""scope"":""original-file"",""path_id"":""path/f1eaa99364477aaf5485076b""},{""scope"":""original-file"",""path_id"":""path/03c5e95ece339079a404f43a""},{""scope"":""original-file"",""path_id"":""path/3a163fb1b245092c731012e2""},{""scope"":""original-file"",""path_id"":""path/f76f99eb1b8ebe15e4cc20c2""},{""scope"":""original-file"",""path_id"":""path/d5f792ed949b32ac01bfd338""},{""scope"":""original-file"",""path_id"":""path/d03c368f3818ef0e07ce0723""},{""scope"":""original-file"",""path_id"":""path/681f8e00c78129018d0f4851""},{""scope"":""original-file"",""path_id"":""path/1025e6c997cf804bee884a95""},{""scope"":""original-file"",""path_id"":""path/b51d4d09f26f33f2420ab59a""},{""scope"":""original-file"",""path_id"":""path/d9b247f9630889d813d41321""},{""scope"":""original-file"",""path_id"":""path/21c6049300e346fd8a663647""},{""scope"":""original-file"",""path_id"":""path/a2c22ddf63b5c3564451ec67""},{""scope"":""original-file"",""path_id"":""path/218b298c6eef10710db9301b""}]",先离线确认资产及影响→另单审批→所有者执行凭据处置→依赖/源码治理→独立复验；本单不执行,另单核对秘密管理版本、授权审计与部署记录，并重新本地扫描；不使用发现的凭据认证,所有者离线确认生产凭据、生产运行路径、活跃外部服务或资金/核心权限影响时触发；当前待判定,FastLink安全负责人及对应资产责任角色,未收到所有者审核意见；未完成最终定性,未提供,阶段A输入包仅含既有执行端结构记录；未收到该ID的所有者确认记录,发现ID、资产/疑似环境、分类、非秘密依据、权限/影响、审核角色/时间、建议动作,责任角色认领并提交非秘密审核记录，安全负责人复核,交接后24小时内认领；2个工作日内反馈或说明阻塞及新期限，待责任人确认,High,1,疑似资金或连接/身份/服务权限影响,24小时内初审；均待责任角色承诺,False,最多调整审核顺序，不作为定性或降级依据,False
SEC2-49df6cd33999412e,49df6cd33999412e6673750bca19c1a6654af9cc301097250a3f06489c72a1a1,"[""archive-member"",""fastlik-backend"",""fastlink-recovery-archive"",""original-file"",""path/c90572454d458f720ba700f1""]",未知，待所有者确认,"[""后端与资金集成负责人"",""控制与归档资产负责人"",""新钱包技术负责人""]",仍无法确认,"[""high-entropy-secret-field-literal-unverified""]","[""c55a2c35f8f37081fd1b21688301f2cf60838a0f8a07ec2eef63a62f2962c639"",""513f38e1e5a783b35f202f2ed64e6cbaf9950a9d0b7e4af469ebfc91752b5386"",""465150f13704c19bf1f9f9a22cc034934f0959392b39794f00bca08aa567e54e"",""cee48f4f08da2a318ac1daf480e82c28e5d2d4c15893cd94d1cedfbca3b11402"",""dd0b111870cd8e3710208a633a619b200e72a9433f5fe5abc91ff295920e3ffb""]",沿用High候选；实际权限未确认,可能涉及认证、签名或应用共享秘密；实际环境、权限与有效性未确认,"[{""scope"":""archive-member"",""container_sha256"":""630377876111120043513f5652c31283ce98415b9be8495e81e96b72e8549b37"",""path_id"":""path/d75c6853effb628beb9bdfb6""},{""scope"":""archive-member"",""container_sha256"":""c55a2c35f8f37081fd1b21688301f2cf60838a0f8a07ec2eef63a62f2962c639"",""path_id"":""path/e9c7799dbaa6f5652b4d4fd8""},{""scope"":""git-object"",""repository"":""fastlik-backend"",""object"":""11317c645ee38c3b87d0c8b14e3c0c783bb81f4e"",""path_id"":""path/de7dcea71c12df02049a3537"",""object_type"":""blob""},{""scope"":""git-object"",""repository"":""fastlik-backend"",""object"":""6192bec060488509cf44f3d7b8b2f3cca3f34cfd"",""path_id"":""path/de7dcea71c12df02049a3537"",""object_type"":""blob""},{""scope"":""original-file"",""path_id"":""path/b42e229bcd7d9d543e2d6463""},{""scope"":""git-object"",""repository"":""fastlik-backend"",""object"":""1bf1100a09a147ff952cbd3c5f5b5bdc59a203dc"",""path_id"":""path/de7dcea71c12df02049a3537"",""object_type"":""blob""},{""scope"":""git-object"",""repository"":""fastlink-recovery-archive"",""object"":""1bf1100a09a147ff952cbd3c5f5b5bdc59a203dc"",""path_id"":""path/aaba7be3a4e7030fe23b52bb"",""object_type"":""blob""},{""scope"":""git-object"",""repository"":""path/c90572454d458f720ba700f1"",""object"":""1bf1100a09a147ff952cbd3c5f5b5bdc59a203dc"",""path_id"":""path/308916894a96a9609794d876"",""object_type"":""blob""},{""scope"":""original-file"",""path_id"":""path/c46e55601539374a06d29844""},{""scope"":""original-file"",""path_id"":""path/0d610b370d9520bad0da37e5""},{""scope"":""original-file"",""path_id"":""path/388df69eb4fc1c89c8d50b58""},{""scope"":""original-file"",""path_id"":""path/4d8142d466bef222551ba980""},{""scope"":""original-file"",""path_id"":""path/1431d749bf1dd76c41a09ee2""},{""scope"":""original-file"",""path_id"":""path/bd5aa0d3b10f394aad3f6494""},{""scope"":""original-file"",""path_id"":""path/157c8c99caffc0998b410d9a""},{""scope"":""original-file"",""path_id"":""path/b4ae2f9f4ae31c969e2ca465""},{""scope"":""original-file"",""path_id"":""path/dccba67b94672241d19337ff""},{""scope"":""original-file"",""path_id"":""path/8957ecd8c038b876630addba""},{""scope"":""original-file"",""path_id"":""path/3e8ade5061cf37278e911284""},{""scope"":""original-file"",""path_id"":""path/d1e6faa56fecec6c02cb54a7""},{""scope"":""original-file"",""path_id"":""path/63e02ec10c59a9d4db804902""},{""scope"":""original-file"",""path_id"":""path/230c457f616a7958093fdd8b""},{""scope"":""original-file"",""path_id"":""path/308916894a96a9609794d876""},{""scope"":""original-file"",""path_id"":""path/2f9420632c3b5fd12d71e70f""},{""scope"":""original-file"",""path_id"":""path/938a03547e7ddd9294a4762a""},{""scope"":""original-file"",""path_id"":""path/10767737d6a4527eb6553614""},{""scope"":""original-file"",""path_id"":""path/061dda74ed4b9fbc9b0462f8""},{""scope"":""original-file"",""path_id"":""path/4a1ac03da0524697cbbdb551""},{""scope"":""original-file"",""path_id"":""path/e9cd3033746040723262226c""}]",先离线确认资产及影响→另单审批→所有者执行凭据处置→依赖/源码治理→独立复验；本单不执行,另单核对秘密管理版本、授权审计与部署记录，并重新本地扫描；不使用发现的凭据认证,所有者离线确认生产凭据、生产运行路径、活跃外部服务或资金/核心权限影响时触发；当前待判定,FastLink安全负责人及对应资产责任角色,未收到所有者审核意见；未完成最终定性,未提供,阶段A输入包仅含既有执行端结构记录；未收到该ID的所有者确认记录,发现ID、资产/疑似环境、分类、非秘密依据、权限/影响、审核角色/时间、建议动作,责任角色认领并提交非秘密审核记录，安全负责人复核,交接后24小时内认领；2个工作日内反馈或说明阻塞及新期限，待责任人确认,High,1,疑似资金或连接/身份/服务权限影响,24小时内初审；均待责任角色承诺,False,最多调整审核顺序，不作为定性或降级依据,False
SEC2-ae9998d311d703ed,ae9998d311d703ed9acc481d92e5986ee7ab45db8848a060191ff141db32c9e6,"[""archive-member"",""fastlik-backend"",""fastlink-recovery-archive"",""original-file"",""path/c90572454d458f720ba700f1""]",未知，待所有者确认,"[""后端与资金集成负责人"",""控制与归档资产负责人"",""新钱包技术负责人""]",仍无法确认,"[""high-entropy-secret-field-literal-unverified""]","[""c55a2c35f8f37081fd1b21688301f2cf60838a0f8a07ec2eef63a62f2962c639"",""8c1eaab7048adf2655be134bd92c4b5a1162c345ca1de55425d3a86e472e7de1"",""73f5a5920c4bc2c0d7f5015f6f0b81244ec17eed4e172bb7b7e09eb5c89890e8"",""d72577c121c1a77655a26d22f8124e4887cd189cc2b4fbfd743afa2d370b3790""]",沿用High候选；实际权限未确认,可能涉及认证、签名或应用共享秘密；实际环境、权限与有效性未确认,"[{""scope"":""archive-member"",""container_sha256"":""630377876111120043513f5652c31283ce98415b9be8495e81e96b72e8549b37"",""path_id"":""path/d75c6853effb628beb9bdfb6""},{""scope"":""archive-member"",""container_sha256"":""c55a2c35f8f37081fd1b21688301f2cf60838a0f8a07ec2eef63a62f2962c639"",""path_id"":""path/9dd8b59d755fed45b73c19b8""},{""scope"":""git-object"",""repository"":""fastlik-backend"",""object"":""2d697ddbebf06872f9c23494bb2d9ca05496453a"",""path_id"":""path/49b2cfa055a7eed88370621e"",""object_type"":""blob""},{""scope"":""original-file"",""path_id"":""path/6c0c5c87adbc0e9a0fd41e2f""},{""scope"":""git-object"",""repository"":""fastlik-backend"",""object"":""01fcd4d255f755d6bbd7d3b7e9458b5e1548ccda"",""path_id"":""path/49b2cfa055a7eed88370621e"",""object_type"":""blob""},{""scope"":""git-object"",""repository"":""fastlink-recovery-archive"",""object"":""01fcd4d255f755d6bbd7d3b7e9458b5e1548ccda"",""path_id"":""path/ccaac43bd4098320b8af42b4"",""object_type"":""blob""},{""scope"":""git-object"",""repository"":""path/c90572454d458f720ba700f1"",""object"":""01fcd4d255f755d6bbd7d3b7e9458b5e1548ccda"",""path_id"":""path/89896bf8be746ec3b17cc2d7"",""object_type"":""blob""},{""scope"":""original-file"",""path_id"":""path/a0991fdd2478ef908325b4fe""},{""scope"":""original-file"",""path_id"":""path/fc16eb201ba9e4272015ed18""},{""scope"":""original-file"",""path_id"":""path/515f7bd964e8d7180635ba8f""},{""scope"":""original-file"",""path_id"":""path/20a650c4e8d7f45072f01388""},{""scope"":""original-file"",""path_id"":""path/7471bca45bfc729a4cea480b""},{""scope"":""original-file"",""path_id"":""path/fa40f3edde2a75838353f8e4""},{""scope"":""original-file"",""path_id"":""path/126206a978cfa297d278ce49""},{""scope"":""original-file"",""path_id"":""path/dbfb7b0566d826d6cc3d9b36""},{""scope"":""original-file"",""path_id"":""path/0597d555afa0749191ebd699""},{""scope"":""original-file"",""path_id"":""path/8996151388f7e3980d7b1b6a""},{""scope"":""original-file"",""path_id"":""path/d07a08a6654e9f7b81d65057""},{""scope"":""original-file"",""path_id"":""path/f4a5b5644302330063fe92f2""},{""scope"":""original-file"",""path_id"":""path/7abd0cd08d68ecb1514e697c""},{""scope"":""original-file"",""path_id"":""path/564a3ea7ac207de88f3f1583""},{""scope"":""original-file"",""path_id"":""path/89896bf8be746ec3b17cc2d7""},{""scope"":""original-file"",""path_id"":""path/35fd19d6c3a9163a574d6b0e""},{""scope"":""original-file"",""path_id"":""path/54225a453622d1e25258682e""},{""scope"":""original-file"",""path_id"":""path/987688a04c5cea1cc27847b6""},{""scope"":""original-file"",""path_id"":""path/f3c619f119f599dc896b9f37""},{""scope"":""original-file"",""path_id"":""path/bbdf800a62532338b29a8fd3""},{""scope"":""original-file"",""path_id"":""path/1bfdb6a5f338c730465856b3""}]",先离线确认资产及影响→另单审批→所有者执行凭据处置→依赖/源码治理→独立复验；本单不执行,另单核对秘密管理版本、授权审计与部署记录，并重新本地扫描；不使用发现的凭据认证,所有者离线确认生产凭据、生产运行路径、活跃外部服务或资金/核心权限影响时触发；当前待判定,FastLink安全负责人及对应资产责任角色,未收到所有者审核意见；未完成最终定性,未提供,阶段A输入包仅含既有执行端结构记录；未收到该ID的所有者确认记录,发现ID、资产/疑似环境、分类、非秘密依据、权限/影响、审核角色/时间、建议动作,责任角色认领并提交非秘密审核记录，安全负责人复核,交接后24小时内认领；2个工作日内反馈或说明阻塞及新期限，待责任人确认,High,1,疑似资金或连接/身份/服务权限影响,24小时内初审；均待责任角色承诺,False,最多调整审核顺序，不作为定性或降级依据,False
SEC2-45fa5dd6e4b9ce63,45fa5dd6e4b9ce637081146306c15ad2f86e633e18ffcc9c4584b0321d16f6f4,"[""archive-member"",""fastlik-backend"",""fastlink-recovery-archive"",""original-file"",""path/c90572454d458f720ba700f1""]",未知，待所有者确认,"[""后端与资金集成负责人"",""控制与归档资产负责人"",""新钱包技术负责人""]",仍无法确认,"[""high-entropy-secret-field-literal-unverified""]","[""c55a2c35f8f37081fd1b21688301f2cf60838a0f8a07ec2eef63a62f2962c639"",""f788978509968052a762e9a68f07544f56e3569ecc0f72f1f23935891a640cb4"",""1bd1c9fdb765086c87f58a40f4615103aad5d0e589abc4196b8a180ed38a5f7e""]",沿用High候选；实际权限未确认,可能涉及认证、签名或应用共享秘密；实际环境、权限与有效性未确认,"[{""scope"":""archive-member"",""container_sha256"":""630377876111120043513f5652c31283ce98415b9be8495e81e96b72e8549b37"",""path_id"":""path/d75c6853effb628beb9bdfb6""},{""scope"":""archive-member"",""container_sha256"":""c55a2c35f8f37081fd1b21688301f2cf60838a0f8a07ec2eef63a62f2962c639"",""path_id"":""path/980692df97d5d2625e8097e8""},{""scope"":""original-file"",""path_id"":""path/d8e82757f8589e2498a87f3c""},{""scope"":""git-object"",""repository"":""fastlik-backend"",""object"":""cc086efc620856d9a843cada736d4cbfc10eae62"",""path_id"":""path/df6163e772b98392f56a75bb"",""object_type"":""blob""},{""scope"":""git-object"",""repository"":""fastlink-recovery-archive"",""object"":""cc086efc620856d9a843cada736d4cbfc10eae62"",""path_id"":""path/9ef6ebffddfaacf6d75cfede"",""object_type"":""blob""},{""scope"":""git-object"",""repository"":""path/c90572454d458f720ba700f1"",""object"":""cc086efc620856d9a843cada736d4cbfc10eae62"",""path_id"":""path/88d1ed1988dc4bb090633e2c"",""object_type"":""blob""},{""scope"":""original-file"",""path_id"":""path/25804aa1a9e2ec282988b556""},{""scope"":""original-file"",""path_id"":""path/6ab521e65ed5791bc3afaf8c""},{""scope"":""original-file"",""path_id"":""path/29a74a196a3fb2a16e305dc9""},{""scope"":""original-file"",""path_id"":""path/de05a4cc1178f3c853d5da24""},{""scope"":""original-file"",""path_id"":""path/09eaa147ef501a0d818aac01""},{""scope"":""original-file"",""path_id"":""path/0eec0419e2e022750822aa27""},{""scope"":""original-file"",""path_id"":""path/941b5d23b39b1a3cb9e762fc""},{""scope"":""original-file"",""path_id"":""path/a71b5149471c3abe4f8aeb8e""},{""scope"":""original-file"",""path_id"":""path/4198761290477340abdba319""},{""scope"":""original-file"",""path_id"":""path/1fc82382119f9b99fffa7df2""},{""scope"":""original-file"",""path_id"":""path/01dc6948adf764c91fd53f46""},{""scope"":""original-file"",""path_id"":""path/d123dfbee9b41086e0027826""},{""scope"":""original-file"",""path_id"":""path/937e32a5ee9192ead6f325f8""},{""scope"":""original-file"",""path_id"":""path/7fa222692c3283d3218215c0""},{""scope"":""original-file"",""path_id"":""path/88d1ed1988dc4bb090633e2c""},{""scope"":""original-file"",""path_id"":""path/1d0a01fbb0a34bdb846831e9""},{""scope"":""original-file"",""path_id"":""path/19e79c1f8e2b073445119d95""},{""scope"":""original-file"",""path_id"":""path/3f6d3f10178b01f0753cb307""},{""scope"":""original-file"",""path_id"":""path/5837c26df4701ad87e8c382c""},{""scope"":""original-file"",""path_id"":""path/a2ad15fd5999a7d910bcb98e""},{""scope"":""original-file"",""path_id"":""path/2e51536420fe23875f46ba2c""}]",先离线确认资产及影响→另单审批→所有者执行凭据处置→依赖/源码治理→独立复验；本单不执行,另单核对秘密管理版本、授权审计与部署记录，并重新本地扫描；不使用发现的凭据认证,所有者离线确认生产凭据、生产运行路径、活跃外部服务或资金/核心权限影响时触发；当前待判定,FastLink安全负责人及对应资产责任角色,未收到所有者审核意见；未完成最终定性,未提供,阶段A输入包仅含既有执行端结构记录；未收到该ID的所有者确认记录,发现ID、资产/疑似环境、分类、非秘密依据、权限/影响、审核角色/时间、建议动作,责任角色认领并提交非秘密审核记录，安全负责人复核,交接后24小时内认领；2个工作日内反馈或说明阻塞及新期限，待责任人确认,High,1,疑似资金或连接/身份/服务权限影响,24小时内初审；均待责任角色承诺,False,最多调整审核顺序，不作为定性或降级依据,False
SEC2-8f96b93acb0b1d0e,8f96b93acb0b1d0e08fd168f63ab3d0870698e086a5c9ff33c1c25f928e5903b,"[""archive-member"",""fastlik-backend"",""fastlink-recovery-archive"",""original-file"",""path/c90572454d458f720ba700f1""]",未知，待所有者确认,"[""后端与资金集成负责人"",""控制与归档资产负责人"",""新钱包技术负责人""]",仍无法确认,"[""high-entropy-secret-field-literal-unverified""]","[""c55a2c35f8f37081fd1b21688301f2cf60838a0f8a07ec2eef63a62f2962c639"",""f98908895e129f5f67a2d829cafd9b2bddc8c4e629a57fe56d5ddf431b20c6e2"",""cf0a184ea9ab6b10d04fe3f43c58bfe37d8afdb44a6fce238d151fe25851abcd""]",沿用High候选；实际权限未确认,可能涉及认证、签名或应用共享秘密；实际环境、权限与有效性未确认,"[{""scope"":""archive-member"",""container_sha256"":""630377876111120043513f5652c31283ce98415b9be8495e81e96b72e8549b37"",""path_id"":""path/d75c6853effb628beb9bdfb6""},{""scope"":""archive-member"",""container_sha256"":""c55a2c35f8f37081fd1b21688301f2cf60838a0f8a07ec2eef63a62f2962c639"",""path_id"":""path/d7db4c869a795037ddcd4ec4""},{""scope"":""original-file"",""path_id"":""path/6dfb61634545d9de4abe5d54""},{""scope"":""git-object"",""repository"":""fastlik-backend"",""object"":""872750ee858d7cb78a04e86289f4c03e12981a49"",""path_id"":""path/20f9139bfeac3db8cd1c9d86"",""object_type"":""blob""},{""scope"":""git-object"",""repository"":""fastlink-recovery-archive"",""object"":""872750ee858d7cb78a04e86289f4c03e12981a49"",""path_id"":""path/0db7e86974da7960a7884b1f"",""object_type"":""blob""},{""scope"":""git-object"",""repository"":""path/c90572454d458f720ba700f1"",""object"":""872750ee858d7cb78a04e86289f4c03e12981a49"",""path_id"":""path/0656a540a22ffabf22edd676"",""object_type"":""blob""},{""scope"":""original-file"",""path_id"":""path/f1ebb31abb02b4686a3a1164""},{""scope"":""original-file"",""path_id"":""path/3cbdff13d2d6adee02c4e963""},{""scope"":""original-file"",""path_id"":""path/732abbae615a7022534e76ab""},{""scope"":""original-file"",""path_id"":""path/fb057753b428f294db0e2777""},{""scope"":""original-file"",""path_id"":""path/317aec65d6b1a0eb3939293b""},{""scope"":""original-file"",""path_id"":""path/abbfc708144776b7b568c6e6""},{""scope"":""original-file"",""path_id"":""path/6ae4299b4a2853e72deb2dbf""},{""scope"":""original-file"",""path_id"":""path/371a59fce0cdeba7e8d54d69""},{""scope"":""original-file"",""path_id"":""path/4c2d650dfb0e99a4b9e2f9e5""},{""scope"":""original-file"",""path_id"":""path/098322ed92b9ae07218f400c""},{""scope"":""original-file"",""path_id"":""path/2ab4adfe6d145c745268aa2c""},{""scope"":""original-file"",""path_id"":""path/495a9b3bd1e12f84520b37b5""},{""scope"":""original-file"",""path_id"":""path/e28e9c13675095f99aaa62c6""},{""scope"":""original-file"",""path_id"":""path/30b8cad50809fbe5141685bc""},{""scope"":""original-file"",""path_id"":""path/0656a540a22ffabf22edd676""},{""scope"":""original-file"",""path_id"":""path/2ae5ede2d56b1925c86ec533""},{""scope"":""original-file"",""path_id"":""path/823d1d76259183dac9d276a1""},{""scope"":""original-file"",""path_id"":""path/76bca86eb0f0cc564cb8c813""},{""scope"":""original-file"",""path_id"":""path/978c7057c6f56187e2304c54""},{""scope"":""original-file"",""path_id"":""path/837c821817f0454fd1a9b6dd""},{""scope"":""original-file"",""path_id"":""path/cb4aafc8defac462bf8bf9e4""}]",先离线确认资产及影响→另单审批→所有者执行凭据处置→依赖/源码治理→独立复验；本单不执行,另单核对秘密管理版本、授权审计与部署记录，并重新本地扫描；不使用发现的凭据认证,所有者离线确认生产凭据、生产运行路径、活跃外部服务或资金/核心权限影响时触发；当前待判定,FastLink安全负责人及对应资产责任角色,未收到所有者审核意见；未完成最终定性,未提供,阶段A输入包仅含既有执行端结构记录；未收到该ID的所有者确认记录,发现ID、资产/疑似环境、分类、非秘密依据、权限/影响、审核角色/时间、建议动作,责任角色认领并提交非秘密审核记录，安全负责人复核,交接后24小时内认领；2个工作日内反馈或说明阻塞及新期限，待责任人确认,High,1,疑似资金或连接/身份/服务权限影响,24小时内初审；均待责任角色承诺,False,最多调整审核顺序，不作为定性或降级依据,False
SEC2-c56a958c069e0b1c,c56a958c069e0b1c6c6e6bb669099abc948bd88ff77f58767df704bf0710c788,"[""archive-member"",""fastlik-backend"",""fastlink-recovery-archive"",""original-file"",""path/c90572454d458f720ba700f1""]",未知，待所有者确认,"[""后端与资金集成负责人"",""控制与归档资产负责人"",""新钱包技术负责人""]",仍无法确认,"[""high-entropy-secret-field-literal-unverified""]","[""c55a2c35f8f37081fd1b21688301f2cf60838a0f8a07ec2eef63a62f2962c639"",""4885992f7e023431616af9ac39556aa774d431086ce68a06fa3b09d21b6f4034"",""bd1b05ec46e695592900b1924d20990fadecdba120e5da0cff4035053187fedb"",""d5363bdd976878c134b990c220448a3b2e9470ec0b0d8667e584a266007812e1""]",沿用High候选；实际权限未确认,可能涉及认证、签名或应用共享秘密；实际环境、权限与有效性未确认,"[{""scope"":""archive-member"",""container_sha256"":""630377876111120043513f5652c31283ce98415b9be8495e81e96b72e8549b37"",""path_id"":""path/d75c6853effb628beb9bdfb6""},{""scope"":""archive-member"",""container_sha256"":""c55a2c35f8f37081fd1b21688301f2cf60838a0f8a07ec2eef63a62f2962c639"",""path_id"":""path/1936288f73647d835217f084""},{""scope"":""git-object"",""repository"":""fastlik-backend"",""object"":""64d0c69694c66ff5355469d23ab0d8cb290ea2c3"",""path_id"":""path/d49b2897b70ac6faf8bd4fbe"",""object_type"":""blob""},{""scope"":""original-file"",""path_id"":""path/f8804c0775f232e5a0fceb37""},{""scope"":""git-object"",""repository"":""fastlik-backend"",""object"":""29f92cedb7a44e8366a04dbf7c7febd18dcdeb03"",""path_id"":""path/d49b2897b70ac6faf8bd4fbe"",""object_type"":""blob""},{""scope"":""git-object"",""repository"":""fastlink-recovery-archive"",""object"":""29f92cedb7a44e8366a04dbf7c7febd18dcdeb03"",""path_id"":""path/7c73864342eb8031fb4b0a08"",""object_type"":""blob""},{""scope"":""git-object"",""repository"":""path/c90572454d458f720ba700f1"",""object"":""29f92cedb7a44e8366a04dbf7c7febd18dcdeb03"",""path_id"":""path/90e18dea521667336ea0483c"",""object_type"":""blob""},{""scope"":""original-file"",""path_id"":""path/68bacac180ebc72d4c3bac5f""},{""scope"":""original-file"",""path_id"":""path/0d671dd99f97d1d9d2835e0d""},{""scope"":""original-file"",""path_id"":""path/dc22309dc702326c533a8314""},{""scope"":""original-file"",""path_id"":""path/28b32dd4d63f41369bf60c14""},{""scope"":""original-file"",""path_id"":""path/755d8125794600b4622ac77a""},{""scope"":""original-file"",""path_id"":""path/ff67f6e29a4387c3f58dc3c7""},{""scope"":""original-file"",""path_id"":""path/162c08ee030fc0b86c6fa22c""},{""scope"":""original-file"",""path_id"":""path/4cc3bd53861a444944dbec4e""},{""scope"":""original-file"",""path_id"":""path/741aa893311e7890bb420ea7""},{""scope"":""original-file"",""path_id"":""path/210c549c4a395006e6279fff""},{""scope"":""original-file"",""path_id"":""path/89f9408bbf7af7a96807fd84""},{""scope"":""original-file"",""path_id"":""path/3754647dc7b65d52a4b678ad""},{""scope"":""original-file"",""path_id"":""path/9192b1d134873f64bffebba1""},{""scope"":""original-file"",""path_id"":""path/51a3bff28b0f6cadb318ed2b""},{""scope"":""original-file"",""path_id"":""path/90e18dea521667336ea0483c""},{""scope"":""original-file"",""path_id"":""path/f03cf7419a912741c1b4780c""},{""scope"":""original-file"",""path_id"":""path/05587e761b7b417c64c9a166""},{""scope"":""original-file"",""path_id"":""path/80f7bde42aa5583b7ae05ea1""},{""scope"":""original-file"",""path_id"":""path/9849a17c064e1fd97dcecfe7""},{""scope"":""original-file"",""path_id"":""path/ffdb56fe6828fb158e68bc28""},{""scope"":""original-file"",""path_id"":""path/4f097453acc008a9190f2942""}]",先离线确认资产及影响→另单审批→所有者执行凭据处置→依赖/源码治理→独立复验；本单不执行,另单核对秘密管理版本、授权审计与部署记录，并重新本地扫描；不使用发现的凭据认证,所有者离线确认生产凭据、生产运行路径、活跃外部服务或资金/核心权限影响时触发；当前待判定,FastLink安全负责人及对应资产责任角色,未收到所有者审核意见；未完成最终定性,未提供,阶段A输入包仅含既有执行端结构记录；未收到该ID的所有者确认记录,发现ID、资产/疑似环境、分类、非秘密依据、权限/影响、审核角色/时间、建议动作,责任角色认领并提交非秘密审核记录，安全负责人复核,交接后24小时内认领；2个工作日内反馈或说明阻塞及新期限，待责任人确认,High,1,疑似资金或连接/身份/服务权限影响,24小时内初审；均待责任角色承诺,False,最多调整审核顺序，不作为定性或降级依据,False
SEC2-1c440b9303d9d4de,1c440b9303d9d4de1673ac308d5f5b90240c3bcdba86cd5d778fc186255889d0,"[""fastlik-Admin"",""fastlink-recovery-archive"",""original-file"",""path/c90572454d458f720ba700f1""]",未知，待所有者确认,"[""应用资产负责人"",""控制与归档资产负责人"",""新钱包技术负责人""]",仍无法确认,"[""entropy-in-secret-field-needs-owner"",""entropy-literal-no-nonsecret-structure-confirmed"",""high-entropy-secret-field-literal-unverified""]","[""19a8968d8eba7797a62a79575b8db7540440398130f1fba2a1672e425e1814fb"",""f226f4ad248a47744fe6035639b150616e8b4e76f1f95e70680029b72cf60cb3"",""bb8832d3bb1c922a37370f4daa457d111c67466d4521d0c4f58273524939793c"",""c92d3c555f24954a0ac76f4e222b88b9b5cab2efb7eb9e186dffba42a4f88480"",""aeb1a3d8eb6815e5ff3f9ec48e5db4fab5dd84838053eb1fca448f176a6c6eeb"",""9b6edeae09635d20c58d89668709f4b9a8ee1b4340ea58d887e88bb5573c9166"",""3cea9596c1a2b1cb8cfa3368ad6db39999e7719a374a24447d6650c64c8acb8f"",""3a7cac3a284b005e245557207a52cbd1a12859a71f012d3a948276f965af2798""]",沿用High候选；实际权限未确认,可能涉及认证、签名或应用共享秘密；实际环境、权限与有效性未确认,"[{""scope"":""git-object"",""repository"":""fastlik-Admin"",""object"":""1c0a883cba9cbace1a148a3092f264b146df82c5"",""path_id"":""path/08e8fc4de8802b282dd8cd8c"",""object_type"":""blob""},{""scope"":""git-object"",""repository"":""fastlink-recovery-archive"",""object"":""0f8645eed688d05f8e80239a9ae981b012aff626"",""path_id"":""path/a3cb77285cb9dab031a3c4e0"",""object_type"":""blob""},{""scope"":""git-object"",""repository"":""path/c90572454d458f720ba700f1"",""object"":""1e233a12c5d2dcb0fbd040f111a8771d3e7ff7a8"",""path_id"":""path/a8654e040d83267329749e8d"",""object_type"":""blob""},{""scope"":""git-object"",""repository"":""path/c90572454d458f720ba700f1"",""object"":""46ddd9d7655558a61b09fe867fad3981a4a51cb6"",""path_id"":""path/ec82244e7946bd00a2eff5b8"",""object_type"":""blob""},{""scope"":""git-object"",""repository"":""path/c90572454d458f720ba700f1"",""object"":""88738c543ade9f25951ab784ed9d7f1115654f5a"",""path_id"":""path/2bf58f9a88c7ae457271ef1a"",""object_type"":""blob""},{""scope"":""git-object"",""repository"":""path/c90572454d458f720ba700f1"",""object"":""eb27f8d64ece6cf6ed33fcd886f53dd0c44e8f8b"",""path_id"":""path/685fe5f897940733ff4a474c"",""object_type"":""blob""},{""scope"":""original-file"",""path_id"":""path/9ce68f9ba83b689fb3fa6365""},{""scope"":""original-file"",""path_id"":""path/4a1938c7bc3eb223ae008ead""},{""scope"":""git-object"",""repository"":""path/c90572454d458f720ba700f1"",""object"":""0f8645eed688d05f8e80239a9ae981b012aff626"",""path_id"":""path/ceb6f0c2cefcd4bff533402b"",""object_type"":""blob""},{""scope"":""original-file"",""path_id"":""path/d2e3e90a814f94875c13ed8f""},{""scope"":""original-file"",""path_id"":""path/b93e155204eb9c2ce0d9e195""},{""scope"":""original-file"",""path_id"":""path/ceb6f0c2cefcd4bff533402b""},{""scope"":""original-file"",""path_id"":""path/a8654e040d83267329749e8d""},{""scope"":""original-file"",""path_id"":""path/2bf58f9a88c7ae457271ef1a""},{""scope"":""original-file"",""path_id"":""path/685fe5f897940733ff4a474c""},{""scope"":""original-file"",""path_id"":""path/4ef0599a11ed2590edb854b4""},{""scope"":""original-file"",""path_id"":""path/ed8588fcd6680c8000d4be63""}]",先离线确认资产及影响→另单审批→所有者执行凭据处置→依赖/源码治理→独立复验；本单不执行,另单核对秘密管理版本、授权审计与部署记录，并重新本地扫描；不使用发现的凭据认证,所有者离线确认生产凭据、生产运行路径、活跃外部服务或资金/核心权限影响时触发；当前待判定,FastLink安全负责人及对应资产责任角色,未收到所有者审核意见；未完成最终定性,未提供,阶段A输入包仅含既有执行端结构记录；未收到该ID的所有者确认记录,发现ID、资产/疑似环境、分类、非秘密依据、权限/影响、审核角色/时间、建议动作,责任角色认领并提交非秘密审核记录，安全负责人复核,交接后24小时内认领；2个工作日内反馈或说明阻塞及新期限，待责任人确认,High,2,显式秘密形态存在于配置、历史或归档,2个工作日内初审；均待责任角色承诺,False,最多调整审核顺序，不作为定性或降级依据,False
SEC2-daa025a912e23cab,daa025a912e23cab9f116a167fcdbdfba6c694489c3478b3bb4d4fce2aa391d1,"[""fastlik-Website""]",未知，待所有者确认,"[""应用资产负责人""]",仍无法确认,"[""authorization-credential-shape-unverified""]","[""e4204b7a71951efe1aba03e0abd2bc3f0bcea89e694436e1cd2024a859f354c3"",""a38664f5bf0d7dddb7961ec3f1b3db3bc69e397454bb444ae1da1fd26f2c5b44"",""1ebbb9372146a1ea4592ae1e173fd58b71ff61b776301aa575e8423e48a451bd"",""61bc0cf6d3d807cd12e3466e9e18eb81081e864e6cfdb7ba7ac7359b8ec11080"",""ff9de39ee01d6a4b12795650f4ee2a192477728c9836ca27ef124f8a6a34edb7"",""57a482d39337a56a468dd351bb96847653d7180081b3badee23fcc8f378cba81"",""b368dc0c9f0c165510a192aa508394174a7975ea64fd47f39cc974acf6dddda4"",""90d13381ab3889fabd6239621c98156cf67fadcb10fd507dbbaf33c205362b3f"",""69c62f088436c7b694f570c01e76f5a04646d78325d2065fe40041ccee877f98"",""b214875651ecd794bf49fb5151a0d83148abbc433b94b68cbd6afe94680e3e4c"",""304a2ec36d019b6471e2aede9bd2d32449e3e0d7b1a7e23e43582ee356e5d592"",""c6f5802c195e9ae4a458523a4554e1dafbe04005e2e132246c01b50b30ac4eb9"",""91612c4d9731342d6fdbcf02a48766a64c733dae159ca45166393f35d0c7f08e"",""720153e55628cac4f66c676c2ff05bc3d21e4c81de298af0bcb03e23a4b8b048"",""93c140ae7ef545ca94ae54390b4bfc29fb7b60e76870812b9687a52ca41592ec"",""9a43f4561da9f647fb6bea124e7262c5792df66e9fd4ee9b277cc59296b5fb29"",""49316fe2fc213a0723674d231ae5744206b53d87f10324004a22b585a59d67dd"",""a3ea03d55165d8a4802c3e56c160dd5e375f29efb41a26f1650330a1f1f20cdf"",""cbe684bd64410db6f4e1657e69aa219a2325dbd7fe3874f923789204802c2a66"",""ab32aee9c7fe68276b8c894bd86da9eb6555e607c6d5ec87aa218211ceec9b81"",""98497acb0b1b25599b513a9c0c87cd50ecef29a84ac6f0c989562d28d08d2bcb"",""70516b3acebf636f4e51bb3d3423df70ebc75d269ac543d5973f39afbf3217ef"",""97d8a1fc7e5fe01d999da9a4c4cfb9dd5dd8e5f069ed285f1d9cd01d620096d6"",""0c4933dd2681fe3d6cccc6ca294b226da3b419f51d5458d61a987196ab2dba8f"",""9807c1f0552166d9d51d4f96d669a4be11135dd4191a56a1fe1b6bee9aaf70b3"",""0d4e3cfed393266bb29fcb5bcea6ee31fb1039ff6486253c4aff2b0f39faa608"",""efbcd96af26d4a3bfcb41cab499c2dbc428f995b300e39229cf5813698381ee9"",""f6e69301ce212f84744d68bfac131e3fb02b3084b655d34931400a69d9b84dc1"",""cef280485b3def431249e5a051b9412e25b7cde63b1888a57b0943279186dae5"",""27d5f6723ecefd2c94ce2443949a47dda416dd0931852cfecf8f267261c01a51"",""7a56454f8ed0f73af22610e106e0664fd2330aba02669647ba306178ed12f166"",""d0d707b5d7d10d2f2eb610dbd7b4ae218336c572bf97f3d0bfa7add1a4766ed4"",""6e7e8916b87f38eab8e829befb17edd547ebaa6864ce086d7b4b9d8714a35c18"",""b0d6feec454fb17053a4aec291e9e69b7fe6334db2af2bf853adce572310ecab"",""2c518de8de03554ad307976fbbc9a2ae838e8ea94757f1ec1b027c29a9c0dfd3"",""4fcd5490a70bf0141f8685048c2b0b6dca6e03d979b4c03fec8d0d594968e837"",""5f917440d50057951d8b96e646d2276d4ab1c8a470d00c6e8804b0b3cb65f462"",""1582f3e4cde51f5614bd356e45244e0b1377ca4164efd86b47e7ac4d4c1ff4c3"",""5538cb83743be5084135d4155b386f1d5d62b654ffdf63879c775094da60deda"",""0b09ec1609241e732afe2c3989f47db05d1a7cb529150018b3933ced722bb1c2"",""6167d6837f094201307a3cc022a13393394862cac493d04d46d285b62098cbe4"",""e658e8a00bd58ce0a52c5b7ba83fc758ce8707adf1e3672e8eba90ed7c996e49"",""5f25d664dc07f2673901a0edec4bf2939f3ca8019f6412cee52ec415d3cbe0dc"",""d41d3e101bc3e42f69fc5dd6425e453bdb988cdf9c652a024b4541d72fecb0bf"",""912e5dd09321bb87c04df189bd3fdf20689d627c278af2b5f69efe2fc47db907"",""138b6cf289bd6109776bc53f4030ac977e30f5525eea0e32f98e14f03ec6cac3"",""3c27505d21638101d0fe29e1c36675b71d3b5ff24a8ffb1e429bc7cb4f3968bc"",""0e698e9517d1a13508abdafb7671d9ff6c173ac281752b3ead2d52509701e5ad"",""94e4904466b42875a1df699ceee44d99b7887a2fd8cc6ec83b6493e51aa1ba4a""]",沿用High候选；实际权限未确认,可能涉及会话或API访问授权；实际环境、权限与有效性未确认,"[{""scope"":""git-object"",""repository"":""fastlik-Website"",""object"":""96afe15b94ce4807373d110715dc839a9fa6c08e"",""path_id"":""path/c00ce1c5168a3e0617f5e39d"",""object_type"":""blob""},{""scope"":""git-object"",""repository"":""fastlik-Website"",""object"":""a9c0b27fedf1609f448ed3b5e822eb4c21ba2f3a"",""path_id"":""path/95f5ad5088318eb3723fc094"",""object_type"":""blob""},{""scope"":""git-object"",""repository"":""fastlik-Website"",""object"":""e95c79a9da647bcb881b9a3ca60bdd640565261d"",""path_id"":""path/04c4d39ec9a4c3eed4e471af"",""object_type"":""blob""},{""scope"":""git-object"",""repository"":""fastlik-Website"",""object"":""55c04133536020dfd2076be2739de610a0cda529"",""path_id"":""path/0568d16d407d0541400d1354"",""object_type"":""blob""},{""scope"":""git-object"",""repository"":""fastlik-Website"",""object"":""8b294ad772face3af5a38f8112c7a32581a978fc"",""path_id"":""path/95f5ad5088318eb3723fc094"",""object_type"":""blob""},{""scope"":""git-object"",""repository"":""fastlik-Website"",""object"":""b71d040412b39c9062114e527e4d14868f28b78e"",""path_id"":""path/0568d16d407d0541400d1354"",""object_type"":""blob""},{""scope"":""git-object"",""repository"":""fastlik-Website"",""object"":""7923c3581e799d7f3172d04c97b0eef9f88aa750"",""path_id"":""path/0568d16d407d0541400d1354"",""object_type"":""blob""},{""scope"":""git-object"",""repository"":""fastlik-Website"",""object"":""9b0224e711eae6ae8dfc1a8476962fe1097acc81"",""path_id"":""path/0568d16d407d0541400d1354"",""object_type"":""blob""},{""scope"":""git-object"",""repository"":""fastlik-Website"",""object"":""8a6ce41e298f1dda10cfd1664a9171c4c626e60e"",""path_id"":""path/0568d16d407d0541400d1354"",""object_type"":""blob""},{""scope"":""git-object"",""repository"":""fastlik-Website"",""object"":""669cca28ddaa2a293b962163c4780ff1df502858"",""path_id"":""path/0568d16d407d0541400d1354"",""object_type"":""blob""},{""scope"":""git-object"",""repository"":""fastlik-Website"",""object"":""8cd2e0bd8d3cb252f7110fbef91a110d09568bf5"",""path_id"":""path/0568d16d407d0541400d1354"",""object_type"":""blob""},{""scope"":""git-object"",""repository"":""fastlik-Website"",""object"":""54be533bdfe1be90a71bc84923f2f3d8b2264bab"",""path_id"":""path/04c4d39ec9a4c3eed4e471af"",""object_type"":""blob""},{""scope"":""git-object"",""repository"":""fastlik-Website"",""object"":""e387b54a97a1e82ecc29f846cd405f433458f500"",""path_id"":""path/0568d16d407d0541400d1354"",""object_type"":""blob""},{""scope"":""git-object"",""repository"":""fastlik-Website"",""object"":""81bee01963982007b9c521cb7e2668cdf93b17a4"",""path_id"":""path/0568d16d407d0541400d1354"",""object_type"":""blob""},{""scope"":""git-object"",""repository"":""fastlik-Website"",""object"":""6d40985dbdac522be50288128ec69b07694bbdc5"",""path_id"":""path/0568d16d407d0541400d1354"",""object_type"":""blob""},{""scope"":""git-object"",""repository"":""fastlik-Website"",""object"":""9774a3831d584164deb39ad274179629994d78f7"",""path_id"":""path/0568d16d407d0541400d1354"",""object_type"":""blob""},{""scope"":""git-object"",""repository"":""fastlik-Website"",""object"":""cd3c84dbaff4e43cb17c2ad88405626ec1d47fd0"",""path_id"":""path/0568d16d407d0541400d1354"",""object_type"":""blob""},{""scope"":""git-object"",""repository"":""fastlik-Website"",""object"":""ed270770b5e1d920b52abbc007c051ffe5d3ce92"",""path_id"":""path/0568d16d407d0541400d1354"",""object_type"":""blob""},{""scope"":""git-object"",""repository"":""fastlik-Website"",""object"":""1934c6c8fe8bfc057e3d8d0b543278db85c0579a"",""path_id"":""path/0568d16d407d0541400d1354"",""object_type"":""blob""},{""scope"":""git-object"",""repository"":""fastlik-Website"",""object"":""1950ec1a14bc51453d931f77a943f7d9750a7844"",""path_id"":""path/0568d16d407d0541400d1354"",""object_type"":""blob""},{""scope"":""git-object"",""repository"":""fastlik-Website"",""object"":""d65ab66e3a69440970c09bee38c920468ce0eb07"",""path_id"":""path/0568d16d407d0541400d1354"",""object_type"":""blob""},{""scope"":""git-object"",""repository"":""fastlik-Website"",""object"":""5f491ebb52ae058f0733ef8b6ee8c99c9fa3e6ba"",""path_id"":""path/0568d16d407d0541400d1354"",""object_type"":""blob""},{""scope"":""git-object"",""repository"":""fastlik-Website"",""object"":""ebb03587120701e58467595697503691d4ba47fa"",""path_id"":""path/0568d16d407d0541400d1354"",""object_type"":""blob""},{""scope"":""git-object"",""repository"":""fastlik-Website"",""object"":""6c764a3af71dab379441f6afa193ae2245543bdf"",""path_id"":""path/0568d16d407d0541400d1354"",""object_type"":""blob""},{""scope"":""git-object"",""repository"":""fastlik-Website"",""object"":""107d5621133de78de86aec0ae1dd5270b8a42aa9"",""path_id"":""path/0568d16d407d0541400d1354"",""object_type"":""blob""},{""scope"":""git-object"",""repository"":""fastlik-Website"",""object"":""0dbfcb424f57e8b64769fa2f26d419a0e42ecc65"",""path_id"":""path/0568d16d407d0541400d1354"",""object_type"":""blob""},{""scope"":""git-object"",""repository"":""fastlik-Website"",""object"":""8a25339895fcc4e87258fb60fe37a76c49d6167c"",""path_id"":""path/0568d16d407d0541400d1354"",""object_type"":""blob""},{""scope"":""git-object"",""repository"":""fastlik-Website"",""object"":""07b0dd63d403aeae0cb8264e63f094c0be3e3a89"",""path_id"":""path/0568d16d407d0541400d1354"",""object_type"":""blob""},{""scope"":""git-object"",""repository"":""fastlik-Website"",""object"":""7db62ccdbede770f23a3967b51e384cdf5ca4936"",""path_id"":""path/0568d16d407d0541400d1354"",""object_type"":""blob""},{""scope"":""git-object"",""repository"":""fastlik-Website"",""object"":""22a3fb13d3f6be1c233ee5e940e72370c8e827db"",""path_id"":""path/0568d16d407d0541400d1354"",""object_type"":""blob""},{""scope"":""git-object"",""repository"":""fastlik-Website"",""object"":""c03fe18394d75bafe8bdf4aef27954d6086c3e36"",""path_id"":""path/0568d16d407d0541400d1354"",""object_type"":""blob""},{""scope"":""git-object"",""repository"":""fastlik-Website"",""object"":""ada50cda35c8f010dc83debbf1f6119f315e3385"",""path_id"":""path/0568d16d407d0541400d1354"",""object_type"":""blob""},{""scope"":""git-object"",""repository"":""fastlik-Website"",""object"":""5f29785c8af9c40eb9ff03d8912c12c1b0b4cf35"",""path_id"":""path/0568d16d407d0541400d1354"",""object_type"":""blob""},{""scope"":""git-object"",""repository"":""fastlik-Website"",""object"":""7a9bb1c6f26f5c3558d491e0d7c3d873f4462b79"",""path_id"":""path/0568d16d407d0541400d1354"",""object_type"":""blob""},{""scope"":""git-object"",""repository"":""fastlik-Website"",""object"":""37c3f67e87a34be2201d3d5d6635fd4756241492"",""path_id"":""path/0568d16d407d0541400d1354"",""object_type"":""blob""},{""scope"":""git-object"",""repository"":""fastlik-Website"",""object"":""ef0b99f297fbc0915630ce9e8ccc69177f4de34f"",""path_id"":""path/0568d16d407d0541400d1354"",""object_type"":""blob""},{""scope"":""git-object"",""repository"":""fastlik-Website"",""object"":""8391f28e04334e32736fba211c069f771f6d010d"",""path_id"":""path/0568d16d407d0541400d1354"",""object_type"":""blob""},{""scope"":""git-object"",""repository"":""fastlik-Website"",""object"":""303325893caa6e3f8631b2c1382080610bd1caf5"",""path_id"":""path/0568d16d407d0541400d1354"",""object_type"":""blob""},{""scope"":""git-object"",""repository"":""fastlik-Website"",""object"":""1b44b56ff48e7fea36417760c0669c69657da856"",""path_id"":""path/0568d16d407d0541400d1354"",""object_type"":""blob""},{""scope"":""git-object"",""repository"":""fastlik-Website"",""object"":""d7837a76301cceb3ea39933a704440adbe24cf85"",""path_id"":""path/0568d16d407d0541400d1354"",""object_type"":""blob""},{""scope"":""git-object"",""repository"":""fastlik-Website"",""object"":""84a3c0c3061e6fcea0f6cc5ae8a3c2bcd6f7d1a9"",""path_id"":""path/0568d16d407d0541400d1354"",""object_type"":""blob""},{""scope"":""git-object"",""repository"":""fastlik-Website"",""object"":""4632298dd6278ae432468d9a22ace6041d7d8240"",""path_id"":""path/0568d16d407d0541400d1354"",""object_type"":""blob""},{""scope"":""git-object"",""repository"":""fastlik-Website"",""object"":""04529bb42f83640d7efc350cfbd324766816cbef"",""path_id"":""path/0568d16d407d0541400d1354"",""object_type"":""blob""},{""scope"":""git-object"",""repository"":""fastlik-Website"",""object"":""b55ad22a771fb4fdd5ddc84cab2a55c2a40e6679"",""path_id"":""path/0568d16d407d0541400d1354"",""object_type"":""blob""},{""scope"":""git-object"",""repository"":""fastlik-Website"",""object"":""cde95f59ef16c063c72f169148d634ddad61e685"",""path_id"":""path/0568d16d407d0541400d1354"",""object_type"":""blob""},{""scope"":""git-object"",""repository"":""fastlik-Website"",""object"":""0c1a9e98cf0ef16c936d34c8708b529243d510e3"",""path_id"":""path/0568d16d407d0541400d1354"",""object_type"":""blob""},{""scope"":""git-object"",""repository"":""fastlik-Website"",""object"":""c18b93cdc329f0d81768cbb44823f13dd57afc17"",""path_id"":""path/0568d16d407d0541400d1354"",""object_type"":""blob""},{""scope"":""git-object"",""repository"":""fastlik-Website"",""object"":""86d3728f9b699abfd95cf3a54b39dc2e7995d487"",""path_id"":""path/0568d16d407d0541400d1354"",""object_type"":""blob""},{""scope"":""git-object"",""repository"":""fastlik-Website"",""object"":""fcca61b3a51938b5f0cdbc638962f361f0967f46"",""path_id"":""path/0568d16d407d0541400d1354"",""object_type"":""blob""}]",先离线确认资产及影响→另单审批→所有者执行凭据处置→依赖/源码治理→独立复验；本单不执行,另单核对秘密管理版本、授权审计与部署记录，并重新本地扫描；不使用发现的凭据认证,所有者离线确认生产凭据、生产运行路径、活跃外部服务或资金/核心权限影响时触发；当前待判定,FastLink安全负责人及对应资产责任角色,未收到所有者审核意见；未完成最终定性,未提供,阶段A输入包仅含既有执行端结构记录；未收到该ID的所有者确认记录,发现ID、资产/疑似环境、分类、非秘密依据、权限/影响、审核角色/时间、建议动作,责任角色认领并提交非秘密审核记录，安全负责人复核,交接后24小时内认领；2个工作日内反馈或说明阻塞及新期限，待责任人确认,High,2,显式秘密形态存在于配置、历史或归档,2个工作日内初审；均待责任角色承诺,False,最多调整审核顺序，不作为定性或降级依据,False
SEC2-4bd0e9f13d9625fc,4bd0e9f13d9625fc7a66f5503c81e9237472dc9f69be851baa4d9d8c5143c68c,"[""fastlik-Website""]",未知，待所有者确认,"[""应用资产负责人""]",仍无法确认,"[""authorization-credential-shape-unverified""]","[""6102ceaddc26a06fe206d49a7a636961ca67fe2965672022e9b025acf0885ba7"",""85dabb5da56eb4fdaf4ac113ddd22c85e1a4f81470aca21ffc827e8c9163b878"",""f244fad740e8ef626e41fc9d6bdc24f2d6894bf4cbfe7bcde5198c412d25659e"",""3c640fcd1cf7f704f962fa32b59c3a35b38c7b6cde03ade3c89a1ca1762d1139""]",沿用High候选；实际权限未确认,可能涉及会话或API访问授权；实际环境、权限与有效性未确认,"[{""scope"":""git-object"",""repository"":""fastlik-Website"",""object"":""079220a49cab3b8d25d6aa5f33b786991377afbd"",""path_id"":""path/f90b77b1efa21b13b59b6b35"",""object_type"":""blob""},{""scope"":""git-object"",""repository"":""fastlik-Website"",""object"":""19c9c3c386dd97be9c5e3177a4cbd22cbe3e90a5"",""path_id"":""path/f90b77b1efa21b13b59b6b35"",""object_type"":""blob""},{""scope"":""git-object"",""repository"":""fastlik-Website"",""object"":""0b4df76abbd8f8be58d68e9ddfc1640c37f85ffb"",""path_id"":""path/f90b77b1efa21b13b59b6b35"",""object_type"":""blob""},{""scope"":""git-object"",""repository"":""fastlik-Website"",""object"":""761cb83a84585a96cad5523f9951737fa75b325b"",""path_id"":""path/f90b77b1efa21b13b59b6b35"",""object_type"":""blob""}]",先离线确认资产及影响→另单审批→所有者执行凭据处置→依赖/源码治理→独立复验；本单不执行,另单核对秘密管理版本、授权审计与部署记录，并重新本地扫描；不使用发现的凭据认证,所有者离线确认生产凭据、生产运行路径、活跃外部服务或资金/核心权限影响时触发；当前待判定,FastLink安全负责人及对应资产责任角色,未收到所有者审核意见；未完成最终定性,未提供,阶段A输入包仅含既有执行端结构记录；未收到该ID的所有者确认记录,发现ID、资产/疑似环境、分类、非秘密依据、权限/影响、审核角色/时间、建议动作,责任角色认领并提交非秘密审核记录，安全负责人复核,交接后24小时内认领；2个工作日内反馈或说明阻塞及新期限，待责任人确认,High,2,显式秘密形态存在于配置、历史或归档,2个工作日内初审；均待责任角色承诺,False,最多调整审核顺序，不作为定性或降级依据,False
SEC2-3df3f8cc279c2db4,3df3f8cc279c2db451cae8f668bfc12a0a36ca94a009fbb2908b9d9dbdc5e453,"[""fastlik-Website""]",未知，待所有者确认,"[""应用资产负责人""]",仍无法确认,"[""authorization-credential-shape-unverified""]","[""6102ceaddc26a06fe206d49a7a636961ca67fe2965672022e9b025acf0885ba7"",""85dabb5da56eb4fdaf4ac113ddd22c85e1a4f81470aca21ffc827e8c9163b878"",""f244fad740e8ef626e41fc9d6bdc24f2d6894bf4cbfe7bcde5198c412d25659e""]",沿用High候选；实际权限未确认,可能涉及会话或API访问授权；实际环境、权限与有效性未确认,"[{""scope"":""git-object"",""repository"":""fastlik-Website"",""object"":""079220a49cab3b8d25d6aa5f33b786991377afbd"",""path_id"":""path/f90b77b1efa21b13b59b6b35"",""object_type"":""blob""},{""scope"":""git-object"",""repository"":""fastlik-Website"",""object"":""19c9c3c386dd97be9c5e3177a4cbd22cbe3e90a5"",""path_id"":""path/f90b77b1efa21b13b59b6b35"",""object_type"":""blob""},{""scope"":""git-object"",""repository"":""fastlik-Website"",""object"":""0b4df76abbd8f8be58d68e9ddfc1640c37f85ffb"",""path_id"":""path/f90b77b1efa21b13b59b6b35"",""object_type"":""blob""}]",先离线确认资产及影响→另单审批→所有者执行凭据处置→依赖/源码治理→独立复验；本单不执行,另单核对秘密管理版本、授权审计与部署记录，并重新本地扫描；不使用发现的凭据认证,所有者离线确认生产凭据、生产运行路径、活跃外部服务或资金/核心权限影响时触发；当前待判定,FastLink安全负责人及对应资产责任角色,未收到所有者审核意见；未完成最终定性,未提供,阶段A输入包仅含既有执行端结构记录；未收到该ID的所有者确认记录,发现ID、资产/疑似环境、分类、非秘密依据、权限/影响、审核角色/时间、建议动作,责任角色认领并提交非秘密审核记录，安全负责人复核,交接后24小时内认领；2个工作日内反馈或说明阻塞及新期限，待责任人确认,High,2,显式秘密形态存在于配置、历史或归档,2个工作日内初审；均待责任角色承诺,False,最多调整审核顺序，不作为定性或降级依据,False
SEC2-2875ed0dceaaa1d5,2875ed0dceaaa1d5576919c8ed2a508e1564f07bde6cd734efa24688bcc55050,"[""fastlik-Website""]",未知，待所有者确认,"[""应用资产负责人""]",仍无法确认,"[""authorization-credential-shape-unverified""]","[""6102ceaddc26a06fe206d49a7a636961ca67fe2965672022e9b025acf0885ba7"",""85dabb5da56eb4fdaf4ac113ddd22c85e1a4f81470aca21ffc827e8c9163b878"",""f244fad740e8ef626e41fc9d6bdc24f2d6894bf4cbfe7bcde5198c412d25659e""]",沿用High候选；实际权限未确认,可能涉及会话或API访问授权；实际环境、权限与有效性未确认,"[{""scope"":""git-object"",""repository"":""fastlik-Website"",""object"":""079220a49cab3b8d25d6aa5f33b786991377afbd"",""path_id"":""path/f90b77b1efa21b13b59b6b35"",""object_type"":""blob""},{""scope"":""git-object"",""repository"":""fastlik-Website"",""object"":""19c9c3c386dd97be9c5e3177a4cbd22cbe3e90a5"",""path_id"":""path/f90b77b1efa21b13b59b6b35"",""object_type"":""blob""},{""scope"":""git-object"",""repository"":""fastlik-Website"",""object"":""0b4df76abbd8f8be58d68e9ddfc1640c37f85ffb"",""path_id"":""path/f90b77b1efa21b13b59b6b35"",""object_type"":""blob""}]",先离线确认资产及影响→另单审批→所有者执行凭据处置→依赖/源码治理→独立复验；本单不执行,另单核对秘密管理版本、授权审计与部署记录，并重新本地扫描；不使用发现的凭据认证,所有者离线确认生产凭据、生产运行路径、活跃外部服务或资金/核心权限影响时触发；当前待判定,FastLink安全负责人及对应资产责任角色,未收到所有者审核意见；未完成最终定性,未提供,阶段A输入包仅含既有执行端结构记录；未收到该ID的所有者确认记录,发现ID、资产/疑似环境、分类、非秘密依据、权限/影响、审核角色/时间、建议动作,责任角色认领并提交非秘密审核记录，安全负责人复核,交接后24小时内认领；2个工作日内反馈或说明阻塞及新期限，待责任人确认,High,2,显式秘密形态存在于配置、历史或归档,2个工作日内初审；均待责任角色承诺,False,最多调整审核顺序，不作为定性或降级依据,False
SEC2-4e4acae9e811f974,4e4acae9e811f9740a3255a78ab3c8f841ec24508d92f22219b8c1bcd28e4a7f,"[""fastlik-Website""]",未知，待所有者确认,"[""应用资产负责人""]",仍无法确认,"[""authorization-credential-shape-unverified""]","[""33bd88df09458b90746d10d597169e687b7069d005f218c35465f0fa71468391"",""85dd06479e7f34901b9a57627e9ada46bb1a67b34bd9906ceafc021ed4ad6a81"",""3f75f8b09ee795734c63da0a0557165be70392e3cde97cc9b799bdaf6ad45698"",""76d61db36f873f319375e083bbae567c74c3dd81c1bffb334e8d7c51f2dcfca0"",""98fd37f48ae7068624d0b9c30ede21a9bbe26032d27e33537f5483340ed4f0a7"",""8c3cde9a6294a0502e0ee4b5d9378abe9ba5e4ffb85e5d19f0a67ddcc8cfa0cb"",""fa74e1ac2002bcb09709a26288ba9090a4313b0b5e509b9c02381dee263777da"",""52196ba35d270d0c15f5fbd07293d47c20f82fe41e47260e57ddd927e9a3ae1a"",""4616cc9e3323f7758cec46efd6f25351ccbc6b9e6a532834db0d4d70c90e968d"",""f45acbe7327656cf67b508d1666c93b70378212bbd41a35e205a1e1357346e86""]",沿用High候选；实际权限未确认,可能涉及会话或API访问授权；实际环境、权限与有效性未确认,"[{""scope"":""git-object"",""repository"":""fastlik-Website"",""object"":""144601931c8b7b8d69a7c4e41a7e24ac74091cc3"",""path_id"":""path/5b94b5542da8be434420eb25"",""object_type"":""blob""},{""scope"":""git-object"",""repository"":""fastlik-Website"",""object"":""69c0bb8be41600ee90df0299e21c56aa75a71330"",""path_id"":""path/df948d6516f879f5f078d793"",""object_type"":""blob""},{""scope"":""git-object"",""repository"":""fastlik-Website"",""object"":""972186c5e448e3c208ed9d1e8b786de8fd197483"",""path_id"":""path/5b94b5542da8be434420eb25"",""object_type"":""blob""},{""scope"":""git-object"",""repository"":""fastlik-Website"",""object"":""4b580c0d0fd15c798a9b1a7359b7787647c7f6ad"",""path_id"":""path/df948d6516f879f5f078d793"",""object_type"":""blob""},{""scope"":""git-object"",""repository"":""fastlik-Website"",""object"":""1f3b65c113b0215c259b0a6d4e2f937a81a8e050"",""path_id"":""path/5b94b5542da8be434420eb25"",""object_type"":""blob""},{""scope"":""git-object"",""repository"":""fastlik-Website"",""object"":""1d2614c19abcbf9f7b57b57c21adb942d0418ed1"",""path_id"":""path/df948d6516f879f5f078d793"",""object_type"":""blob""},{""scope"":""git-object"",""repository"":""fastlik-Website"",""object"":""a848d83f723b8b32975e936ada244036dcda4a6f"",""path_id"":""path/5b94b5542da8be434420eb25"",""object_type"":""blob""},{""scope"":""git-object"",""repository"":""fastlik-Website"",""object"":""3898dd62381a9a1a096b75f9f6b2b22d4e5cb705"",""path_id"":""path/df948d6516f879f5f078d793"",""object_type"":""blob""},{""scope"":""git-object"",""repository"":""fastlik-Website"",""object"":""ede900ff29cc10d35b6cc7ec74bee6afce6ecddf"",""path_id"":""path/5b94b5542da8be434420eb25"",""object_type"":""blob""},{""scope"":""git-object"",""repository"":""fastlik-Website"",""object"":""6cdd6c97a1d18ce68498b3312bc3a291eb4ab0b1"",""path_id"":""path/df948d6516f879f5f078d793"",""object_type"":""blob""}]",先离线确认资产及影响→另单审批→所有者执行凭据处置→依赖/源码治理→独立复验；本单不执行,另单核对秘密管理版本、授权审计与部署记录，并重新本地扫描；不使用发现的凭据认证,所有者离线确认生产凭据、生产运行路径、活跃外部服务或资金/核心权限影响时触发；当前待判定,FastLink安全负责人及对应资产责任角色,未收到所有者审核意见；未完成最终定性,未提供,阶段A输入包仅含既有执行端结构记录；未收到该ID的所有者确认记录,发现ID、资产/疑似环境、分类、非秘密依据、权限/影响、审核角色/时间、建议动作,责任角色认领并提交非秘密审核记录，安全负责人复核,交接后24小时内认领；2个工作日内反馈或说明阻塞及新期限，待责任人确认,High,2,显式秘密形态存在于配置、历史或归档,2个工作日内初审；均待责任角色承诺,False,最多调整审核顺序，不作为定性或降级依据,False
SEC2-433bb86153cc230e,433bb86153cc230e3eb99e2889ebc278a25221ce69609f695c80f80a0b2ea9d9,"[""fastlik-Website""]",未知，待所有者确认,"[""应用资产负责人""]",仍无法确认,"[""authorization-credential-shape-unverified""]","[""61bc0cf6d3d807cd12e3466e9e18eb81081e864e6cfdb7ba7ac7359b8ec11080"",""57a482d39337a56a468dd351bb96847653d7180081b3badee23fcc8f378cba81"",""b368dc0c9f0c165510a192aa508394174a7975ea64fd47f39cc974acf6dddda4"",""90d13381ab3889fabd6239621c98156cf67fadcb10fd507dbbaf33c205362b3f"",""69c62f088436c7b694f570c01e76f5a04646d78325d2065fe40041ccee877f98"",""b214875651ecd794bf49fb5151a0d83148abbc433b94b68cbd6afe94680e3e4c"",""304a2ec36d019b6471e2aede9bd2d32449e3e0d7b1a7e23e43582ee356e5d592"",""91612c4d9731342d6fdbcf02a48766a64c733dae159ca45166393f35d0c7f08e"",""720153e55628cac4f66c676c2ff05bc3d21e4c81de298af0bcb03e23a4b8b048"",""93c140ae7ef545ca94ae54390b4bfc29fb7b60e76870812b9687a52ca41592ec"",""9a43f4561da9f647fb6bea124e7262c5792df66e9fd4ee9b277cc59296b5fb29"",""49316fe2fc213a0723674d231ae5744206b53d87f10324004a22b585a59d67dd"",""a3ea03d55165d8a4802c3e56c160dd5e375f29efb41a26f1650330a1f1f20cdf"",""cbe684bd64410db6f4e1657e69aa219a2325dbd7fe3874f923789204802c2a66"",""ab32aee9c7fe68276b8c894bd86da9eb6555e607c6d5ec87aa218211ceec9b81"",""98497acb0b1b25599b513a9c0c87cd50ecef29a84ac6f0c989562d28d08d2bcb"",""70516b3acebf636f4e51bb3d3423df70ebc75d269ac543d5973f39afbf3217ef"",""97d8a1fc7e5fe01d999da9a4c4cfb9dd5dd8e5f069ed285f1d9cd01d620096d6"",""0c4933dd2681fe3d6cccc6ca294b226da3b419f51d5458d61a987196ab2dba8f"",""9807c1f0552166d9d51d4f96d669a4be11135dd4191a56a1fe1b6bee9aaf70b3"",""0d4e3cfed393266bb29fcb5bcea6ee31fb1039ff6486253c4aff2b0f39faa608"",""efbcd96af26d4a3bfcb41cab499c2dbc428f995b300e39229cf5813698381ee9"",""f6e69301ce212f84744d68bfac131e3fb02b3084b655d34931400a69d9b84dc1"",""cef280485b3def431249e5a051b9412e25b7cde63b1888a57b0943279186dae5"",""27d5f6723ecefd2c94ce2443949a47dda416dd0931852cfecf8f267261c01a51"",""7a56454f8ed0f73af22610e106e0664fd2330aba02669647ba306178ed12f166""]",沿用High候选；实际权限未确认,可能涉及会话或API访问授权；实际环境、权限与有效性未确认,"[{""scope"":""git-object"",""repository"":""fastlik-Website"",""object"":""55c04133536020dfd2076be2739de610a0cda529"",""path_id"":""path/0568d16d407d0541400d1354"",""object_type"":""blob""},{""scope"":""git-object"",""repository"":""fastlik-Website"",""object"":""b71d040412b39c9062114e527e4d14868f28b78e"",""path_id"":""path/0568d16d407d0541400d1354"",""object_type"":""blob""},{""scope"":""git-object"",""repository"":""fastlik-Website"",""object"":""7923c3581e799d7f3172d04c97b0eef9f88aa750"",""path_id"":""path/0568d16d407d0541400d1354"",""object_type"":""blob""},{""scope"":""git-object"",""repository"":""fastlik-Website"",""object"":""9b0224e711eae6ae8dfc1a8476962fe1097acc81"",""path_id"":""path/0568d16d407d0541400d1354"",""object_type"":""blob""},{""scope"":""git-object"",""repository"":""fastlik-Website"",""object"":""8a6ce41e298f1dda10cfd1664a9171c4c626e60e"",""path_id"":""path/0568d16d407d0541400d1354"",""object_type"":""blob""},{""scope"":""git-object"",""repository"":""fastlik-Website"",""object"":""669cca28ddaa2a293b962163c4780ff1df502858"",""path_id"":""path/0568d16d407d0541400d1354"",""object_type"":""blob""},{""scope"":""git-object"",""repository"":""fastlik-Website"",""object"":""8cd2e0bd8d3cb252f7110fbef91a110d09568bf5"",""path_id"":""path/0568d16d407d0541400d1354"",""object_type"":""blob""},{""scope"":""git-object"",""repository"":""fastlik-Website"",""object"":""e387b54a97a1e82ecc29f846cd405f433458f500"",""path_id"":""path/0568d16d407d0541400d1354"",""object_type"":""blob""},{""scope"":""git-object"",""repository"":""fastlik-Website"",""object"":""81bee01963982007b9c521cb7e2668cdf93b17a4"",""path_id"":""path/0568d16d407d0541400d1354"",""object_type"":""blob""},{""scope"":""git-object"",""repository"":""fastlik-Website"",""object"":""6d40985dbdac522be50288128ec69b07694bbdc5"",""path_id"":""path/0568d16d407d0541400d1354"",""object_type"":""blob""},{""scope"":""git-object"",""repository"":""fastlik-Website"",""object"":""9774a3831d584164deb39ad274179629994d78f7"",""path_id"":""path/0568d16d407d0541400d1354"",""object_type"":""blob""},{""scope"":""git-object"",""repository"":""fastlik-Website"",""object"":""cd3c84dbaff4e43cb17c2ad88405626ec1d47fd0"",""path_id"":""path/0568d16d407d0541400d1354"",""object_type"":""blob""},{""scope"":""git-object"",""repository"":""fastlik-Website"",""object"":""ed270770b5e1d920b52abbc007c051ffe5d3ce92"",""path_id"":""path/0568d16d407d0541400d1354"",""object_type"":""blob""},{""scope"":""git-object"",""repository"":""fastlik-Website"",""object"":""1934c6c8fe8bfc057e3d8d0b543278db85c0579a"",""path_id"":""path/0568d16d407d0541400d1354"",""object_type"":""blob""},{""scope"":""git-object"",""repository"":""fastlik-Website"",""object"":""1950ec1a14bc51453d931f77a943f7d9750a7844"",""path_id"":""path/0568d16d407d0541400d1354"",""object_type"":""blob""},{""scope"":""git-object"",""repository"":""fastlik-Website"",""object"":""d65ab66e3a69440970c09bee38c920468ce0eb07"",""path_id"":""path/0568d16d407d0541400d1354"",""object_type"":""blob""},{""scope"":""git-object"",""repository"":""fastlik-Website"",""object"":""5f491ebb52ae058f0733ef8b6ee8c99c9fa3e6ba"",""path_id"":""path/0568d16d407d0541400d1354"",""object_type"":""blob""},{""scope"":""git-object"",""repository"":""fastlik-Website"",""object"":""ebb03587120701e58467595697503691d4ba47fa"",""path_id"":""path/0568d16d407d0541400d1354"",""object_type"":""blob""},{""scope"":""git-object"",""repository"":""fastlik-Website"",""object"":""6c764a3af71dab379441f6afa193ae2245543bdf"",""path_id"":""path/0568d16d407d0541400d1354"",""object_type"":""blob""},{""scope"":""git-object"",""repository"":""fastlik-Website"",""object"":""107d5621133de78de86aec0ae1dd5270b8a42aa9"",""path_id"":""path/0568d16d407d0541400d1354"",""object_type"":""blob""},{""scope"":""git-object"",""repository"":""fastlik-Website"",""object"":""0dbfcb424f57e8b64769fa2f26d419a0e42ecc65"",""path_id"":""path/0568d16d407d0541400d1354"",""object_type"":""blob""},{""scope"":""git-object"",""repository"":""fastlik-Website"",""object"":""8a25339895fcc4e87258fb60fe37a76c49d6167c"",""path_id"":""path/0568d16d407d0541400d1354"",""object_type"":""blob""},{""scope"":""git-object"",""repository"":""fastlik-Website"",""object"":""07b0dd63d403aeae0cb8264e63f094c0be3e3a89"",""path_id"":""path/0568d16d407d0541400d1354"",""object_type"":""blob""},{""scope"":""git-object"",""repository"":""fastlik-Website"",""object"":""7db62ccdbede770f23a3967b51e384cdf5ca4936"",""path_id"":""path/0568d16d407d0541400d1354"",""object_type"":""blob""},{""scope"":""git-object"",""repository"":""fastlik-Website"",""object"":""22a3fb13d3f6be1c233ee5e940e72370c8e827db"",""path_id"":""path/0568d16d407d0541400d1354"",""object_type"":""blob""},{""scope"":""git-object"",""repository"":""fastlik-Website"",""object"":""c03fe18394d75bafe8bdf4aef27954d6086c3e36"",""path_id"":""path/0568d16d407d0541400d1354"",""object_type"":""blob""}]",先离线确认资产及影响→另单审批→所有者执行凭据处置→依赖/源码治理→独立复验；本单不执行,另单核对秘密管理版本、授权审计与部署记录，并重新本地扫描；不使用发现的凭据认证,所有者离线确认生产凭据、生产运行路径、活跃外部服务或资金/核心权限影响时触发；当前待判定,FastLink安全负责人及对应资产责任角色,未收到所有者审核意见；未完成最终定性,未提供,阶段A输入包仅含既有执行端结构记录；未收到该ID的所有者确认记录,发现ID、资产/疑似环境、分类、非秘密依据、权限/影响、审核角色/时间、建议动作,责任角色认领并提交非秘密审核记录，安全负责人复核,交接后24小时内认领；2个工作日内反馈或说明阻塞及新期限，待责任人确认,High,2,显式秘密形态存在于配置、历史或归档,2个工作日内初审；均待责任角色承诺,False,最多调整审核顺序，不作为定性或降级依据,False
SEC2-ef6e76e3f4744974,ef6e76e3f47449740f52a2a285d364cd2242f586b1d2bee1e537314ea82544b3,"[""fastlik-Website""]",未知，待所有者确认,"[""应用资产负责人""]",仍无法确认,"[""authorization-credential-shape-unverified""]","[""61bc0cf6d3d807cd12e3466e9e18eb81081e864e6cfdb7ba7ac7359b8ec11080"",""57a482d39337a56a468dd351bb96847653d7180081b3badee23fcc8f378cba81"",""b368dc0c9f0c165510a192aa508394174a7975ea64fd47f39cc974acf6dddda4"",""90d13381ab3889fabd6239621c98156cf67fadcb10fd507dbbaf33c205362b3f"",""69c62f088436c7b694f570c01e76f5a04646d78325d2065fe40041ccee877f98"",""b214875651ecd794bf49fb5151a0d83148abbc433b94b68cbd6afe94680e3e4c"",""304a2ec36d019b6471e2aede9bd2d32449e3e0d7b1a7e23e43582ee356e5d592"",""91612c4d9731342d6fdbcf02a48766a64c733dae159ca45166393f35d0c7f08e"",""720153e55628cac4f66c676c2ff05bc3d21e4c81de298af0bcb03e23a4b8b048"",""93c140ae7ef545ca94ae54390b4bfc29fb7b60e76870812b9687a52ca41592ec"",""9a43f4561da9f647fb6bea124e7262c5792df66e9fd4ee9b277cc59296b5fb29"",""49316fe2fc213a0723674d231ae5744206b53d87f10324004a22b585a59d67dd"",""a3ea03d55165d8a4802c3e56c160dd5e375f29efb41a26f1650330a1f1f20cdf"",""cbe684bd64410db6f4e1657e69aa219a2325dbd7fe3874f923789204802c2a66"",""ab32aee9c7fe68276b8c894bd86da9eb6555e607c6d5ec87aa218211ceec9b81"",""98497acb0b1b25599b513a9c0c87cd50ecef29a84ac6f0c989562d28d08d2bcb"",""70516b3acebf636f4e51bb3d3423df70ebc75d269ac543d5973f39afbf3217ef"",""97d8a1fc7e5fe01d999da9a4c4cfb9dd5dd8e5f069ed285f1d9cd01d620096d6"",""0c4933dd2681fe3d6cccc6ca294b226da3b419f51d5458d61a987196ab2dba8f"",""9807c1f0552166d9d51d4f96d669a4be11135dd4191a56a1fe1b6bee9aaf70b3"",""0d4e3cfed393266bb29fcb5bcea6ee31fb1039ff6486253c4aff2b0f39faa608"",""efbcd96af26d4a3bfcb41cab499c2dbc428f995b300e39229cf5813698381ee9"",""f6e69301ce212f84744d68bfac131e3fb02b3084b655d34931400a69d9b84dc1"",""cef280485b3def431249e5a051b9412e25b7cde63b1888a57b0943279186dae5"",""27d5f6723ecefd2c94ce2443949a47dda416dd0931852cfecf8f267261c01a51"",""7a56454f8ed0f73af22610e106e0664fd2330aba02669647ba306178ed12f166""]",沿用High候选；实际权限未确认,可能涉及会话或API访问授权；实际环境、权限与有效性未确认,"[{""scope"":""git-object"",""repository"":""fastlik-Website"",""object"":""55c04133536020dfd2076be2739de610a0cda529"",""path_id"":""path/0568d16d407d0541400d1354"",""object_type"":""blob""},{""scope"":""git-object"",""repository"":""fastlik-Website"",""object"":""b71d040412b39c9062114e527e4d14868f28b78e"",""path_id"":""path/0568d16d407d0541400d1354"",""object_type"":""blob""},{""scope"":""git-object"",""repository"":""fastlik-Website"",""object"":""7923c3581e799d7f3172d04c97b0eef9f88aa750"",""path_id"":""path/0568d16d407d0541400d1354"",""object_type"":""blob""},{""scope"":""git-object"",""repository"":""fastlik-Website"",""object"":""9b0224e711eae6ae8dfc1a8476962fe1097acc81"",""path_id"":""path/0568d16d407d0541400d1354"",""object_type"":""blob""},{""scope"":""git-object"",""repository"":""fastlik-Website"",""object"":""8a6ce41e298f1dda10cfd1664a9171c4c626e60e"",""path_id"":""path/0568d16d407d0541400d1354"",""object_type"":""blob""},{""scope"":""git-object"",""repository"":""fastlik-Website"",""object"":""669cca28ddaa2a293b962163c4780ff1df502858"",""path_id"":""path/0568d16d407d0541400d1354"",""object_type"":""blob""},{""scope"":""git-object"",""repository"":""fastlik-Website"",""object"":""8cd2e0bd8d3cb252f7110fbef91a110d09568bf5"",""path_id"":""path/0568d16d407d0541400d1354"",""object_type"":""blob""},{""scope"":""git-object"",""repository"":""fastlik-Website"",""object"":""e387b54a97a1e82ecc29f846cd405f433458f500"",""path_id"":""path/0568d16d407d0541400d1354"",""object_type"":""blob""},{""scope"":""git-object"",""repository"":""fastlik-Website"",""object"":""81bee01963982007b9c521cb7e2668cdf93b17a4"",""path_id"":""path/0568d16d407d0541400d1354"",""object_type"":""blob""},{""scope"":""git-object"",""repository"":""fastlik-Website"",""object"":""6d40985dbdac522be50288128ec69b07694bbdc5"",""path_id"":""path/0568d16d407d0541400d1354"",""object_type"":""blob""},{""scope"":""git-object"",""repository"":""fastlik-Website"",""object"":""9774a3831d584164deb39ad274179629994d78f7"",""path_id"":""path/0568d16d407d0541400d1354"",""object_type"":""blob""},{""scope"":""git-object"",""repository"":""fastlik-Website"",""object"":""cd3c84dbaff4e43cb17c2ad88405626ec1d47fd0"",""path_id"":""path/0568d16d407d0541400d1354"",""object_type"":""blob""},{""scope"":""git-object"",""repository"":""fastlik-Website"",""object"":""ed270770b5e1d920b52abbc007c051ffe5d3ce92"",""path_id"":""path/0568d16d407d0541400d1354"",""object_type"":""blob""},{""scope"":""git-object"",""repository"":""fastlik-Website"",""object"":""1934c6c8fe8bfc057e3d8d0b543278db85c0579a"",""path_id"":""path/0568d16d407d0541400d1354"",""object_type"":""blob""},{""scope"":""git-object"",""repository"":""fastlik-Website"",""object"":""1950ec1a14bc51453d931f77a943f7d9750a7844"",""path_id"":""path/0568d16d407d0541400d1354"",""object_type"":""blob""},{""scope"":""git-object"",""repository"":""fastlik-Website"",""object"":""d65ab66e3a69440970c09bee38c920468ce0eb07"",""path_id"":""path/0568d16d407d0541400d1354"",""object_type"":""blob""},{""scope"":""git-object"",""repository"":""fastlik-Website"",""object"":""5f491ebb52ae058f0733ef8b6ee8c99c9fa3e6ba"",""path_id"":""path/0568d16d407d0541400d1354"",""object_type"":""blob""},{""scope"":""git-object"",""repository"":""fastlik-Website"",""object"":""ebb03587120701e58467595697503691d4ba47fa"",""path_id"":""path/0568d16d407d0541400d1354"",""object_type"":""blob""},{""scope"":""git-object"",""repository"":""fastlik-Website"",""object"":""6c764a3af71dab379441f6afa193ae2245543bdf"",""path_id"":""path/0568d16d407d0541400d1354"",""object_type"":""blob""},{""scope"":""git-object"",""repository"":""fastlik-Website"",""object"":""107d5621133de78de86aec0ae1dd5270b8a42aa9"",""path_id"":""path/0568d16d407d0541400d1354"",""object_type"":""blob""},{""scope"":""git-object"",""repository"":""fastlik-Website"",""object"":""0dbfcb424f57e8b64769fa2f26d419a0e42ecc65"",""path_id"":""path/0568d16d407d0541400d1354"",""object_type"":""blob""},{""scope"":""git-object"",""repository"":""fastlik-Website"",""object"":""8a25339895fcc4e87258fb60fe37a76c49d6167c"",""path_id"":""path/0568d16d407d0541400d1354"",""object_type"":""blob""},{""scope"":""git-object"",""repository"":""fastlik-Website"",""object"":""07b0dd63d403aeae0cb8264e63f094c0be3e3a89"",""path_id"":""path/0568d16d407d0541400d1354"",""object_type"":""blob""},{""scope"":""git-object"",""repository"":""fastlik-Website"",""object"":""7db62ccdbede770f23a3967b51e384cdf5ca4936"",""path_id"":""path/0568d16d407d0541400d1354"",""object_type"":""blob""},{""scope"":""git-object"",""repository"":""fastlik-Website"",""object"":""22a3fb13d3f6be1c233ee5e940e72370c8e827db"",""path_id"":""path/0568d16d407d0541400d1354"",""object_type"":""blob""},{""scope"":""git-object"",""repository"":""fastlik-Website"",""object"":""c03fe18394d75bafe8bdf4aef27954d6086c3e36"",""path_id"":""path/0568d16d407d0541400d1354"",""object_type"":""blob""}]",先离线确认资产及影响→另单审批→所有者执行凭据处置→依赖/源码治理→独立复验；本单不执行,另单核对秘密管理版本、授权审计与部署记录，并重新本地扫描；不使用发现的凭据认证,所有者离线确认生产凭据、生产运行路径、活跃外部服务或资金/核心权限影响时触发；当前待判定,FastLink安全负责人及对应资产责任角色,未收到所有者审核意见；未完成最终定性,未提供,阶段A输入包仅含既有执行端结构记录；未收到该ID的所有者确认记录,发现ID、资产/疑似环境、分类、非秘密依据、权限/影响、审核角色/时间、建议动作,责任角色认领并提交非秘密审核记录，安全负责人复核,交接后24小时内认领；2个工作日内反馈或说明阻塞及新期限，待责任人确认,High,2,显式秘密形态存在于配置、历史或归档,2个工作日内初审；均待责任角色承诺,False,最多调整审核顺序，不作为定性或降级依据,False
SEC2-8d13fe43049fd13e,8d13fe43049fd13eca503f550d5f70178f4b46a070e79e9a8d347b9482aa5eff,"[""fastlik-Website""]",未知，待所有者确认,"[""应用资产负责人""]",仍无法确认,"[""authorization-credential-shape-unverified""]","[""61bc0cf6d3d807cd12e3466e9e18eb81081e864e6cfdb7ba7ac7359b8ec11080"",""57a482d39337a56a468dd351bb96847653d7180081b3badee23fcc8f378cba81"",""b368dc0c9f0c165510a192aa508394174a7975ea64fd47f39cc974acf6dddda4"",""90d13381ab3889fabd6239621c98156cf67fadcb10fd507dbbaf33c205362b3f"",""69c62f088436c7b694f570c01e76f5a04646d78325d2065fe40041ccee877f98"",""b214875651ecd794bf49fb5151a0d83148abbc433b94b68cbd6afe94680e3e4c"",""304a2ec36d019b6471e2aede9bd2d32449e3e0d7b1a7e23e43582ee356e5d592"",""91612c4d9731342d6fdbcf02a48766a64c733dae159ca45166393f35d0c7f08e"",""720153e55628cac4f66c676c2ff05bc3d21e4c81de298af0bcb03e23a4b8b048"",""93c140ae7ef545ca94ae54390b4bfc29fb7b60e76870812b9687a52ca41592ec"",""9a43f4561da9f647fb6bea124e7262c5792df66e9fd4ee9b277cc59296b5fb29"",""49316fe2fc213a0723674d231ae5744206b53d87f10324004a22b585a59d67dd"",""a3ea03d55165d8a4802c3e56c160dd5e375f29efb41a26f1650330a1f1f20cdf"",""cbe684bd64410db6f4e1657e69aa219a2325dbd7fe3874f923789204802c2a66"",""ab32aee9c7fe68276b8c894bd86da9eb6555e607c6d5ec87aa218211ceec9b81"",""98497acb0b1b25599b513a9c0c87cd50ecef29a84ac6f0c989562d28d08d2bcb"",""70516b3acebf636f4e51bb3d3423df70ebc75d269ac543d5973f39afbf3217ef"",""97d8a1fc7e5fe01d999da9a4c4cfb9dd5dd8e5f069ed285f1d9cd01d620096d6"",""0c4933dd2681fe3d6cccc6ca294b226da3b419f51d5458d61a987196ab2dba8f"",""9807c1f0552166d9d51d4f96d669a4be11135dd4191a56a1fe1b6bee9aaf70b3"",""0d4e3cfed393266bb29fcb5bcea6ee31fb1039ff6486253c4aff2b0f39faa608"",""efbcd96af26d4a3bfcb41cab499c2dbc428f995b300e39229cf5813698381ee9"",""f6e69301ce212f84744d68bfac131e3fb02b3084b655d34931400a69d9b84dc1"",""cef280485b3def431249e5a051b9412e25b7cde63b1888a57b0943279186dae5"",""27d5f6723ecefd2c94ce2443949a47dda416dd0931852cfecf8f267261c01a51"",""7a56454f8ed0f73af22610e106e0664fd2330aba02669647ba306178ed12f166""]",沿用High候选；实际权限未确认,可能涉及会话或API访问授权；实际环境、权限与有效性未确认,"[{""scope"":""git-object"",""repository"":""fastlik-Website"",""object"":""55c04133536020dfd2076be2739de610a0cda529"",""path_id"":""path/0568d16d407d0541400d1354"",""object_type"":""blob""},{""scope"":""git-object"",""repository"":""fastlik-Website"",""object"":""b71d040412b39c9062114e527e4d14868f28b78e"",""path_id"":""path/0568d16d407d0541400d1354"",""object_type"":""blob""},{""scope"":""git-object"",""repository"":""fastlik-Website"",""object"":""7923c3581e799d7f3172d04c97b0eef9f88aa750"",""path_id"":""path/0568d16d407d0541400d1354"",""object_type"":""blob""},{""scope"":""git-object"",""repository"":""fastlik-Website"",""object"":""9b0224e711eae6ae8dfc1a8476962fe1097acc81"",""path_id"":""path/0568d16d407d0541400d1354"",""object_type"":""blob""},{""scope"":""git-object"",""repository"":""fastlik-Website"",""object"":""8a6ce41e298f1dda10cfd1664a9171c4c626e60e"",""path_id"":""path/0568d16d407d0541400d1354"",""object_type"":""blob""},{""scope"":""git-object"",""repository"":""fastlik-Website"",""object"":""669cca28ddaa2a293b962163c4780ff1df502858"",""path_id"":""path/0568d16d407d0541400d1354"",""object_type"":""blob""},{""scope"":""git-object"",""repository"":""fastlik-Website"",""object"":""8cd2e0bd8d3cb252f7110fbef91a110d09568bf5"",""path_id"":""path/0568d16d407d0541400d1354"",""object_type"":""blob""},{""scope"":""git-object"",""repository"":""fastlik-Website"",""object"":""e387b54a97a1e82ecc29f846cd405f433458f500"",""path_id"":""path/0568d16d407d0541400d1354"",""object_type"":""blob""},{""scope"":""git-object"",""repository"":""fastlik-Website"",""object"":""81bee01963982007b9c521cb7e2668cdf93b17a4"",""path_id"":""path/0568d16d407d0541400d1354"",""object_type"":""blob""},{""scope"":""git-object"",""repository"":""fastlik-Website"",""object"":""6d40985dbdac522be50288128ec69b07694bbdc5"",""path_id"":""path/0568d16d407d0541400d1354"",""object_type"":""blob""},{""scope"":""git-object"",""repository"":""fastlik-Website"",""object"":""9774a3831d584164deb39ad274179629994d78f7"",""path_id"":""path/0568d16d407d0541400d1354"",""object_type"":""blob""},{""scope"":""git-object"",""repository"":""fastlik-Website"",""object"":""cd3c84dbaff4e43cb17c2ad88405626ec1d47fd0"",""path_id"":""path/0568d16d407d0541400d1354"",""object_type"":""blob""},{""scope"":""git-object"",""repository"":""fastlik-Website"",""object"":""ed270770b5e1d920b52abbc007c051ffe5d3ce92"",""path_id"":""path/0568d16d407d0541400d1354"",""object_type"":""blob""},{""scope"":""git-object"",""repository"":""fastlik-Website"",""object"":""1934c6c8fe8bfc057e3d8d0b543278db85c0579a"",""path_id"":""path/0568d16d407d0541400d1354"",""object_type"":""blob""},{""scope"":""git-object"",""repository"":""fastlik-Website"",""object"":""1950ec1a14bc51453d931f77a943f7d9750a7844"",""path_id"":""path/0568d16d407d0541400d1354"",""object_type"":""blob""},{""scope"":""git-object"",""repository"":""fastlik-Website"",""object"":""d65ab66e3a69440970c09bee38c920468ce0eb07"",""path_id"":""path/0568d16d407d0541400d1354"",""object_type"":""blob""},{""scope"":""git-object"",""repository"":""fastlik-Website"",""object"":""5f491ebb52ae058f0733ef8b6ee8c99c9fa3e6ba"",""path_id"":""path/0568d16d407d0541400d1354"",""object_type"":""blob""},{""scope"":""git-object"",""repository"":""fastlik-Website"",""object"":""ebb03587120701e58467595697503691d4ba47fa"",""path_id"":""path/0568d16d407d0541400d1354"",""object_type"":""blob""},{""scope"":""git-object"",""repository"":""fastlik-Website"",""object"":""6c764a3af71dab379441f6afa193ae2245543bdf"",""path_id"":""path/0568d16d407d0541400d1354"",""object_type"":""blob""},{""scope"":""git-object"",""repository"":""fastlik-Website"",""object"":""107d5621133de78de86aec0ae1dd5270b8a42aa9"",""path_id"":""path/0568d16d407d0541400d1354"",""object_type"":""blob""},{""scope"":""git-object"",""repository"":""fastlik-Website"",""object"":""0dbfcb424f57e8b64769fa2f26d419a0e42ecc65"",""path_id"":""path/0568d16d407d0541400d1354"",""object_type"":""blob""},{""scope"":""git-object"",""repository"":""fastlik-Website"",""object"":""8a25339895fcc4e87258fb60fe37a76c49d6167c"",""path_id"":""path/0568d16d407d0541400d1354"",""object_type"":""blob""},{""scope"":""git-object"",""repository"":""fastlik-Website"",""object"":""07b0dd63d403aeae0cb8264e63f094c0be3e3a89"",""path_id"":""path/0568d16d407d0541400d1354"",""object_type"":""blob""},{""scope"":""git-object"",""repository"":""fastlik-Website"",""object"":""7db62ccdbede770f23a3967b51e384cdf5ca4936"",""path_id"":""path/0568d16d407d0541400d1354"",""object_type"":""blob""},{""scope"":""git-object"",""repository"":""fastlik-Website"",""object"":""22a3fb13d3f6be1c233ee5e940e72370c8e827db"",""path_id"":""path/0568d16d407d0541400d1354"",""object_type"":""blob""},{""scope"":""git-object"",""repository"":""fastlik-Website"",""object"":""c03fe18394d75bafe8bdf4aef27954d6086c3e36"",""path_id"":""path/0568d16d407d0541400d1354"",""object_type"":""blob""}]",先离线确认资产及影响→另单审批→所有者执行凭据处置→依赖/源码治理→独立复验；本单不执行,另单核对秘密管理版本、授权审计与部署记录，并重新本地扫描；不使用发现的凭据认证,所有者离线确认生产凭据、生产运行路径、活跃外部服务或资金/核心权限影响时触发；当前待判定,FastLink安全负责人及对应资产责任角色,未收到所有者审核意见；未完成最终定性,未提供,阶段A输入包仅含既有执行端结构记录；未收到该ID的所有者确认记录,发现ID、资产/疑似环境、分类、非秘密依据、权限/影响、审核角色/时间、建议动作,责任角色认领并提交非秘密审核记录，安全负责人复核,交接后24小时内认领；2个工作日内反馈或说明阻塞及新期限，待责任人确认,High,2,显式秘密形态存在于配置、历史或归档,2个工作日内初审；均待责任角色承诺,False,最多调整审核顺序，不作为定性或降级依据,False
SEC2-6ed76fcde368cdc2,6ed76fcde368cdc212a437f55d5b5b81171f0cd6c4f97afcbb79eaca4f30795c,"[""fastlik-Website""]",未知，待所有者确认,"[""应用资产负责人""]",仍无法确认,"[""authorization-credential-shape-unverified""]","[""61bc0cf6d3d807cd12e3466e9e18eb81081e864e6cfdb7ba7ac7359b8ec11080"",""57a482d39337a56a468dd351bb96847653d7180081b3badee23fcc8f378cba81"",""b368dc0c9f0c165510a192aa508394174a7975ea64fd47f39cc974acf6dddda4"",""90d13381ab3889fabd6239621c98156cf67fadcb10fd507dbbaf33c205362b3f"",""69c62f088436c7b694f570c01e76f5a04646d78325d2065fe40041ccee877f98"",""b214875651ecd794bf49fb5151a0d83148abbc433b94b68cbd6afe94680e3e4c"",""304a2ec36d019b6471e2aede9bd2d32449e3e0d7b1a7e23e43582ee356e5d592"",""91612c4d9731342d6fdbcf02a48766a64c733dae159ca45166393f35d0c7f08e"",""720153e55628cac4f66c676c2ff05bc3d21e4c81de298af0bcb03e23a4b8b048"",""93c140ae7ef545ca94ae54390b4bfc29fb7b60e76870812b9687a52ca41592ec"",""9a43f4561da9f647fb6bea124e7262c5792df66e9fd4ee9b277cc59296b5fb29"",""49316fe2fc213a0723674d231ae5744206b53d87f10324004a22b585a59d67dd"",""a3ea03d55165d8a4802c3e56c160dd5e375f29efb41a26f1650330a1f1f20cdf"",""cbe684bd64410db6f4e1657e69aa219a2325dbd7fe3874f923789204802c2a66"",""ab32aee9c7fe68276b8c894bd86da9eb6555e607c6d5ec87aa218211ceec9b81"",""98497acb0b1b25599b513a9c0c87cd50ecef29a84ac6f0c989562d28d08d2bcb"",""70516b3acebf636f4e51bb3d3423df70ebc75d269ac543d5973f39afbf3217ef"",""97d8a1fc7e5fe01d999da9a4c4cfb9dd5dd8e5f069ed285f1d9cd01d620096d6"",""0c4933dd2681fe3d6cccc6ca294b226da3b419f51d5458d61a987196ab2dba8f"",""9807c1f0552166d9d51d4f96d669a4be11135dd4191a56a1fe1b6bee9aaf70b3"",""0d4e3cfed393266bb29fcb5bcea6ee31fb1039ff6486253c4aff2b0f39faa608"",""efbcd96af26d4a3bfcb41cab499c2dbc428f995b300e39229cf5813698381ee9"",""f6e69301ce212f84744d68bfac131e3fb02b3084b655d34931400a69d9b84dc1"",""cef280485b3def431249e5a051b9412e25b7cde63b1888a57b0943279186dae5"",""27d5f6723ecefd2c94ce2443949a47dda416dd0931852cfecf8f267261c01a51"",""7a56454f8ed0f73af22610e106e0664fd2330aba02669647ba306178ed12f166""]",沿用High候选；实际权限未确认,可能涉及会话或API访问授权；实际环境、权限与有效性未确认,"[{""scope"":""git-object"",""repository"":""fastlik-Website"",""object"":""55c04133536020dfd2076be2739de610a0cda529"",""path_id"":""path/0568d16d407d0541400d1354"",""object_type"":""blob""},{""scope"":""git-object"",""repository"":""fastlik-Website"",""object"":""b71d040412b39c9062114e527e4d14868f28b78e"",""path_id"":""path/0568d16d407d0541400d1354"",""object_type"":""blob""},{""scope"":""git-object"",""repository"":""fastlik-Website"",""object"":""7923c3581e799d7f3172d04c97b0eef9f88aa750"",""path_id"":""path/0568d16d407d0541400d1354"",""object_type"":""blob""},{""scope"":""git-object"",""repository"":""fastlik-Website"",""object"":""9b0224e711eae6ae8dfc1a8476962fe1097acc81"",""path_id"":""path/0568d16d407d0541400d1354"",""object_type"":""blob""},{""scope"":""git-object"",""repository"":""fastlik-Website"",""object"":""8a6ce41e298f1dda10cfd1664a9171c4c626e60e"",""path_id"":""path/0568d16d407d0541400d1354"",""object_type"":""blob""},{""scope"":""git-object"",""repository"":""fastlik-Website"",""object"":""669cca28ddaa2a293b962163c4780ff1df502858"",""path_id"":""path/0568d16d407d0541400d1354"",""object_type"":""blob""},{""scope"":""git-object"",""repository"":""fastlik-Website"",""object"":""8cd2e0bd8d3cb252f7110fbef91a110d09568bf5"",""path_id"":""path/0568d16d407d0541400d1354"",""object_type"":""blob""},{""scope"":""git-object"",""repository"":""fastlik-Website"",""object"":""e387b54a97a1e82ecc29f846cd405f433458f500"",""path_id"":""path/0568d16d407d0541400d1354"",""object_type"":""blob""},{""scope"":""git-object"",""repository"":""fastlik-Website"",""object"":""81bee01963982007b9c521cb7e2668cdf93b17a4"",""path_id"":""path/0568d16d407d0541400d1354"",""object_type"":""blob""},{""scope"":""git-object"",""repository"":""fastlik-Website"",""object"":""6d40985dbdac522be50288128ec69b07694bbdc5"",""path_id"":""path/0568d16d407d0541400d1354"",""object_type"":""blob""},{""scope"":""git-object"",""repository"":""fastlik-Website"",""object"":""9774a3831d584164deb39ad274179629994d78f7"",""path_id"":""path/0568d16d407d0541400d1354"",""object_type"":""blob""},{""scope"":""git-object"",""repository"":""fastlik-Website"",""object"":""cd3c84dbaff4e43cb17c2ad88405626ec1d47fd0"",""path_id"":""path/0568d16d407d0541400d1354"",""object_type"":""blob""},{""scope"":""git-object"",""repository"":""fastlik-Website"",""object"":""ed270770b5e1d920b52abbc007c051ffe5d3ce92"",""path_id"":""path/0568d16d407d0541400d1354"",""object_type"":""blob""},{""scope"":""git-object"",""repository"":""fastlik-Website"",""object"":""1934c6c8fe8bfc057e3d8d0b543278db85c0579a"",""path_id"":""path/0568d16d407d0541400d1354"",""object_type"":""blob""},{""scope"":""git-object"",""repository"":""fastlik-Website"",""object"":""1950ec1a14bc51453d931f77a943f7d9750a7844"",""path_id"":""path/0568d16d407d0541400d1354"",""object_type"":""blob""},{""scope"":""git-object"",""repository"":""fastlik-Website"",""object"":""d65ab66e3a69440970c09bee38c920468ce0eb07"",""path_id"":""path/0568d16d407d0541400d1354"",""object_type"":""blob""},{""scope"":""git-object"",""repository"":""fastlik-Website"",""object"":""5f491ebb52ae058f0733ef8b6ee8c99c9fa3e6ba"",""path_id"":""path/0568d16d407d0541400d1354"",""object_type"":""blob""},{""scope"":""git-object"",""repository"":""fastlik-Website"",""object"":""ebb03587120701e58467595697503691d4ba47fa"",""path_id"":""path/0568d16d407d0541400d1354"",""object_type"":""blob""},{""scope"":""git-object"",""repository"":""fastlik-Website"",""object"":""6c764a3af71dab379441f6afa193ae2245543bdf"",""path_id"":""path/0568d16d407d0541400d1354"",""object_type"":""blob""},{""scope"":""git-object"",""repository"":""fastlik-Website"",""object"":""107d5621133de78de86aec0ae1dd5270b8a42aa9"",""path_id"":""path/0568d16d407d0541400d1354"",""object_type"":""blob""},{""scope"":""git-object"",""repository"":""fastlik-Website"",""object"":""0dbfcb424f57e8b64769fa2f26d419a0e42ecc65"",""path_id"":""path/0568d16d407d0541400d1354"",""object_type"":""blob""},{""scope"":""git-object"",""repository"":""fastlik-Website"",""object"":""8a25339895fcc4e87258fb60fe37a76c49d6167c"",""path_id"":""path/0568d16d407d0541400d1354"",""object_type"":""blob""},{""scope"":""git-object"",""repository"":""fastlik-Website"",""object"":""07b0dd63d403aeae0cb8264e63f094c0be3e3a89"",""path_id"":""path/0568d16d407d0541400d1354"",""object_type"":""blob""},{""scope"":""git-object"",""repository"":""fastlik-Website"",""object"":""7db62ccdbede770f23a3967b51e384cdf5ca4936"",""path_id"":""path/0568d16d407d0541400d1354"",""object_type"":""blob""},{""scope"":""git-object"",""repository"":""fastlik-Website"",""object"":""22a3fb13d3f6be1c233ee5e940e72370c8e827db"",""path_id"":""path/0568d16d407d0541400d1354"",""object_type"":""blob""},{""scope"":""git-object"",""repository"":""fastlik-Website"",""object"":""c03fe18394d75bafe8bdf4aef27954d6086c3e36"",""path_id"":""path/0568d16d407d0541400d1354"",""object_type"":""blob""}]",先离线确认资产及影响→另单审批→所有者执行凭据处置→依赖/源码治理→独立复验；本单不执行,另单核对秘密管理版本、授权审计与部署记录，并重新本地扫描；不使用发现的凭据认证,所有者离线确认生产凭据、生产运行路径、活跃外部服务或资金/核心权限影响时触发；当前待判定,FastLink安全负责人及对应资产责任角色,未收到所有者审核意见；未完成最终定性,未提供,阶段A输入包仅含既有执行端结构记录；未收到该ID的所有者确认记录,发现ID、资产/疑似环境、分类、非秘密依据、权限/影响、审核角色/时间、建议动作,责任角色认领并提交非秘密审核记录，安全负责人复核,交接后24小时内认领；2个工作日内反馈或说明阻塞及新期限，待责任人确认,High,2,显式秘密形态存在于配置、历史或归档,2个工作日内初审；均待责任角色承诺,False,最多调整审核顺序，不作为定性或降级依据,False
SEC2-ecef5fbf0e784fcf,ecef5fbf0e784fcf7e1e9dfb0809845550733785232c3e7a704ec9e74c730433,"[""fastlik-Website""]",未知，待所有者确认,"[""应用资产负责人""]",仍无法确认,"[""authorization-credential-shape-unverified""]","[""61bc0cf6d3d807cd12e3466e9e18eb81081e864e6cfdb7ba7ac7359b8ec11080"",""57a482d39337a56a468dd351bb96847653d7180081b3badee23fcc8f378cba81"",""b368dc0c9f0c165510a192aa508394174a7975ea64fd47f39cc974acf6dddda4"",""90d13381ab3889fabd6239621c98156cf67fadcb10fd507dbbaf33c205362b3f"",""69c62f088436c7b694f570c01e76f5a04646d78325d2065fe40041ccee877f98"",""b214875651ecd794bf49fb5151a0d83148abbc433b94b68cbd6afe94680e3e4c"",""304a2ec36d019b6471e2aede9bd2d32449e3e0d7b1a7e23e43582ee356e5d592"",""91612c4d9731342d6fdbcf02a48766a64c733dae159ca45166393f35d0c7f08e"",""720153e55628cac4f66c676c2ff05bc3d21e4c81de298af0bcb03e23a4b8b048"",""93c140ae7ef545ca94ae54390b4bfc29fb7b60e76870812b9687a52ca41592ec"",""9a43f4561da9f647fb6bea124e7262c5792df66e9fd4ee9b277cc59296b5fb29"",""49316fe2fc213a0723674d231ae5744206b53d87f10324004a22b585a59d67dd"",""a3ea03d55165d8a4802c3e56c160dd5e375f29efb41a26f1650330a1f1f20cdf"",""cbe684bd64410db6f4e1657e69aa219a2325dbd7fe3874f923789204802c2a66"",""ab32aee9c7fe68276b8c894bd86da9eb6555e607c6d5ec87aa218211ceec9b81"",""98497acb0b1b25599b513a9c0c87cd50ecef29a84ac6f0c989562d28d08d2bcb"",""70516b3acebf636f4e51bb3d3423df70ebc75d269ac543d5973f39afbf3217ef"",""97d8a1fc7e5fe01d999da9a4c4cfb9dd5dd8e5f069ed285f1d9cd01d620096d6"",""0c4933dd2681fe3d6cccc6ca294b226da3b419f51d5458d61a987196ab2dba8f"",""9807c1f0552166d9d51d4f96d669a4be11135dd4191a56a1fe1b6bee9aaf70b3"",""0d4e3cfed393266bb29fcb5bcea6ee31fb1039ff6486253c4aff2b0f39faa608"",""efbcd96af26d4a3bfcb41cab499c2dbc428f995b300e39229cf5813698381ee9""]",沿用High候选；实际权限未确认,可能涉及会话或API访问授权；实际环境、权限与有效性未确认,"[{""scope"":""git-object"",""repository"":""fastlik-Website"",""object"":""55c04133536020dfd2076be2739de610a0cda529"",""path_id"":""path/0568d16d407d0541400d1354"",""object_type"":""blob""},{""scope"":""git-object"",""repository"":""fastlik-Website"",""object"":""b71d040412b39c9062114e527e4d14868f28b78e"",""path_id"":""path/0568d16d407d0541400d1354"",""object_type"":""blob""},{""scope"":""git-object"",""repository"":""fastlik-Website"",""object"":""7923c3581e799d7f3172d04c97b0eef9f88aa750"",""path_id"":""path/0568d16d407d0541400d1354"",""object_type"":""blob""},{""scope"":""git-object"",""repository"":""fastlik-Website"",""object"":""9b0224e711eae6ae8dfc1a8476962fe1097acc81"",""path_id"":""path/0568d16d407d0541400d1354"",""object_type"":""blob""},{""scope"":""git-object"",""repository"":""fastlik-Website"",""object"":""8a6ce41e298f1dda10cfd1664a9171c4c626e60e"",""path_id"":""path/0568d16d407d0541400d1354"",""object_type"":""blob""},{""scope"":""git-object"",""repository"":""fastlik-Website"",""object"":""669cca28ddaa2a293b962163c4780ff1df502858"",""path_id"":""path/0568d16d407d0541400d1354"",""object_type"":""blob""},{""scope"":""git-object"",""repository"":""fastlik-Website"",""object"":""8cd2e0bd8d3cb252f7110fbef91a110d09568bf5"",""path_id"":""path/0568d16d407d0541400d1354"",""object_type"":""blob""},{""scope"":""git-object"",""repository"":""fastlik-Website"",""object"":""e387b54a97a1e82ecc29f846cd405f433458f500"",""path_id"":""path/0568d16d407d0541400d1354"",""object_type"":""blob""},{""scope"":""git-object"",""repository"":""fastlik-Website"",""object"":""81bee01963982007b9c521cb7e2668cdf93b17a4"",""path_id"":""path/0568d16d407d0541400d1354"",""object_type"":""blob""},{""scope"":""git-object"",""repository"":""fastlik-Website"",""object"":""6d40985dbdac522be50288128ec69b07694bbdc5"",""path_id"":""path/0568d16d407d0541400d1354"",""object_type"":""blob""},{""scope"":""git-object"",""repository"":""fastlik-Website"",""object"":""9774a3831d584164deb39ad274179629994d78f7"",""path_id"":""path/0568d16d407d0541400d1354"",""object_type"":""blob""},{""scope"":""git-object"",""repository"":""fastlik-Website"",""object"":""cd3c84dbaff4e43cb17c2ad88405626ec1d47fd0"",""path_id"":""path/0568d16d407d0541400d1354"",""object_type"":""blob""},{""scope"":""git-object"",""repository"":""fastlik-Website"",""object"":""ed270770b5e1d920b52abbc007c051ffe5d3ce92"",""path_id"":""path/0568d16d407d0541400d1354"",""object_type"":""blob""},{""scope"":""git-object"",""repository"":""fastlik-Website"",""object"":""1934c6c8fe8bfc057e3d8d0b543278db85c0579a"",""path_id"":""path/0568d16d407d0541400d1354"",""object_type"":""blob""},{""scope"":""git-object"",""repository"":""fastlik-Website"",""object"":""1950ec1a14bc51453d931f77a943f7d9750a7844"",""path_id"":""path/0568d16d407d0541400d1354"",""object_type"":""blob""},{""scope"":""git-object"",""repository"":""fastlik-Website"",""object"":""d65ab66e3a69440970c09bee38c920468ce0eb07"",""path_id"":""path/0568d16d407d0541400d1354"",""object_type"":""blob""},{""scope"":""git-object"",""repository"":""fastlik-Website"",""object"":""5f491ebb52ae058f0733ef8b6ee8c99c9fa3e6ba"",""path_id"":""path/0568d16d407d0541400d1354"",""object_type"":""blob""},{""scope"":""git-object"",""repository"":""fastlik-Website"",""object"":""ebb03587120701e58467595697503691d4ba47fa"",""path_id"":""path/0568d16d407d0541400d1354"",""object_type"":""blob""},{""scope"":""git-object"",""repository"":""fastlik-Website"",""object"":""6c764a3af71dab379441f6afa193ae2245543bdf"",""path_id"":""path/0568d16d407d0541400d1354"",""object_type"":""blob""},{""scope"":""git-object"",""repository"":""fastlik-Website"",""object"":""107d5621133de78de86aec0ae1dd5270b8a42aa9"",""path_id"":""path/0568d16d407d0541400d1354"",""object_type"":""blob""},{""scope"":""git-object"",""repository"":""fastlik-Website"",""object"":""0dbfcb424f57e8b64769fa2f26d419a0e42ecc65"",""path_id"":""path/0568d16d407d0541400d1354"",""object_type"":""blob""},{""scope"":""git-object"",""repository"":""fastlik-Website"",""object"":""8a25339895fcc4e87258fb60fe37a76c49d6167c"",""path_id"":""path/0568d16d407d0541400d1354"",""object_type"":""blob""}]",先离线确认资产及影响→另单审批→所有者执行凭据处置→依赖/源码治理→独立复验；本单不执行,另单核对秘密管理版本、授权审计与部署记录，并重新本地扫描；不使用发现的凭据认证,所有者离线确认生产凭据、生产运行路径、活跃外部服务或资金/核心权限影响时触发；当前待判定,FastLink安全负责人及对应资产责任角色,未收到所有者审核意见；未完成最终定性,未提供,阶段A输入包仅含既有执行端结构记录；未收到该ID的所有者确认记录,发现ID、资产/疑似环境、分类、非秘密依据、权限/影响、审核角色/时间、建议动作,责任角色认领并提交非秘密审核记录，安全负责人复核,交接后24小时内认领；2个工作日内反馈或说明阻塞及新期限，待责任人确认,High,2,显式秘密形态存在于配置、历史或归档,2个工作日内初审；均待责任角色承诺,False,最多调整审核顺序，不作为定性或降级依据,False
SEC2-9263b8d7463b5f91,9263b8d7463b5f91fb549cae37ffa018cb0d75589089783e3a5b00542ea6e952,"[""fastlik-app""]",未知，待所有者确认,"[""应用资产负责人""]",仍无法确认,"[""high-entropy-secret-field-literal-unverified""]","[""688c359dcc1ac92f63e639fc05217079cc516e37ca251faa7a98046d4e6c4209""]",沿用High候选；实际权限未确认,可能涉及认证、签名或应用共享秘密；实际环境、权限与有效性未确认,"[{""scope"":""git-object"",""repository"":""fastlik-app"",""object"":""160891c919aca79b8371a26abf25c601a781ef8f"",""path_id"":""path/3182b40ad02df555a464b076"",""object_type"":""blob""}]",先离线确认资产及影响→另单审批→所有者执行凭据处置→依赖/源码治理→独立复验；本单不执行,另单核对秘密管理版本、授权审计与部署记录，并重新本地扫描；不使用发现的凭据认证,所有者离线确认生产凭据、生产运行路径、活跃外部服务或资金/核心权限影响时触发；当前待判定,FastLink安全负责人及对应资产责任角色,未收到所有者审核意见；未完成最终定性,未提供,阶段A输入包仅含既有执行端结构记录；未收到该ID的所有者确认记录,发现ID、资产/疑似环境、分类、非秘密依据、权限/影响、审核角色/时间、建议动作,责任角色认领并提交非秘密审核记录，安全负责人复核,交接后24小时内认领；2个工作日内反馈或说明阻塞及新期限，待责任人确认,High,2,显式秘密形态存在于配置、历史或归档,2个工作日内初审；均待责任角色承诺,False,最多调整审核顺序，不作为定性或降级依据,False
SEC2-2995edaa260921b4,2995edaa260921b4954daf9c7c17d008428c40f3daee28205c0f97de5a1fd959,"[""fastlik-app""]",未知，待所有者确认,"[""应用资产负责人""]",仍无法确认,"[""high-entropy-secret-field-literal-unverified""]","[""688c359dcc1ac92f63e639fc05217079cc516e37ca251faa7a98046d4e6c4209""]",沿用High候选；实际权限未确认,可能涉及认证、签名或应用共享秘密；实际环境、权限与有效性未确认,"[{""scope"":""git-object"",""repository"":""fastlik-app"",""object"":""160891c919aca79b8371a26abf25c601a781ef8f"",""path_id"":""path/3182b40ad02df555a464b076"",""object_type"":""blob""}]",先离线确认资产及影响→另单审批→所有者执行凭据处置→依赖/源码治理→独立复验；本单不执行,另单核对秘密管理版本、授权审计与部署记录，并重新本地扫描；不使用发现的凭据认证,所有者离线确认生产凭据、生产运行路径、活跃外部服务或资金/核心权限影响时触发；当前待判定,FastLink安全负责人及对应资产责任角色,未收到所有者审核意见；未完成最终定性,未提供,阶段A输入包仅含既有执行端结构记录；未收到该ID的所有者确认记录,发现ID、资产/疑似环境、分类、非秘密依据、权限/影响、审核角色/时间、建议动作,责任角色认领并提交非秘密审核记录，安全负责人复核,交接后24小时内认领；2个工作日内反馈或说明阻塞及新期限，待责任人确认,High,2,显式秘密形态存在于配置、历史或归档,2个工作日内初审；均待责任角色承诺,False,最多调整审核顺序，不作为定性或降级依据,False
SEC2-10d693aef88af751,10d693aef88af75108572b1edfa5907d3d846900de67b13a22be2268b2378efc,"[""fastlik-app""]",未知，待所有者确认,"[""应用资产负责人""]",仍无法确认,"[""high-entropy-secret-field-literal-unverified""]","[""688c359dcc1ac92f63e639fc05217079cc516e37ca251faa7a98046d4e6c4209""]",沿用High候选；实际权限未确认,可能涉及认证、签名或应用共享秘密；实际环境、权限与有效性未确认,"[{""scope"":""git-object"",""repository"":""fastlik-app"",""object"":""160891c919aca79b8371a26abf25c601a781ef8f"",""path_id"":""path/3182b40ad02df555a464b076"",""object_type"":""blob""}]",先离线确认资产及影响→另单审批→所有者执行凭据处置→依赖/源码治理→独立复验；本单不执行,另单核对秘密管理版本、授权审计与部署记录，并重新本地扫描；不使用发现的凭据认证,所有者离线确认生产凭据、生产运行路径、活跃外部服务或资金/核心权限影响时触发；当前待判定,FastLink安全负责人及对应资产责任角色,未收到所有者审核意见；未完成最终定性,未提供,阶段A输入包仅含既有执行端结构记录；未收到该ID的所有者确认记录,发现ID、资产/疑似环境、分类、非秘密依据、权限/影响、审核角色/时间、建议动作,责任角色认领并提交非秘密审核记录，安全负责人复核,交接后24小时内认领；2个工作日内反馈或说明阻塞及新期限，待责任人确认,High,2,显式秘密形态存在于配置、历史或归档,2个工作日内初审；均待责任角色承诺,False,最多调整审核顺序，不作为定性或降级依据,False
SEC2-f3c0b2994b4aaea4,f3c0b2994b4aaea4792c8bcc10aa740bbcf7a2c4f9f43ac6e7402ba28baf374d,"[""fastlik-app""]",未知，待所有者确认,"[""应用资产负责人""]",仍无法确认,"[""high-entropy-secret-field-literal-unverified""]","[""688c359dcc1ac92f63e639fc05217079cc516e37ca251faa7a98046d4e6c4209""]",沿用High候选；实际权限未确认,可能涉及认证、签名或应用共享秘密；实际环境、权限与有效性未确认,"[{""scope"":""git-object"",""repository"":""fastlik-app"",""object"":""160891c919aca79b8371a26abf25c601a781ef8f"",""path_id"":""path/3182b40ad02df555a464b076"",""object_type"":""blob""}]",先离线确认资产及影响→另单审批→所有者执行凭据处置→依赖/源码治理→独立复验；本单不执行,另单核对秘密管理版本、授权审计与部署记录，并重新本地扫描；不使用发现的凭据认证,所有者离线确认生产凭据、生产运行路径、活跃外部服务或资金/核心权限影响时触发；当前待判定,FastLink安全负责人及对应资产责任角色,未收到所有者审核意见；未完成最终定性,未提供,阶段A输入包仅含既有执行端结构记录；未收到该ID的所有者确认记录,发现ID、资产/疑似环境、分类、非秘密依据、权限/影响、审核角色/时间、建议动作,责任角色认领并提交非秘密审核记录，安全负责人复核,交接后24小时内认领；2个工作日内反馈或说明阻塞及新期限，待责任人确认,High,2,显式秘密形态存在于配置、历史或归档,2个工作日内初审；均待责任角色承诺,False,最多调整审核顺序，不作为定性或降级依据,False
SEC2-a2690eaf0fad6781,a2690eaf0fad67810c716b4da853b4125f40b759557024391937335e0623af22,"[""fastlik-backend""]",未知，待所有者确认,"[""后端与资金集成负责人""]",仍无法确认,"[""high-entropy-secret-field-literal-unverified""]","[""6459bf38cf8fb2de6be23351cca45930f22ecd5c871ef03c16d00084a3a661b0""]",沿用High候选；实际权限未确认,可能涉及认证、签名或应用共享秘密；实际环境、权限与有效性未确认,"[{""scope"":""git-object"",""repository"":""fastlik-backend"",""object"":""b7637fc3e69a3f09cd2e2b47660483464a3f2c23"",""path_id"":""path/879d92e24e9764b6e4cd9aa0"",""object_type"":""blob""}]",先离线确认资产及影响→另单审批→所有者执行凭据处置→依赖/源码治理→独立复验；本单不执行,另单核对秘密管理版本、授权审计与部署记录，并重新本地扫描；不使用发现的凭据认证,所有者离线确认生产凭据、生产运行路径、活跃外部服务或资金/核心权限影响时触发；当前待判定,FastLink安全负责人及对应资产责任角色,未收到所有者审核意见；未完成最终定性,未提供,阶段A输入包仅含既有执行端结构记录；未收到该ID的所有者确认记录,发现ID、资产/疑似环境、分类、非秘密依据、权限/影响、审核角色/时间、建议动作,责任角色认领并提交非秘密审核记录，安全负责人复核,交接后24小时内认领；2个工作日内反馈或说明阻塞及新期限，待责任人确认,High,1,疑似资金或连接/身份/服务权限影响,24小时内初审；均待责任角色承诺,False,最多调整审核顺序，不作为定性或降级依据,False
SEC2-21f254802a4f3fd4,21f254802a4f3fd47d355536130ccc1ce566d67ee0fe2f7e28965425f4aa679a,"[""fastlik-backend""]",未知，待所有者确认,"[""后端与资金集成负责人""]",仍无法确认,"[""complete-credential-url-unverified""]","[""1395595a95965b53c44259edaa993750300183a724d3cb0fa621f9f7d4a3354c""]",沿用High候选；实际权限未确认,可能涉及连接身份及服务/数据库访问；实际环境、权限与有效性未确认,"[{""scope"":""git-object"",""repository"":""fastlik-backend"",""object"":""77e1512b11114685c28201efbf0248691ab43e56"",""path_id"":""path/dfd1e55e6b1e8e4a89f144fa"",""object_type"":""blob""}]",先离线确认资产及影响→另单审批→所有者执行凭据处置→依赖/源码治理→独立复验；本单不执行,另单核对秘密管理版本、授权审计与部署记录，并重新本地扫描；不使用发现的凭据认证,所有者离线确认生产凭据、生产运行路径、活跃外部服务或资金/核心权限影响时触发；当前待判定,FastLink安全负责人及对应资产责任角色,未收到所有者审核意见；未完成最终定性,未提供,阶段A输入包仅含既有执行端结构记录；未收到该ID的所有者确认记录,发现ID、资产/疑似环境、分类、非秘密依据、权限/影响、审核角色/时间、建议动作,责任角色认领并提交非秘密审核记录，安全负责人复核,交接后24小时内认领；2个工作日内反馈或说明阻塞及新期限，待责任人确认,High,1,疑似资金或连接/身份/服务权限影响,24小时内初审；均待责任角色承诺,False,最多调整审核顺序，不作为定性或降级依据,False
SEC2-9623e3d701359215,9623e3d7013592158fb975ebc12ed68758aaf633547bad4c2294e8cc459e4f60,"[""bundle:b5ece93a60c8745bce50bb4fd602e0e2e9f14c0f95b33d484b36bf491f629fa9"",""fastlink-prime-wallet"",""local-L2"",""path/c90572454d458f720ba700f1""]",未知，待所有者确认,"[""控制与归档资产负责人"",""新钱包技术负责人""]",仍无法确认,"[""jwt-structure-valid-validity-unknown""]","[""ea89ea4479fcd8dee0049b07f33bee968c6cd2dd083dbe9a27e5df452ea64c3a""]",沿用High候选；实际权限未确认,可能涉及身份声明或会话；权限未知；实际环境、权限与有效性未确认,"[{""scope"":""git-object"",""repository"":""fastlink-prime-wallet"",""object"":""945034cc9036e060e1f7874f0e2b71123736dbf2"",""path_id"":""path/9a37e1f9a6fb0ea2d7fcb984"",""object_type"":""blob""},{""scope"":""git-object"",""repository"":""local-L2"",""object"":""945034cc9036e060e1f7874f0e2b71123736dbf2"",""path_id"":""path/9a37e1f9a6fb0ea2d7fcb984"",""object_type"":""blob""},{""scope"":""git-object"",""repository"":""path/c90572454d458f720ba700f1"",""object"":""945034cc9036e060e1f7874f0e2b71123736dbf2"",""path_id"":""path/9a37e1f9a6fb0ea2d7fcb984"",""object_type"":""blob""},{""scope"":""git-object"",""repository"":""bundle:b5ece93a60c8745bce50bb4fd602e0e2e9f14c0f95b33d484b36bf491f629fa9"",""object"":""945034cc9036e060e1f7874f0e2b71123736dbf2"",""path_id"":""path/9a37e1f9a6fb0ea2d7fcb984"",""object_type"":""blob""}]",先离线确认资产及影响→另单审批→所有者执行凭据处置→依赖/源码治理→独立复验；本单不执行,另单核对秘密管理版本、授权审计与部署记录，并重新本地扫描；不使用发现的凭据认证,所有者离线确认生产凭据、生产运行路径、活跃外部服务或资金/核心权限影响时触发；当前待判定,FastLink安全负责人及对应资产责任角色,未收到所有者审核意见；未完成最终定性,未提供,阶段A输入包仅含既有执行端结构记录；未收到该ID的所有者确认记录,发现ID、资产/疑似环境、分类、非秘密依据、权限/影响、审核角色/时间、建议动作,责任角色认领并提交非秘密审核记录，安全负责人复核,交接后24小时内认领；2个工作日内反馈或说明阻塞及新期限，待责任人确认,High,1,疑似资金或连接/身份/服务权限影响,24小时内初审；均待责任角色承诺,False,最多调整审核顺序，不作为定性或降级依据,False
SEC2-b1cb66e6df59a653,b1cb66e6df59a653a41e63d9224f77b8a9ef376b0a4d6eaffc7735135018e222,"[""archive-member"",""local-L2"",""original-file"",""path/c90572454d458f720ba700f1""]",未知，待所有者确认,"[""新钱包技术负责人""]",仍无法确认,"[""high-entropy-secret-field-literal-unverified""]","[""3ae902c92cc44dace175c0e69e13a4b0899f6983c6121d76b9ab8dd5795e7675"",""e8f349eabd48486bdb2bf9dc1a00c89d58297270c54b745838879e2859194419"",""fb543d975f44ded11a2915b94fcc3b7868692e4162478690b61e237974f8bda9""]",沿用High候选；实际权限未确认,可能涉及认证、签名或应用共享秘密；实际环境、权限与有效性未确认,"[{""scope"":""git-object"",""repository"":""local-L2"",""object"":""0554fc3fc707ce3edbc3c4f8f4d77f8aa3def7ba"",""path_id"":""path/ec82244e7946bd00a2eff5b8"",""object_type"":""blob""},{""scope"":""git-object"",""repository"":""local-L2"",""object"":""612a1f7eed0fc030660b769480455aabe77b82c2"",""path_id"":""path/ec82244e7946bd00a2eff5b8"",""object_type"":""blob""},{""scope"":""archive-member"",""container_sha256"":""10e108c9cf7d5f2879053dff18515fb405abf2ccef63eaaf017d9c571687a1d3"",""path_id"":""path/d75c6853effb628beb9bdfb6""},{""scope"":""git-object"",""repository"":""path/c90572454d458f720ba700f1"",""object"":""0554fc3fc707ce3edbc3c4f8f4d77f8aa3def7ba"",""path_id"":""path/aadea16979a64b317e401dde"",""object_type"":""blob""},{""scope"":""original-file"",""path_id"":""path/0e14ba273038b309c5fbaa9e""},{""scope"":""original-file"",""path_id"":""path/7665f9185a5f671587f02f04""},{""scope"":""original-file"",""path_id"":""path/d9962125b6b905ed600d5f2b""},{""scope"":""original-file"",""path_id"":""path/73ebcbc90c968d1c28d9618c""},{""scope"":""original-file"",""path_id"":""path/cdd3f2a6b8e8d6bfa8b4bf58""},{""scope"":""original-file"",""path_id"":""path/a09ebfe6d5d18a72396af15f""},{""scope"":""original-file"",""path_id"":""path/aadea16979a64b317e401dde""},{""scope"":""original-file"",""path_id"":""path/88d54a6b3292714a1f05d7b3""},{""scope"":""original-file"",""path_id"":""path/c51ba772bcac419b65e5964d""},{""scope"":""original-file"",""path_id"":""path/c253bb1aeed5aef0c8f3f584""},{""scope"":""original-file"",""path_id"":""path/c5f416b5be5d6690384d763f""},{""scope"":""original-file"",""path_id"":""path/12cd363f6535ec3e37cd78a7""},{""scope"":""original-file"",""path_id"":""path/747729d639e893fb21778585""},{""scope"":""original-file"",""path_id"":""path/38727655fd951b667e5a2649""},{""scope"":""original-file"",""path_id"":""path/9ef18c68f8e6c69294239b9e""},{""scope"":""original-file"",""path_id"":""path/288fe1461dcf0310f4dd3976""},{""scope"":""archive-member"",""container_sha256"":""fb543d975f44ded11a2915b94fcc3b7868692e4162478690b61e237974f8bda9"",""path_id"":""path/c5f7a59055274df3aa0e4945""},{""scope"":""git-object"",""repository"":""path/c90572454d458f720ba700f1"",""object"":""612a1f7eed0fc030660b769480455aabe77b82c2"",""path_id"":""path/312b761fd9c4f744792abdd2"",""object_type"":""blob""},{""scope"":""original-file"",""path_id"":""path/b69f4ed9db667d101ac5fee6""},{""scope"":""original-file"",""path_id"":""path/94808e9ea7a2b270726e6271""},{""scope"":""original-file"",""path_id"":""path/112383cf78b173052ab1423e""},{""scope"":""original-file"",""path_id"":""path/8f970d01587f6818912e343b""},{""scope"":""original-file"",""path_id"":""path/a302de5387656d39ae2f1d8d""},{""scope"":""original-file"",""path_id"":""path/5d90c59767f8c3653a76985b""},{""scope"":""original-file"",""path_id"":""path/312b761fd9c4f744792abdd2""},{""scope"":""original-file"",""path_id"":""path/54a930621b55a8fa6c06029f""},{""scope"":""original-file"",""path_id"":""path/7ac17ff2c35c752a794ab276""},{""scope"":""original-file"",""path_id"":""path/9954212ee3caa5bc1689753e""},{""scope"":""original-file"",""path_id"":""path/8da45de97a4d2bd43622833d""},{""scope"":""original-file"",""path_id"":""path/1117c98b2d19d0477bc4a473""},{""scope"":""original-file"",""path_id"":""path/e942ad329f07361ff0f55db7""},{""scope"":""original-file"",""path_id"":""path/c893a19ea311f3e48328a0b0""},{""scope"":""original-file"",""path_id"":""path/081851b1f6815144345ac4ba""},{""scope"":""original-file"",""path_id"":""path/a89003e8d69cc8f5ecb53dd0""},{""scope"":""archive-member"",""container_sha256"":""fb543d975f44ded11a2915b94fcc3b7868692e4162478690b61e237974f8bda9"",""path_id"":""path/a5edca6858535d7e766c298d""}]",先离线确认资产及影响→另单审批→所有者执行凭据处置→依赖/源码治理→独立复验；本单不执行,另单核对秘密管理版本、授权审计与部署记录，并重新本地扫描；不使用发现的凭据认证,所有者离线确认生产凭据、生产运行路径、活跃外部服务或资金/核心权限影响时触发；当前待判定,FastLink安全负责人及对应资产责任角色,未收到所有者审核意见；未完成最终定性,未提供,阶段A输入包仅含既有执行端结构记录；未收到该ID的所有者确认记录,发现ID、资产/疑似环境、分类、非秘密依据、权限/影响、审核角色/时间、建议动作,责任角色认领并提交非秘密审核记录，安全负责人复核,交接后24小时内认领；2个工作日内反馈或说明阻塞及新期限，待责任人确认,High,2,显式秘密形态存在于配置、历史或归档,2个工作日内初审；均待责任角色承诺,False,最多调整审核顺序，不作为定性或降级依据,False
SEC2-e419cd9f8028893d,e419cd9f8028893d43d7d368bd637a615091b79a18c3e4649ef2027b74dc49ad,"[""local-L2"",""original-file"",""path/c90572454d458f720ba700f1""]",未知，待所有者确认,"[""新钱包技术负责人""]",仍无法确认,"[""complete-credential-url-unverified""]","[""318f80e1f5be027d4f8a1e80b09351c2c118dbc411b3d3f2f368621209eaf62a""]",沿用High候选；实际权限未确认,可能涉及连接身份及服务/数据库访问；实际环境、权限与有效性未确认,"[{""scope"":""git-object"",""repository"":""local-L2"",""object"":""05557a3ec609d3e3718921bf6abcbd7f7673f935"",""path_id"":""path/ec82244e7946bd00a2eff5b8"",""object_type"":""blob""},{""scope"":""git-object"",""repository"":""path/c90572454d458f720ba700f1"",""object"":""05557a3ec609d3e3718921bf6abcbd7f7673f935"",""path_id"":""path/199b58a5bb9418b852993705"",""object_type"":""blob""},{""scope"":""original-file"",""path_id"":""path/57e2d785709acd82c882f7c0""},{""scope"":""original-file"",""path_id"":""path/9b74a3748018025cd023e078""},{""scope"":""original-file"",""path_id"":""path/2518f0d00dee8fa8b0e0ebb8""},{""scope"":""original-file"",""path_id"":""path/216fabf7069c005a4fc3372b""},{""scope"":""original-file"",""path_id"":""path/32292471c68bdfc263889345""},{""scope"":""original-file"",""path_id"":""path/199b58a5bb9418b852993705""},{""scope"":""original-file"",""path_id"":""path/18f90aff4ad4052ee5dedb33""},{""scope"":""original-file"",""path_id"":""path/cb872e57adddc7337232a247""},{""scope"":""original-file"",""path_id"":""path/a43f6062c9f92d2abf4997ff""},{""scope"":""original-file"",""path_id"":""path/45979bd4ec81d8a14ad3b406""}]",先离线确认资产及影响→另单审批→所有者执行凭据处置→依赖/源码治理→独立复验；本单不执行,另单核对秘密管理版本、授权审计与部署记录，并重新本地扫描；不使用发现的凭据认证,所有者离线确认生产凭据、生产运行路径、活跃外部服务或资金/核心权限影响时触发；当前待判定,FastLink安全负责人及对应资产责任角色,未收到所有者审核意见；未完成最终定性,未提供,阶段A输入包仅含既有执行端结构记录；未收到该ID的所有者确认记录,发现ID、资产/疑似环境、分类、非秘密依据、权限/影响、审核角色/时间、建议动作,责任角色认领并提交非秘密审核记录，安全负责人复核,交接后24小时内认领；2个工作日内反馈或说明阻塞及新期限，待责任人确认,High,1,疑似资金或连接/身份/服务权限影响,24小时内初审；均待责任角色承诺,False,最多调整审核顺序，不作为定性或降级依据,False
SEC2-9f8fbffdf8056c41,9f8fbffdf8056c41ec2a3cdd6b1940922df4d3da31779fd0439ec78c8ba93df1,"[""local-L2"",""original-file"",""path/c90572454d458f720ba700f1""]",未知，待所有者确认,"[""新钱包技术负责人""]",仍无法确认,"[""complete-credential-url-unverified""]","[""318f80e1f5be027d4f8a1e80b09351c2c118dbc411b3d3f2f368621209eaf62a""]",沿用High候选；实际权限未确认,可能涉及连接身份及服务/数据库访问；实际环境、权限与有效性未确认,"[{""scope"":""git-object"",""repository"":""local-L2"",""object"":""05557a3ec609d3e3718921bf6abcbd7f7673f935"",""path_id"":""path/ec82244e7946bd00a2eff5b8"",""object_type"":""blob""},{""scope"":""git-object"",""repository"":""path/c90572454d458f720ba700f1"",""object"":""05557a3ec609d3e3718921bf6abcbd7f7673f935"",""path_id"":""path/199b58a5bb9418b852993705"",""object_type"":""blob""},{""scope"":""original-file"",""path_id"":""path/57e2d785709acd82c882f7c0""},{""scope"":""original-file"",""path_id"":""path/9b74a3748018025cd023e078""},{""scope"":""original-file"",""path_id"":""path/2518f0d00dee8fa8b0e0ebb8""},{""scope"":""original-file"",""path_id"":""path/216fabf7069c005a4fc3372b""},{""scope"":""original-file"",""path_id"":""path/32292471c68bdfc263889345""},{""scope"":""original-file"",""path_id"":""path/199b58a5bb9418b852993705""},{""scope"":""original-file"",""path_id"":""path/18f90aff4ad4052ee5dedb33""},{""scope"":""original-file"",""path_id"":""path/cb872e57adddc7337232a247""},{""scope"":""original-file"",""path_id"":""path/a43f6062c9f92d2abf4997ff""},{""scope"":""original-file"",""path_id"":""path/45979bd4ec81d8a14ad3b406""}]",先离线确认资产及影响→另单审批→所有者执行凭据处置→依赖/源码治理→独立复验；本单不执行,另单核对秘密管理版本、授权审计与部署记录，并重新本地扫描；不使用发现的凭据认证,所有者离线确认生产凭据、生产运行路径、活跃外部服务或资金/核心权限影响时触发；当前待判定,FastLink安全负责人及对应资产责任角色,未收到所有者审核意见；未完成最终定性,未提供,阶段A输入包仅含既有执行端结构记录；未收到该ID的所有者确认记录,发现ID、资产/疑似环境、分类、非秘密依据、权限/影响、审核角色/时间、建议动作,责任角色认领并提交非秘密审核记录，安全负责人复核,交接后24小时内认领；2个工作日内反馈或说明阻塞及新期限，待责任人确认,High,1,疑似资金或连接/身份/服务权限影响,24小时内初审；均待责任角色承诺,False,最多调整审核顺序，不作为定性或降级依据,False
SEC2-a7137c4896ad1ba9,a7137c4896ad1ba966140a6dbac85b535893b343acf24811d66ba27751a098e8,"[""local-L2"",""original-file"",""path/c90572454d458f720ba700f1""]",未知，待所有者确认,"[""新钱包技术负责人""]",仍无法确认,"[""complete-credential-url-unverified""]","[""318f80e1f5be027d4f8a1e80b09351c2c118dbc411b3d3f2f368621209eaf62a""]",沿用High候选；实际权限未确认,可能涉及连接身份及服务/数据库访问；实际环境、权限与有效性未确认,"[{""scope"":""git-object"",""repository"":""local-L2"",""object"":""05557a3ec609d3e3718921bf6abcbd7f7673f935"",""path_id"":""path/ec82244e7946bd00a2eff5b8"",""object_type"":""blob""},{""scope"":""git-object"",""repository"":""path/c90572454d458f720ba700f1"",""object"":""05557a3ec609d3e3718921bf6abcbd7f7673f935"",""path_id"":""path/199b58a5bb9418b852993705"",""object_type"":""blob""},{""scope"":""original-file"",""path_id"":""path/57e2d785709acd82c882f7c0""},{""scope"":""original-file"",""path_id"":""path/9b74a3748018025cd023e078""},{""scope"":""original-file"",""path_id"":""path/2518f0d00dee8fa8b0e0ebb8""},{""scope"":""original-file"",""path_id"":""path/216fabf7069c005a4fc3372b""},{""scope"":""original-file"",""path_id"":""path/32292471c68bdfc263889345""},{""scope"":""original-file"",""path_id"":""path/199b58a5bb9418b852993705""},{""scope"":""original-file"",""path_id"":""path/18f90aff4ad4052ee5dedb33""},{""scope"":""original-file"",""path_id"":""path/cb872e57adddc7337232a247""},{""scope"":""original-file"",""path_id"":""path/a43f6062c9f92d2abf4997ff""},{""scope"":""original-file"",""path_id"":""path/45979bd4ec81d8a14ad3b406""}]",先离线确认资产及影响→另单审批→所有者执行凭据处置→依赖/源码治理→独立复验；本单不执行,另单核对秘密管理版本、授权审计与部署记录，并重新本地扫描；不使用发现的凭据认证,所有者离线确认生产凭据、生产运行路径、活跃外部服务或资金/核心权限影响时触发；当前待判定,FastLink安全负责人及对应资产责任角色,未收到所有者审核意见；未完成最终定性,未提供,阶段A输入包仅含既有执行端结构记录；未收到该ID的所有者确认记录,发现ID、资产/疑似环境、分类、非秘密依据、权限/影响、审核角色/时间、建议动作,责任角色认领并提交非秘密审核记录，安全负责人复核,交接后24小时内认领；2个工作日内反馈或说明阻塞及新期限，待责任人确认,High,1,疑似资金或连接/身份/服务权限影响,24小时内初审；均待责任角色承诺,False,最多调整审核顺序，不作为定性或降级依据,False
SEC2-98b6e2681601f117,98b6e2681601f117ffc7511eb94ff79526f6945ca32c83dc79f460037ae59646,"[""local-L2"",""original-file"",""path/c90572454d458f720ba700f1""]",未知，待所有者确认,"[""新钱包技术负责人""]",仍无法确认,"[""complete-credential-url-unverified""]","[""318f80e1f5be027d4f8a1e80b09351c2c118dbc411b3d3f2f368621209eaf62a""]",沿用High候选；实际权限未确认,可能涉及连接身份及服务/数据库访问；实际环境、权限与有效性未确认,"[{""scope"":""git-object"",""repository"":""local-L2"",""object"":""05557a3ec609d3e3718921bf6abcbd7f7673f935"",""path_id"":""path/ec82244e7946bd00a2eff5b8"",""object_type"":""blob""},{""scope"":""git-object"",""repository"":""path/c90572454d458f720ba700f1"",""object"":""05557a3ec609d3e3718921bf6abcbd7f7673f935"",""path_id"":""path/199b58a5bb9418b852993705"",""object_type"":""blob""},{""scope"":""original-file"",""path_id"":""path/57e2d785709acd82c882f7c0""},{""scope"":""original-file"",""path_id"":""path/9b74a3748018025cd023e078""},{""scope"":""original-file"",""path_id"":""path/2518f0d00dee8fa8b0e0ebb8""},{""scope"":""original-file"",""path_id"":""path/216fabf7069c005a4fc3372b""},{""scope"":""original-file"",""path_id"":""path/32292471c68bdfc263889345""},{""scope"":""original-file"",""path_id"":""path/199b58a5bb9418b852993705""},{""scope"":""original-file"",""path_id"":""path/18f90aff4ad4052ee5dedb33""},{""scope"":""original-file"",""path_id"":""path/cb872e57adddc7337232a247""},{""scope"":""original-file"",""path_id"":""path/a43f6062c9f92d2abf4997ff""},{""scope"":""original-file"",""path_id"":""path/45979bd4ec81d8a14ad3b406""}]",先离线确认资产及影响→另单审批→所有者执行凭据处置→依赖/源码治理→独立复验；本单不执行,另单核对秘密管理版本、授权审计与部署记录，并重新本地扫描；不使用发现的凭据认证,所有者离线确认生产凭据、生产运行路径、活跃外部服务或资金/核心权限影响时触发；当前待判定,FastLink安全负责人及对应资产责任角色,未收到所有者审核意见；未完成最终定性,未提供,阶段A输入包仅含既有执行端结构记录；未收到该ID的所有者确认记录,发现ID、资产/疑似环境、分类、非秘密依据、权限/影响、审核角色/时间、建议动作,责任角色认领并提交非秘密审核记录，安全负责人复核,交接后24小时内认领；2个工作日内反馈或说明阻塞及新期限，待责任人确认,High,1,疑似资金或连接/身份/服务权限影响,24小时内初审；均待责任角色承诺,False,最多调整审核顺序，不作为定性或降级依据,False
SEC2-abb9d8cc18559280,abb9d8cc18559280935fec4dd4aeb8c550f3f35374555ec612b87f68782650c8,"[""local-L2"",""original-file"",""path/c90572454d458f720ba700f1""]",未知，待所有者确认,"[""新钱包技术负责人""]",仍无法确认,"[""complete-credential-url-unverified""]","[""318f80e1f5be027d4f8a1e80b09351c2c118dbc411b3d3f2f368621209eaf62a""]",沿用High候选；实际权限未确认,可能涉及连接身份及服务/数据库访问；实际环境、权限与有效性未确认,"[{""scope"":""git-object"",""repository"":""local-L2"",""object"":""05557a3ec609d3e3718921bf6abcbd7f7673f935"",""path_id"":""path/ec82244e7946bd00a2eff5b8"",""object_type"":""blob""},{""scope"":""git-object"",""repository"":""path/c90572454d458f720ba700f1"",""object"":""05557a3ec609d3e3718921bf6abcbd7f7673f935"",""path_id"":""path/199b58a5bb9418b852993705"",""object_type"":""blob""},{""scope"":""original-file"",""path_id"":""path/57e2d785709acd82c882f7c0""},{""scope"":""original-file"",""path_id"":""path/9b74a3748018025cd023e078""},{""scope"":""original-file"",""path_id"":""path/2518f0d00dee8fa8b0e0ebb8""},{""scope"":""original-file"",""path_id"":""path/216fabf7069c005a4fc3372b""},{""scope"":""original-file"",""path_id"":""path/32292471c68bdfc263889345""},{""scope"":""original-file"",""path_id"":""path/199b58a5bb9418b852993705""},{""scope"":""original-file"",""path_id"":""path/18f90aff4ad4052ee5dedb33""},{""scope"":""original-file"",""path_id"":""path/cb872e57adddc7337232a247""},{""scope"":""original-file"",""path_id"":""path/a43f6062c9f92d2abf4997ff""},{""scope"":""original-file"",""path_id"":""path/45979bd4ec81d8a14ad3b406""}]",先离线确认资产及影响→另单审批→所有者执行凭据处置→依赖/源码治理→独立复验；本单不执行,另单核对秘密管理版本、授权审计与部署记录，并重新本地扫描；不使用发现的凭据认证,所有者离线确认生产凭据、生产运行路径、活跃外部服务或资金/核心权限影响时触发；当前待判定,FastLink安全负责人及对应资产责任角色,未收到所有者审核意见；未完成最终定性,未提供,阶段A输入包仅含既有执行端结构记录；未收到该ID的所有者确认记录,发现ID、资产/疑似环境、分类、非秘密依据、权限/影响、审核角色/时间、建议动作,责任角色认领并提交非秘密审核记录，安全负责人复核,交接后24小时内认领；2个工作日内反馈或说明阻塞及新期限，待责任人确认,High,1,疑似资金或连接/身份/服务权限影响,24小时内初审；均待责任角色承诺,False,最多调整审核顺序，不作为定性或降级依据,False
SEC2-d3dbbd2740d13b6f,d3dbbd2740d13b6f4e0e397e477fbe982e76d0994e075cafef04d4ff7e8a381d,"[""local-L2"",""original-file"",""path/c90572454d458f720ba700f1""]",未知，待所有者确认,"[""新钱包技术负责人""]",仍无法确认,"[""complete-credential-url-unverified""]","[""318f80e1f5be027d4f8a1e80b09351c2c118dbc411b3d3f2f368621209eaf62a""]",沿用High候选；实际权限未确认,可能涉及连接身份及服务/数据库访问；实际环境、权限与有效性未确认,"[{""scope"":""git-object"",""repository"":""local-L2"",""object"":""05557a3ec609d3e3718921bf6abcbd7f7673f935"",""path_id"":""path/ec82244e7946bd00a2eff5b8"",""object_type"":""blob""},{""scope"":""git-object"",""repository"":""path/c90572454d458f720ba700f1"",""object"":""05557a3ec609d3e3718921bf6abcbd7f7673f935"",""path_id"":""path/199b58a5bb9418b852993705"",""object_type"":""blob""},{""scope"":""original-file"",""path_id"":""path/57e2d785709acd82c882f7c0""},{""scope"":""original-file"",""path_id"":""path/9b74a3748018025cd023e078""},{""scope"":""original-file"",""path_id"":""path/2518f0d00dee8fa8b0e0ebb8""},{""scope"":""original-file"",""path_id"":""path/216fabf7069c005a4fc3372b""},{""scope"":""original-file"",""path_id"":""path/32292471c68bdfc263889345""},{""scope"":""original-file"",""path_id"":""path/199b58a5bb9418b852993705""},{""scope"":""original-file"",""path_id"":""path/18f90aff4ad4052ee5dedb33""},{""scope"":""original-file"",""path_id"":""path/cb872e57adddc7337232a247""},{""scope"":""original-file"",""path_id"":""path/a43f6062c9f92d2abf4997ff""},{""scope"":""original-file"",""path_id"":""path/45979bd4ec81d8a14ad3b406""}]",先离线确认资产及影响→另单审批→所有者执行凭据处置→依赖/源码治理→独立复验；本单不执行,另单核对秘密管理版本、授权审计与部署记录，并重新本地扫描；不使用发现的凭据认证,所有者离线确认生产凭据、生产运行路径、活跃外部服务或资金/核心权限影响时触发；当前待判定,FastLink安全负责人及对应资产责任角色,未收到所有者审核意见；未完成最终定性,未提供,阶段A输入包仅含既有执行端结构记录；未收到该ID的所有者确认记录,发现ID、资产/疑似环境、分类、非秘密依据、权限/影响、审核角色/时间、建议动作,责任角色认领并提交非秘密审核记录，安全负责人复核,交接后24小时内认领；2个工作日内反馈或说明阻塞及新期限，待责任人确认,High,1,疑似资金或连接/身份/服务权限影响,24小时内初审；均待责任角色承诺,False,最多调整审核顺序，不作为定性或降级依据,False
SEC2-c4cda42e1cff44f3,c4cda42e1cff44f38122fe5e83b96a2d822c690963c3852a42c4e6f4dd039f0c,"[""local-L2"",""original-file"",""path/c90572454d458f720ba700f1""]",未知，待所有者确认,"[""新钱包技术负责人""]",仍无法确认,"[""complete-credential-url-unverified""]","[""318f80e1f5be027d4f8a1e80b09351c2c118dbc411b3d3f2f368621209eaf62a""]",沿用High候选；实际权限未确认,可能涉及连接身份及服务/数据库访问；实际环境、权限与有效性未确认,"[{""scope"":""git-object"",""repository"":""local-L2"",""object"":""05557a3ec609d3e3718921bf6abcbd7f7673f935"",""path_id"":""path/ec82244e7946bd00a2eff5b8"",""object_type"":""blob""},{""scope"":""git-object"",""repository"":""path/c90572454d458f720ba700f1"",""object"":""05557a3ec609d3e3718921bf6abcbd7f7673f935"",""path_id"":""path/199b58a5bb9418b852993705"",""object_type"":""blob""},{""scope"":""original-file"",""path_id"":""path/57e2d785709acd82c882f7c0""},{""scope"":""original-file"",""path_id"":""path/9b74a3748018025cd023e078""},{""scope"":""original-file"",""path_id"":""path/2518f0d00dee8fa8b0e0ebb8""},{""scope"":""original-file"",""path_id"":""path/216fabf7069c005a4fc3372b""},{""scope"":""original-file"",""path_id"":""path/32292471c68bdfc263889345""},{""scope"":""original-file"",""path_id"":""path/199b58a5bb9418b852993705""},{""scope"":""original-file"",""path_id"":""path/18f90aff4ad4052ee5dedb33""},{""scope"":""original-file"",""path_id"":""path/cb872e57adddc7337232a247""},{""scope"":""original-file"",""path_id"":""path/a43f6062c9f92d2abf4997ff""},{""scope"":""original-file"",""path_id"":""path/45979bd4ec81d8a14ad3b406""}]",先离线确认资产及影响→另单审批→所有者执行凭据处置→依赖/源码治理→独立复验；本单不执行,另单核对秘密管理版本、授权审计与部署记录，并重新本地扫描；不使用发现的凭据认证,所有者离线确认生产凭据、生产运行路径、活跃外部服务或资金/核心权限影响时触发；当前待判定,FastLink安全负责人及对应资产责任角色,未收到所有者审核意见；未完成最终定性,未提供,阶段A输入包仅含既有执行端结构记录；未收到该ID的所有者确认记录,发现ID、资产/疑似环境、分类、非秘密依据、权限/影响、审核角色/时间、建议动作,责任角色认领并提交非秘密审核记录，安全负责人复核,交接后24小时内认领；2个工作日内反馈或说明阻塞及新期限，待责任人确认,High,1,疑似资金或连接/身份/服务权限影响,24小时内初审；均待责任角色承诺,False,最多调整审核顺序，不作为定性或降级依据,False
SEC2-aca9e84518c1c10d,aca9e84518c1c10d89c1a99746b4a5ab4647d15010cc7457e27931bda3ececb6,"[""local-L2"",""original-file"",""path/c90572454d458f720ba700f1""]",未知，待所有者确认,"[""新钱包技术负责人""]",仍无法确认,"[""jwt-structure-valid-validity-unknown""]","[""efb9ef22f2179e700a2033edd4e1e03a6fe4f6b95fa4bc0bd29223065e1ec0a0""]",沿用High候选；实际权限未确认,可能涉及身份声明或会话；权限未知；实际环境、权限与有效性未确认,"[{""scope"":""git-object"",""repository"":""local-L2"",""object"":""55cbd860a12a4c11c7732eb063078105eaa23359"",""path_id"":""path/ec82244e7946bd00a2eff5b8"",""object_type"":""blob""},{""scope"":""git-object"",""repository"":""path/c90572454d458f720ba700f1"",""object"":""55cbd860a12a4c11c7732eb063078105eaa23359"",""path_id"":""path/37540d90e45eca849a4a698c"",""object_type"":""blob""},{""scope"":""original-file"",""path_id"":""path/6e7f229b4fb4a72b9c2146e1""},{""scope"":""original-file"",""path_id"":""path/f844c2af436541aec1a43527""},{""scope"":""original-file"",""path_id"":""path/125b5717a1b6a8a33a463193""},{""scope"":""original-file"",""path_id"":""path/0f3630408d99e00a934ab610""},{""scope"":""original-file"",""path_id"":""path/cb1de37af00af5de513f3d4e""},{""scope"":""original-file"",""path_id"":""path/37540d90e45eca849a4a698c""},{""scope"":""original-file"",""path_id"":""path/d2ae7fa716e67399fc5c85b8""},{""scope"":""original-file"",""path_id"":""path/b330fccc2108c6b87b966da3""},{""scope"":""original-file"",""path_id"":""path/32cc6973c77bca2a13c65af0""},{""scope"":""original-file"",""path_id"":""path/cfe8a04ddc4a6ee3a3f794be""}]",先离线确认资产及影响→另单审批→所有者执行凭据处置→依赖/源码治理→独立复验；本单不执行,另单核对秘密管理版本、授权审计与部署记录，并重新本地扫描；不使用发现的凭据认证,所有者离线确认生产凭据、生产运行路径、活跃外部服务或资金/核心权限影响时触发；当前待判定,FastLink安全负责人及对应资产责任角色,未收到所有者审核意见；未完成最终定性,未提供,阶段A输入包仅含既有执行端结构记录；未收到该ID的所有者确认记录,发现ID、资产/疑似环境、分类、非秘密依据、权限/影响、审核角色/时间、建议动作,责任角色认领并提交非秘密审核记录，安全负责人复核,交接后24小时内认领；2个工作日内反馈或说明阻塞及新期限，待责任人确认,High,1,疑似资金或连接/身份/服务权限影响,24小时内初审；均待责任角色承诺,False,最多调整审核顺序，不作为定性或降级依据,False
SEC2-159cbedc137b4f0b,159cbedc137b4f0b13bf1f9a9acd62ad1505decc3a2c829ffad192363b3cbac5,"[""local-L2"",""original-file"",""path/c90572454d458f720ba700f1""]",未知，待所有者确认,"[""新钱包技术负责人""]",仍无法确认,"[""high-entropy-secret-field-literal-unverified""]","[""fac4a0c99a9c6862c703af012027835e8857a2ae97d51dc5a041bb7a0eb0c8f1""]",沿用High候选；实际权限未确认,可能涉及认证、签名或应用共享秘密；实际环境、权限与有效性未确认,"[{""scope"":""git-object"",""repository"":""local-L2"",""object"":""64b6090c0db0e7d6ed16b2494021d8c030c9ea2a"",""path_id"":""path/ec82244e7946bd00a2eff5b8"",""object_type"":""blob""},{""scope"":""git-object"",""repository"":""path/c90572454d458f720ba700f1"",""object"":""64b6090c0db0e7d6ed16b2494021d8c030c9ea2a"",""path_id"":""path/2f71b7766ab8d4367c026f14"",""object_type"":""blob""},{""scope"":""original-file"",""path_id"":""path/7ca14f641f5edd6979ed883d""},{""scope"":""original-file"",""path_id"":""path/82f00d3888017e0744fc20dc""},{""scope"":""original-file"",""path_id"":""path/8cf6462d65cd642b844b88fc""},{""scope"":""original-file"",""path_id"":""path/4f3fe4eec6fa323535c42b1e""},{""scope"":""original-file"",""path_id"":""path/020d22e8cfaa305252652f46""},{""scope"":""original-file"",""path_id"":""path/7fd1df5d6eb8cf5e009322cb""},{""scope"":""original-file"",""path_id"":""path/cdcf0b514cde6441409127bc""},{""scope"":""original-file"",""path_id"":""path/ac9e940666e51713e4d4f8fb""},{""scope"":""original-file"",""path_id"":""path/8f00ce7086639ddbb591bc08""},{""scope"":""original-file"",""path_id"":""path/76cba9e51bf8cc9b74464053""},{""scope"":""original-file"",""path_id"":""path/8f3e6a3695ed94ec0b48042e""},{""scope"":""original-file"",""path_id"":""path/2f71b7766ab8d4367c026f14""},{""scope"":""original-file"",""path_id"":""path/6099d6b465bd0fefb9b0d015""},{""scope"":""original-file"",""path_id"":""path/43ff11d28eb0caeceb139521""},{""scope"":""original-file"",""path_id"":""path/1fab858c5768748cf12b847f""},{""scope"":""original-file"",""path_id"":""path/bc12a96c548b41c5d7e7f461""},{""scope"":""original-file"",""path_id"":""path/7cd2b4471dd110865d3668c6""},{""scope"":""original-file"",""path_id"":""path/2cd879c3dce7ce770b117671""},{""scope"":""original-file"",""path_id"":""path/a4cb168d36314421040ec06c""},{""scope"":""original-file"",""path_id"":""path/52ede1af1de6a2f502ea13a7""}]",先离线确认资产及影响→另单审批→所有者执行凭据处置→依赖/源码治理→独立复验；本单不执行,另单核对秘密管理版本、授权审计与部署记录，并重新本地扫描；不使用发现的凭据认证,所有者离线确认生产凭据、生产运行路径、活跃外部服务或资金/核心权限影响时触发；当前待判定,FastLink安全负责人及对应资产责任角色,未收到所有者审核意见；未完成最终定性,未提供,阶段A输入包仅含既有执行端结构记录；未收到该ID的所有者确认记录,发现ID、资产/疑似环境、分类、非秘密依据、权限/影响、审核角色/时间、建议动作,责任角色认领并提交非秘密审核记录，安全负责人复核,交接后24小时内认领；2个工作日内反馈或说明阻塞及新期限，待责任人确认,High,2,显式秘密形态存在于配置、历史或归档,2个工作日内初审；均待责任角色承诺,False,最多调整审核顺序，不作为定性或降级依据,False
SEC2-c15a0586534a25c4,c15a0586534a25c4dce61fc769e652e8f7e5df7c39d57715b0edff3484e20c77,"[""archive-member"",""local-L2"",""original-file"",""path/c90572454d458f720ba700f1""]",未知，待所有者确认,"[""新钱包技术负责人""]",仍无法确认,"[""complete-credential-url-unverified""]","[""5b7aa3c4c1a5d81b411e8cb302b45507fea9358d3569196b27eb1a27ae3a90ef"",""e02f3ff6f026f3efa60dd05bf4be3490088296766bb4e32efa85d7f2671331fe""]",沿用High候选；实际权限未确认,可能涉及连接身份及服务/数据库访问；实际环境、权限与有效性未确认,"[{""scope"":""git-object"",""repository"":""local-L2"",""object"":""6a0effc782160d49674afdc01e0a2072a6064151"",""path_id"":""path/ec82244e7946bd00a2eff5b8"",""object_type"":""blob""},{""scope"":""archive-member"",""container_sha256"":""6f99aae8d4a2bdecdce5a41a922b10943316edd4e6e6d4350f442d6c1688485f"",""path_id"":""path/d75c6853effb628beb9bdfb6""},{""scope"":""git-object"",""repository"":""path/c90572454d458f720ba700f1"",""object"":""6a0effc782160d49674afdc01e0a2072a6064151"",""path_id"":""path/a2edc07eed5e3d25530500f6"",""object_type"":""blob""},{""scope"":""original-file"",""path_id"":""path/a42e8bd3cac3083d9779b94a""},{""scope"":""original-file"",""path_id"":""path/7e8d662c697e8300f7b9352f""},{""scope"":""original-file"",""path_id"":""path/c0437bffa98dd60871fbecdc""},{""scope"":""original-file"",""path_id"":""path/64c663aedd39397e1585d000""},{""scope"":""original-file"",""path_id"":""path/7c88e1349c6698ecb57319da""},{""scope"":""original-file"",""path_id"":""path/57941543b1e686c794f92f7b""},{""scope"":""original-file"",""path_id"":""path/a2edc07eed5e3d25530500f6""},{""scope"":""original-file"",""path_id"":""path/108e4de3162acc882f78e91f""},{""scope"":""original-file"",""path_id"":""path/6e00bc2c93bbd127c96d6196""},{""scope"":""original-file"",""path_id"":""path/e118bc202884e6a3b589a03f""},{""scope"":""original-file"",""path_id"":""path/26d3115ca0d4add3526e3c05""},{""scope"":""original-file"",""path_id"":""path/10396aa1faa076567b5e03e9""},{""scope"":""original-file"",""path_id"":""path/7695d59c882c853acfdf5135""},{""scope"":""original-file"",""path_id"":""path/0628a76eab404a7c9e87547b""},{""scope"":""original-file"",""path_id"":""path/49cd6377970548502fb4a122""},{""scope"":""original-file"",""path_id"":""path/ee2b9ec4314c018ddc71fea3""},{""scope"":""archive-member"",""container_sha256"":""e02f3ff6f026f3efa60dd05bf4be3490088296766bb4e32efa85d7f2671331fe"",""path_id"":""path/417367d31d2cac591606364d""}]",先离线确认资产及影响→另单审批→所有者执行凭据处置→依赖/源码治理→独立复验；本单不执行,另单核对秘密管理版本、授权审计与部署记录，并重新本地扫描；不使用发现的凭据认证,所有者离线确认生产凭据、生产运行路径、活跃外部服务或资金/核心权限影响时触发；当前待判定,FastLink安全负责人及对应资产责任角色,未收到所有者审核意见；未完成最终定性,未提供,阶段A输入包仅含既有执行端结构记录；未收到该ID的所有者确认记录,发现ID、资产/疑似环境、分类、非秘密依据、权限/影响、审核角色/时间、建议动作,责任角色认领并提交非秘密审核记录，安全负责人复核,交接后24小时内认领；2个工作日内反馈或说明阻塞及新期限，待责任人确认,High,1,疑似资金或连接/身份/服务权限影响,24小时内初审；均待责任角色承诺,False,最多调整审核顺序，不作为定性或降级依据,False
SEC2-0157f8c443c5910e,0157f8c443c5910ea329f0aced824c96e1eb5eb06efd70d8c2f8e52fd2159933,"[""archive-member"",""local-L2"",""original-file"",""path/c90572454d458f720ba700f1""]",未知，待所有者确认,"[""新钱包技术负责人""]",仍无法确认,"[""complete-credential-url-unverified""]","[""5b7aa3c4c1a5d81b411e8cb302b45507fea9358d3569196b27eb1a27ae3a90ef"",""e02f3ff6f026f3efa60dd05bf4be3490088296766bb4e32efa85d7f2671331fe""]",沿用High候选；实际权限未确认,可能涉及连接身份及服务/数据库访问；实际环境、权限与有效性未确认,"[{""scope"":""git-object"",""repository"":""local-L2"",""object"":""6a0effc782160d49674afdc01e0a2072a6064151"",""path_id"":""path/ec82244e7946bd00a2eff5b8"",""object_type"":""blob""},{""scope"":""archive-member"",""container_sha256"":""6f99aae8d4a2bdecdce5a41a922b10943316edd4e6e6d4350f442d6c1688485f"",""path_id"":""path/d75c6853effb628beb9bdfb6""},{""scope"":""git-object"",""repository"":""path/c90572454d458f720ba700f1"",""object"":""6a0effc782160d49674afdc01e0a2072a6064151"",""path_id"":""path/a2edc07eed5e3d25530500f6"",""object_type"":""blob""},{""scope"":""original-file"",""path_id"":""path/a42e8bd3cac3083d9779b94a""},{""scope"":""original-file"",""path_id"":""path/7e8d662c697e8300f7b9352f""},{""scope"":""original-file"",""path_id"":""path/c0437bffa98dd60871fbecdc""},{""scope"":""original-file"",""path_id"":""path/64c663aedd39397e1585d000""},{""scope"":""original-file"",""path_id"":""path/7c88e1349c6698ecb57319da""},{""scope"":""original-file"",""path_id"":""path/57941543b1e686c794f92f7b""},{""scope"":""original-file"",""path_id"":""path/a2edc07eed5e3d25530500f6""},{""scope"":""original-file"",""path_id"":""path/108e4de3162acc882f78e91f""},{""scope"":""original-file"",""path_id"":""path/6e00bc2c93bbd127c96d6196""},{""scope"":""original-file"",""path_id"":""path/e118bc202884e6a3b589a03f""},{""scope"":""original-file"",""path_id"":""path/26d3115ca0d4add3526e3c05""},{""scope"":""original-file"",""path_id"":""path/10396aa1faa076567b5e03e9""},{""scope"":""original-file"",""path_id"":""path/7695d59c882c853acfdf5135""},{""scope"":""original-file"",""path_id"":""path/0628a76eab404a7c9e87547b""},{""scope"":""original-file"",""path_id"":""path/49cd6377970548502fb4a122""},{""scope"":""original-file"",""path_id"":""path/ee2b9ec4314c018ddc71fea3""},{""scope"":""archive-member"",""container_sha256"":""e02f3ff6f026f3efa60dd05bf4be3490088296766bb4e32efa85d7f2671331fe"",""path_id"":""path/417367d31d2cac591606364d""}]",先离线确认资产及影响→另单审批→所有者执行凭据处置→依赖/源码治理→独立复验；本单不执行,另单核对秘密管理版本、授权审计与部署记录，并重新本地扫描；不使用发现的凭据认证,所有者离线确认生产凭据、生产运行路径、活跃外部服务或资金/核心权限影响时触发；当前待判定,FastLink安全负责人及对应资产责任角色,未收到所有者审核意见；未完成最终定性,未提供,阶段A输入包仅含既有执行端结构记录；未收到该ID的所有者确认记录,发现ID、资产/疑似环境、分类、非秘密依据、权限/影响、审核角色/时间、建议动作,责任角色认领并提交非秘密审核记录，安全负责人复核,交接后24小时内认领；2个工作日内反馈或说明阻塞及新期限，待责任人确认,High,1,疑似资金或连接/身份/服务权限影响,24小时内初审；均待责任角色承诺,False,最多调整审核顺序，不作为定性或降级依据,False
SEC2-5bfff4fa86bdc2ca,5bfff4fa86bdc2ca49397571e36f6915c974ca902ebaa44e201d0fdd4f9c8393,"[""local-L2"",""original-file"",""path/c90572454d458f720ba700f1""]",未知，待所有者确认,"[""新钱包技术负责人""]",仍无法确认,"[""complete-credential-url-unverified""]","[""a69bdc042c58e8d940e6a5f09ed93646e697af04869a65cf45e9244e950cfb06""]",沿用High候选；实际权限未确认,可能涉及连接身份及服务/数据库访问；实际环境、权限与有效性未确认,"[{""scope"":""git-object"",""repository"":""local-L2"",""object"":""da40835c80310bd874cf4a4bbce9ad42617d3147"",""path_id"":""path/ec82244e7946bd00a2eff5b8"",""object_type"":""blob""},{""scope"":""git-object"",""repository"":""path/c90572454d458f720ba700f1"",""object"":""da40835c80310bd874cf4a4bbce9ad42617d3147"",""path_id"":""path/fadfd59500b0b49ff7f975b0"",""object_type"":""blob""},{""scope"":""original-file"",""path_id"":""path/33d36e25f46ac4641083f3ec""},{""scope"":""original-file"",""path_id"":""path/54a9588354395cd1bac19382""},{""scope"":""original-file"",""path_id"":""path/0a040e425988e26faf1cc0e2""},{""scope"":""original-file"",""path_id"":""path/c4bb926d2428458ec2c1aedb""},{""scope"":""original-file"",""path_id"":""path/4fb9502dbcd9aa7332826453""},{""scope"":""original-file"",""path_id"":""path/fadfd59500b0b49ff7f975b0""},{""scope"":""original-file"",""path_id"":""path/f33bbb35c3f7c53563f8eeed""},{""scope"":""original-file"",""path_id"":""path/0fc6222954a64fa958d851dd""},{""scope"":""original-file"",""path_id"":""path/44a4ef82fbf210aaa5c7a511""},{""scope"":""original-file"",""path_id"":""path/6a600aa1d14aeab58b441aa2""}]",先离线确认资产及影响→另单审批→所有者执行凭据处置→依赖/源码治理→独立复验；本单不执行,另单核对秘密管理版本、授权审计与部署记录，并重新本地扫描；不使用发现的凭据认证,所有者离线确认生产凭据、生产运行路径、活跃外部服务或资金/核心权限影响时触发；当前待判定,FastLink安全负责人及对应资产责任角色,未收到所有者审核意见；未完成最终定性,未提供,阶段A输入包仅含既有执行端结构记录；未收到该ID的所有者确认记录,发现ID、资产/疑似环境、分类、非秘密依据、权限/影响、审核角色/时间、建议动作,责任角色认领并提交非秘密审核记录，安全负责人复核,交接后24小时内认领；2个工作日内反馈或说明阻塞及新期限，待责任人确认,High,1,疑似资金或连接/身份/服务权限影响,24小时内初审；均待责任角色承诺,False,最多调整审核顺序，不作为定性或降级依据,False
SEC2-329be36af482f3fb,329be36af482f3fb1c4e573afa7467a749ee11b16e0cf201c83089dee75410bc,"[""archive-member"",""original-file""]",未知，待所有者确认,"[""FastLink安全负责人""]",仍无法确认,"[""high-entropy-secret-field-literal-unverified""]","[""d736137b7e033bfd28c82a84f58c858675257fcdff1ad344fd9b13310a3a751a"",""6a62785b715add02df9a93682b4f0cd15ccba78c00faf14c9b94de0e5fc7c0ba""]",沿用High候选；实际权限未确认,可能涉及认证、签名或应用共享秘密；实际环境、权限与有效性未确认,"[{""scope"":""archive-member"",""container_sha256"":""f60116b7c99ef401e3c46ec7d3ad97d66f5ccf1fd45eee9a2d95136c981314a7"",""path_id"":""path/d75c6853effb628beb9bdfb6""},{""scope"":""archive-member"",""container_sha256"":""d736137b7e033bfd28c82a84f58c858675257fcdff1ad344fd9b13310a3a751a"",""path_id"":""path/42c42cfa519453ff99220baa""},{""scope"":""original-file"",""path_id"":""path/cd6ad71cc29300fb265cf755""},{""scope"":""original-file"",""path_id"":""path/b98903fe05933bcb58a75064""},{""scope"":""original-file"",""path_id"":""path/9d4c29c00d260875e04447f2""},{""scope"":""original-file"",""path_id"":""path/70e0b59b3494a02e4aa0b99e""},{""scope"":""original-file"",""path_id"":""path/6d96a4dd3de42aca0b5f5273""},{""scope"":""original-file"",""path_id"":""path/2f187c8bf5929a4a22b4c5e3""}]",先离线确认资产及影响→另单审批→所有者执行凭据处置→依赖/源码治理→独立复验；本单不执行,另单核对秘密管理版本、授权审计与部署记录，并重新本地扫描；不使用发现的凭据认证,所有者离线确认生产凭据、生产运行路径、活跃外部服务或资金/核心权限影响时触发；当前待判定,FastLink安全负责人及对应资产责任角色,未收到所有者审核意见；未完成最终定性,未提供,阶段A输入包仅含既有执行端结构记录；未收到该ID的所有者确认记录,发现ID、资产/疑似环境、分类、非秘密依据、权限/影响、审核角色/时间、建议动作,责任角色认领并提交非秘密审核记录，安全负责人复核,交接后24小时内认领；2个工作日内反馈或说明阻塞及新期限，待责任人确认,High,2,显式秘密形态存在于配置、历史或归档,2个工作日内初审；均待责任角色承诺,False,最多调整审核顺序，不作为定性或降级依据,False
SEC2-3d5f945e68a3ea41,3d5f945e68a3ea41a2a9bbdcde586a1b50c33ebf41cb387cccc3e661157e778f,"[""original-file"",""path/c90572454d458f720ba700f1""]",未知，待所有者确认,"[""新钱包技术负责人""]",仍无法确认,"[""high-entropy-secret-field-literal-unverified""]","[""0ea33aabb6a41256acf8e44951e2253db4644ffd364591966f8ad852def7c0ab""]",沿用High候选；实际权限未确认,可能涉及认证、签名或应用共享秘密；实际环境、权限与有效性未确认,"[{""scope"":""git-object"",""repository"":""path/c90572454d458f720ba700f1"",""object"":""4f7d3df34727d508e518dd7bc2d1ca6e2f63a97a"",""path_id"":""path/0b422da4776961836455bda7"",""object_type"":""blob""},{""scope"":""original-file"",""path_id"":""path/0b422da4776961836455bda7""}]",先离线确认资产及影响→另单审批→所有者执行凭据处置→依赖/源码治理→独立复验；本单不执行,另单核对秘密管理版本、授权审计与部署记录，并重新本地扫描；不使用发现的凭据认证,所有者离线确认生产凭据、生产运行路径、活跃外部服务或资金/核心权限影响时触发；当前待判定,FastLink安全负责人及对应资产责任角色,未收到所有者审核意见；未完成最终定性,未提供,阶段A输入包仅含既有执行端结构记录；未收到该ID的所有者确认记录,发现ID、资产/疑似环境、分类、非秘密依据、权限/影响、审核角色/时间、建议动作,责任角色认领并提交非秘密审核记录，安全负责人复核,交接后24小时内认领；2个工作日内反馈或说明阻塞及新期限，待责任人确认,High,2,显式秘密形态存在于配置、历史或归档,2个工作日内初审；均待责任角色承诺,False,最多调整审核顺序，不作为定性或降级依据,False
SEC2-70d0de6becfae4a9,70d0de6becfae4a922af467df483480b77819e0c7aae3a4caa32aa9ebebd98d2,"[""archive-member"",""original-file""]",未知，待所有者确认,"[""FastLink安全负责人""]",仍无法确认,"[""high-entropy-secret-field-literal-unverified""]","[""7182f31f5880d09cdd6a88358ee7d3349c96521db07142a8fa3aeb02eb7b5179"",""b64b61f351d370680da2751faaefebac22ed05d5153e89d360ec61c1bea1b710"",""824dcc778d390b33aa65be183f001ad6bd9d4f75dbdd671a1ae51cfe6b69aff5"",""674982f870d0c30ccf0a154418dd91c1b05efc4e398c223ec67d8f799c8bc2da""]",沿用High候选；实际权限未确认,可能涉及认证、签名或应用共享秘密；实际环境、权限与有效性未确认,"[{""scope"":""archive-member"",""container_sha256"":""2f80b9a34fe3a3605469281067ad7990a65f085a1b0551c16757535730b18ab1"",""path_id"":""path/d75c6853effb628beb9bdfb6""},{""scope"":""archive-member"",""container_sha256"":""7182f31f5880d09cdd6a88358ee7d3349c96521db07142a8fa3aeb02eb7b5179"",""path_id"":""path/71fbe89a79146793df20e18b""},{""scope"":""archive-member"",""container_sha256"":""7182f31f5880d09cdd6a88358ee7d3349c96521db07142a8fa3aeb02eb7b5179"",""path_id"":""path/16e261dc5a80864e618d4acc""},{""scope"":""archive-member"",""container_sha256"":""d742c70dd4ca1b0f103ce14fa31114736f6374b4bee737b026b0826c78fd57dc"",""path_id"":""path/d75c6853effb628beb9bdfb6""},{""scope"":""original-file"",""path_id"":""path/a0ced4ae819106e40afbbe36""},{""scope"":""original-file"",""path_id"":""path/8d856de0b4f06bebf251b307""},{""scope"":""original-file"",""path_id"":""path/3034685874eec11ef805291a""},{""scope"":""original-file"",""path_id"":""path/6d2caa84b37c2fe89531cf68""},{""scope"":""original-file"",""path_id"":""path/75d269abc24897afd5d3d28e""},{""scope"":""original-file"",""path_id"":""path/125c310cc64b6350d5d02eac""},{""scope"":""archive-member"",""container_sha256"":""674982f870d0c30ccf0a154418dd91c1b05efc4e398c223ec67d8f799c8bc2da"",""path_id"":""path/cd8524004ad96c515b80936d""},{""scope"":""original-file"",""path_id"":""path/13c7e23221f94c01dee6fddc""},{""scope"":""original-file"",""path_id"":""path/63460b88e44200dc250a0eb4""},{""scope"":""original-file"",""path_id"":""path/329216da8a698069c07a03b5""},{""scope"":""original-file"",""path_id"":""path/658e725caa242426ebe24507""},{""scope"":""original-file"",""path_id"":""path/4dd01ba3d3466cbdcc837f10""},{""scope"":""original-file"",""path_id"":""path/5ca6f0c65b0a3af28c10e011""},{""scope"":""original-file"",""path_id"":""path/99b3b00abfb00f11fcbc020c""},{""scope"":""original-file"",""path_id"":""path/a7b856866bdcba1c522c1a81""},{""scope"":""original-file"",""path_id"":""path/14de64b516985a05474202b0""},{""scope"":""original-file"",""path_id"":""path/941d52624df25d852b258b20""},{""scope"":""original-file"",""path_id"":""path/2524bd3646fcf203fa1af5d3""},{""scope"":""original-file"",""path_id"":""path/4623ebd4d49cf37334e95bae""},{""scope"":""archive-member"",""container_sha256"":""674982f870d0c30ccf0a154418dd91c1b05efc4e398c223ec67d8f799c8bc2da"",""path_id"":""path/f31df4970817986ae5a6b623""},{""scope"":""original-file"",""path_id"":""path/fa0af35605f1d96beb1f871d""},{""scope"":""original-file"",""path_id"":""path/12ea00d779006e8b05ec548e""},{""scope"":""original-file"",""path_id"":""path/e6a6e83befb23705620db826""},{""scope"":""original-file"",""path_id"":""path/9a1b65d93b9b977185b8282e""},{""scope"":""original-file"",""path_id"":""path/ee59feaa3909bd775bcc955e""},{""scope"":""original-file"",""path_id"":""path/7f6c90f9b6d73034507eb816""}]",先离线确认资产及影响→另单审批→所有者执行凭据处置→依赖/源码治理→独立复验；本单不执行,另单核对秘密管理版本、授权审计与部署记录，并重新本地扫描；不使用发现的凭据认证,所有者离线确认生产凭据、生产运行路径、活跃外部服务或资金/核心权限影响时触发；当前待判定,FastLink安全负责人及对应资产责任角色,未收到所有者审核意见；未完成最终定性,未提供,阶段A输入包仅含既有执行端结构记录；未收到该ID的所有者确认记录,发现ID、资产/疑似环境、分类、非秘密依据、权限/影响、审核角色/时间、建议动作,责任角色认领并提交非秘密审核记录，安全负责人复核,交接后24小时内认领；2个工作日内反馈或说明阻塞及新期限，待责任人确认,High,2,显式秘密形态存在于配置、历史或归档,2个工作日内初审；均待责任角色承诺,False,最多调整审核顺序，不作为定性或降级依据,False
SEC2-5ed762444b2566ca,5ed762444b2566cad714ff67d31da44bb7793a83c40b2ea5cf304ce30f9ee96a,"[""archive-member"",""original-file""]",未知，待所有者确认,"[""FastLink安全负责人""]",仍无法确认,"[""high-entropy-secret-field-literal-unverified""]","[""7182f31f5880d09cdd6a88358ee7d3349c96521db07142a8fa3aeb02eb7b5179"",""bca8b35bd5ebe0164323d5f761a7a5075fa6ad00e1dfc7906e9da5d4c13c0287""]",沿用High候选；实际权限未确认,可能涉及认证、签名或应用共享秘密；实际环境、权限与有效性未确认,"[{""scope"":""archive-member"",""container_sha256"":""2f80b9a34fe3a3605469281067ad7990a65f085a1b0551c16757535730b18ab1"",""path_id"":""path/d75c6853effb628beb9bdfb6""},{""scope"":""archive-member"",""container_sha256"":""7182f31f5880d09cdd6a88358ee7d3349c96521db07142a8fa3aeb02eb7b5179"",""path_id"":""path/6a0b928442721f5d9f6184fa""},{""scope"":""original-file"",""path_id"":""path/7fe55f0be826ce2b6340bcd3""},{""scope"":""original-file"",""path_id"":""path/580d6273e961b73e13ddb60c""},{""scope"":""original-file"",""path_id"":""path/0a8e74b1554fde73d73091ad""},{""scope"":""original-file"",""path_id"":""path/3f35fafa225d22ac71c750bb""},{""scope"":""original-file"",""path_id"":""path/8675e6d1314fc88f01341113""},{""scope"":""original-file"",""path_id"":""path/3f6ab83ecde88cdac3a1a515""}]",先离线确认资产及影响→另单审批→所有者执行凭据处置→依赖/源码治理→独立复验；本单不执行,另单核对秘密管理版本、授权审计与部署记录，并重新本地扫描；不使用发现的凭据认证,所有者离线确认生产凭据、生产运行路径、活跃外部服务或资金/核心权限影响时触发；当前待判定,FastLink安全负责人及对应资产责任角色,未收到所有者审核意见；未完成最终定性,未提供,阶段A输入包仅含既有执行端结构记录；未收到该ID的所有者确认记录,发现ID、资产/疑似环境、分类、非秘密依据、权限/影响、审核角色/时间、建议动作,责任角色认领并提交非秘密审核记录，安全负责人复核,交接后24小时内认领；2个工作日内反馈或说明阻塞及新期限，待责任人确认,High,2,显式秘密形态存在于配置、历史或归档,2个工作日内初审；均待责任角色承诺,False,最多调整审核顺序，不作为定性或降级依据,False
SEC2-81facf982fd7565b,81facf982fd7565b1feb200e0343efb2276f4128a0b59b891976340651984769,"[""original-file"",""path/c90572454d458f720ba700f1""]",未知，待所有者确认,"[""新钱包技术负责人""]",仍无法确认,"[""high-entropy-secret-field-literal-unverified""]","[""23d577ed32f858b29598c8b8faa31fbeece584c9b9beb61c35677d1bdf38b84c""]",沿用High候选；实际权限未确认,可能涉及认证、签名或应用共享秘密；实际环境、权限与有效性未确认,"[{""scope"":""git-object"",""repository"":""path/c90572454d458f720ba700f1"",""object"":""9952ea33da64147fe93844eb526845d474c72e38"",""path_id"":""path/b411ac3c1d92c2e50691907b"",""object_type"":""blob""},{""scope"":""original-file"",""path_id"":""path/b411ac3c1d92c2e50691907b""}]",先离线确认资产及影响→另单审批→所有者执行凭据处置→依赖/源码治理→独立复验；本单不执行,另单核对秘密管理版本、授权审计与部署记录，并重新本地扫描；不使用发现的凭据认证,所有者离线确认生产凭据、生产运行路径、活跃外部服务或资金/核心权限影响时触发；当前待判定,FastLink安全负责人及对应资产责任角色,未收到所有者审核意见；未完成最终定性,未提供,阶段A输入包仅含既有执行端结构记录；未收到该ID的所有者确认记录,发现ID、资产/疑似环境、分类、非秘密依据、权限/影响、审核角色/时间、建议动作,责任角色认领并提交非秘密审核记录，安全负责人复核,交接后24小时内认领；2个工作日内反馈或说明阻塞及新期限，待责任人确认,High,2,显式秘密形态存在于配置、历史或归档,2个工作日内初审；均待责任角色承诺,False,最多调整审核顺序，不作为定性或降级依据,False
SEC2-b133f563f069f811,b133f563f069f81182f7b56ac911b2fb96220a856b5c1f6bf3437b976a370cd2,"[""original-file"",""path/c90572454d458f720ba700f1""]",未知，待所有者确认,"[""新钱包技术负责人""]",仍无法确认,"[""high-entropy-secret-field-literal-unverified""]","[""120d6cc5fb8ac58e2cc781d215f87f825d3143043e817959ff9464662ce9abc2""]",沿用High候选；实际权限未确认,可能涉及认证、签名或应用共享秘密；实际环境、权限与有效性未确认,"[{""scope"":""git-object"",""repository"":""path/c90572454d458f720ba700f1"",""object"":""de54d80edbefeb2d604dea2664195499043626b2"",""path_id"":""path/5af844f47cc817f4de9216b2"",""object_type"":""blob""},{""scope"":""original-file"",""path_id"":""path/5af844f47cc817f4de9216b2""}]",先离线确认资产及影响→另单审批→所有者执行凭据处置→依赖/源码治理→独立复验；本单不执行,另单核对秘密管理版本、授权审计与部署记录，并重新本地扫描；不使用发现的凭据认证,所有者离线确认生产凭据、生产运行路径、活跃外部服务或资金/核心权限影响时触发；当前待判定,FastLink安全负责人及对应资产责任角色,未收到所有者审核意见；未完成最终定性,未提供,阶段A输入包仅含既有执行端结构记录；未收到该ID的所有者确认记录,发现ID、资产/疑似环境、分类、非秘密依据、权限/影响、审核角色/时间、建议动作,责任角色认领并提交非秘密审核记录，安全负责人复核,交接后24小时内认领；2个工作日内反馈或说明阻塞及新期限，待责任人确认,High,2,显式秘密形态存在于配置、历史或归档,2个工作日内初审；均待责任角色承诺,False,最多调整审核顺序，不作为定性或降级依据,False
SEC2-ca2b862f13655e71,ca2b862f13655e7147f841c5057a50701f5fdfe0672dc9fe06730ef9369a6b9b,"[""archive-member"",""original-file""]",未知，待所有者确认,"[""FastLink安全负责人""]",仍无法确认,"[""high-entropy-secret-field-literal-unverified""]","[""3b9234134a663503130234e4be17447dde6580c804c11b76dfa08060af332816"",""54e989ecd24eec06935b7770caee22386e9b7cdc47aca29bb2be83080460db36""]",沿用High候选；实际权限未确认,可能涉及认证、签名或应用共享秘密；实际环境、权限与有效性未确认,"[{""scope"":""archive-member"",""container_sha256"":""9350ee9d90d19a1c8e79c1d5f0e790db3439214d03dcc280e24824c2cddd5b5c"",""path_id"":""path/d75c6853effb628beb9bdfb6""},{""scope"":""archive-member"",""container_sha256"":""3b9234134a663503130234e4be17447dde6580c804c11b76dfa08060af332816"",""path_id"":""path/ded8aa11861abd42f7420669""},{""scope"":""original-file"",""path_id"":""path/260ae35282d2f8b257bfc453""},{""scope"":""original-file"",""path_id"":""path/2772c377de667b2137319a77""},{""scope"":""original-file"",""path_id"":""path/78f780301a8405485600f261""},{""scope"":""original-file"",""path_id"":""path/ddc3f3a5fa3a1d5e3086bd4c""},{""scope"":""original-file"",""path_id"":""path/95c80a9f43d5b36f5a175b37""},{""scope"":""original-file"",""path_id"":""path/fc951a9107c47dac83a60826""},{""scope"":""original-file"",""path_id"":""path/e6009c64bf6edf8206d6b551""},{""scope"":""original-file"",""path_id"":""path/5ae60bec7f614eacae1a7663""},{""scope"":""original-file"",""path_id"":""path/f95f9e1a6a1f44c0e84b866a""},{""scope"":""original-file"",""path_id"":""path/05bed512c3862d2c9e30759f""},{""scope"":""original-file"",""path_id"":""path/7027922976f0dcb21d0f2817""},{""scope"":""original-file"",""path_id"":""path/c155b9c15fb8d1ed47efdc9a""},{""scope"":""original-file"",""path_id"":""path/fa9971811b50760754c3cb0b""},{""scope"":""original-file"",""path_id"":""path/beb53e0be2a5cd07d8176b00""},{""scope"":""original-file"",""path_id"":""path/5c5e5377dd7ff6a38ce9db6e""},{""scope"":""original-file"",""path_id"":""path/b2546793be0d06a3115314f6""}]",先离线确认资产及影响→另单审批→所有者执行凭据处置→依赖/源码治理→独立复验；本单不执行,另单核对秘密管理版本、授权审计与部署记录，并重新本地扫描；不使用发现的凭据认证,所有者离线确认生产凭据、生产运行路径、活跃外部服务或资金/核心权限影响时触发；当前待判定,FastLink安全负责人及对应资产责任角色,未收到所有者审核意见；未完成最终定性,未提供,阶段A输入包仅含既有执行端结构记录；未收到该ID的所有者确认记录,发现ID、资产/疑似环境、分类、非秘密依据、权限/影响、审核角色/时间、建议动作,责任角色认领并提交非秘密审核记录，安全负责人复核,交接后24小时内认领；2个工作日内反馈或说明阻塞及新期限，待责任人确认,High,2,显式秘密形态存在于配置、历史或归档,2个工作日内初审；均待责任角色承诺,False,最多调整审核顺序，不作为定性或降级依据,False
SEC2-2dbb4547b49ca6a9,2dbb4547b49ca6a98bf440bba940bc73ac66e8b03aa9a17aac85cb833f6bedaa,"[""archive-member"",""original-file""]",未知，待所有者确认,"[""FastLink安全负责人""]",仍无法确认,"[""high-entropy-secret-field-literal-unverified""]","[""3b9234134a663503130234e4be17447dde6580c804c11b76dfa08060af332816"",""54e989ecd24eec06935b7770caee22386e9b7cdc47aca29bb2be83080460db36""]",沿用High候选；实际权限未确认,可能涉及认证、签名或应用共享秘密；实际环境、权限与有效性未确认,"[{""scope"":""archive-member"",""container_sha256"":""9350ee9d90d19a1c8e79c1d5f0e790db3439214d03dcc280e24824c2cddd5b5c"",""path_id"":""path/d75c6853effb628beb9bdfb6""},{""scope"":""archive-member"",""container_sha256"":""3b9234134a663503130234e4be17447dde6580c804c11b76dfa08060af332816"",""path_id"":""path/ded8aa11861abd42f7420669""},{""scope"":""original-file"",""path_id"":""path/260ae35282d2f8b257bfc453""},{""scope"":""original-file"",""path_id"":""path/2772c377de667b2137319a77""},{""scope"":""original-file"",""path_id"":""path/78f780301a8405485600f261""},{""scope"":""original-file"",""path_id"":""path/ddc3f3a5fa3a1d5e3086bd4c""},{""scope"":""original-file"",""path_id"":""path/95c80a9f43d5b36f5a175b37""},{""scope"":""original-file"",""path_id"":""path/fc951a9107c47dac83a60826""},{""scope"":""original-file"",""path_id"":""path/e6009c64bf6edf8206d6b551""},{""scope"":""original-file"",""path_id"":""path/5ae60bec7f614eacae1a7663""},{""scope"":""original-file"",""path_id"":""path/f95f9e1a6a1f44c0e84b866a""},{""scope"":""original-file"",""path_id"":""path/05bed512c3862d2c9e30759f""},{""scope"":""original-file"",""path_id"":""path/7027922976f0dcb21d0f2817""},{""scope"":""original-file"",""path_id"":""path/c155b9c15fb8d1ed47efdc9a""},{""scope"":""original-file"",""path_id"":""path/fa9971811b50760754c3cb0b""},{""scope"":""original-file"",""path_id"":""path/beb53e0be2a5cd07d8176b00""},{""scope"":""original-file"",""path_id"":""path/5c5e5377dd7ff6a38ce9db6e""},{""scope"":""original-file"",""path_id"":""path/b2546793be0d06a3115314f6""}]",先离线确认资产及影响→另单审批→所有者执行凭据处置→依赖/源码治理→独立复验；本单不执行,另单核对秘密管理版本、授权审计与部署记录，并重新本地扫描；不使用发现的凭据认证,所有者离线确认生产凭据、生产运行路径、活跃外部服务或资金/核心权限影响时触发；当前待判定,FastLink安全负责人及对应资产责任角色,未收到所有者审核意见；未完成最终定性,未提供,阶段A输入包仅含既有执行端结构记录；未收到该ID的所有者确认记录,发现ID、资产/疑似环境、分类、非秘密依据、权限/影响、审核角色/时间、建议动作,责任角色认领并提交非秘密审核记录，安全负责人复核,交接后24小时内认领；2个工作日内反馈或说明阻塞及新期限，待责任人确认,High,2,显式秘密形态存在于配置、历史或归档,2个工作日内初审；均待责任角色承诺,False,最多调整审核顺序，不作为定性或降级依据,False
SEC2-2da60a60ecb8fe34,2da60a60ecb8fe34b0823317a5a410d6d72343475425831ab488469c87439a9e,"[""original-file""]",未知，待所有者确认,"[""FastLink安全负责人""]",仍无法确认,"[""complete-credential-url-unverified""]","[""f017dfe1213813cb6be7313b22e7de4a03b3a39fedb5debe9926ba8e3ae94791"",""440b4b836e5450cbdd7b650d054b1f83ba78750cef2f6a972a0de820f738cc8f""]",沿用High候选；实际权限未确认,可能涉及连接身份及服务/数据库访问；实际环境、权限与有效性未确认,"[{""scope"":""original-file"",""path_id"":""path/8a9b382a2ed956f3d1106456""},{""scope"":""original-file"",""path_id"":""path/de34eeecf13090d4842064ae""},{""scope"":""original-file"",""path_id"":""path/0c24d55b375698a58f71f02e""},{""scope"":""original-file"",""path_id"":""path/55aa5bf520ed743c8182348a""},{""scope"":""original-file"",""path_id"":""path/244251f9a91460aa451e5b3c""},{""scope"":""original-file"",""path_id"":""path/76b5be47e1db60817dc4fc54""},{""scope"":""original-file"",""path_id"":""path/2c7ba0a09871046c6b3e9da5""},{""scope"":""original-file"",""path_id"":""path/bb3da6d825f5296d5cef0120""},{""scope"":""original-file"",""path_id"":""path/2e52be904d7d674dc1901f0e""},{""scope"":""original-file"",""path_id"":""path/3eedd36cdfc49e8588d7e9e6""},{""scope"":""original-file"",""path_id"":""path/47a6f8c069f3c451fe6d2cd6""},{""scope"":""original-file"",""path_id"":""path/6cb047af0b65c044dc042de1""}]",先离线确认资产及影响→另单审批→所有者执行凭据处置→依赖/源码治理→独立复验；本单不执行,另单核对秘密管理版本、授权审计与部署记录，并重新本地扫描；不使用发现的凭据认证,所有者离线确认生产凭据、生产运行路径、活跃外部服务或资金/核心权限影响时触发；当前待判定,FastLink安全负责人及对应资产责任角色,未收到所有者审核意见；未完成最终定性,未提供,阶段A输入包仅含既有执行端结构记录；未收到该ID的所有者确认记录,发现ID、资产/疑似环境、分类、非秘密依据、权限/影响、审核角色/时间、建议动作,责任角色认领并提交非秘密审核记录，安全负责人复核,交接后24小时内认领；2个工作日内反馈或说明阻塞及新期限，待责任人确认,High,1,疑似资金或连接/身份/服务权限影响,24小时内初审；均待责任角色承诺,False,最多调整审核顺序，不作为定性或降级依据,False
SEC2-1d8b451aca17c861,1d8b451aca17c861b411cee4789891ac225e6efee22a3291c767990206a9b146,"[""original-file""]",未知，待所有者确认,"[""FastLink安全负责人""]",仍无法确认,"[""complete-credential-url-unverified""]","[""f017dfe1213813cb6be7313b22e7de4a03b3a39fedb5debe9926ba8e3ae94791"",""440b4b836e5450cbdd7b650d054b1f83ba78750cef2f6a972a0de820f738cc8f""]",沿用High候选；实际权限未确认,可能涉及连接身份及服务/数据库访问；实际环境、权限与有效性未确认,"[{""scope"":""original-file"",""path_id"":""path/8a9b382a2ed956f3d1106456""},{""scope"":""original-file"",""path_id"":""path/de34eeecf13090d4842064ae""},{""scope"":""original-file"",""path_id"":""path/0c24d55b375698a58f71f02e""},{""scope"":""original-file"",""path_id"":""path/55aa5bf520ed743c8182348a""},{""scope"":""original-file"",""path_id"":""path/244251f9a91460aa451e5b3c""},{""scope"":""original-file"",""path_id"":""path/76b5be47e1db60817dc4fc54""},{""scope"":""original-file"",""path_id"":""path/2c7ba0a09871046c6b3e9da5""},{""scope"":""original-file"",""path_id"":""path/bb3da6d825f5296d5cef0120""},{""scope"":""original-file"",""path_id"":""path/2e52be904d7d674dc1901f0e""},{""scope"":""original-file"",""path_id"":""path/3eedd36cdfc49e8588d7e9e6""},{""scope"":""original-file"",""path_id"":""path/47a6f8c069f3c451fe6d2cd6""},{""scope"":""original-file"",""path_id"":""path/6cb047af0b65c044dc042de1""}]",先离线确认资产及影响→另单审批→所有者执行凭据处置→依赖/源码治理→独立复验；本单不执行,另单核对秘密管理版本、授权审计与部署记录，并重新本地扫描；不使用发现的凭据认证,所有者离线确认生产凭据、生产运行路径、活跃外部服务或资金/核心权限影响时触发；当前待判定,FastLink安全负责人及对应资产责任角色,未收到所有者审核意见；未完成最终定性,未提供,阶段A输入包仅含既有执行端结构记录；未收到该ID的所有者确认记录,发现ID、资产/疑似环境、分类、非秘密依据、权限/影响、审核角色/时间、建议动作,责任角色认领并提交非秘密审核记录，安全负责人复核,交接后24小时内认领；2个工作日内反馈或说明阻塞及新期限，待责任人确认,High,1,疑似资金或连接/身份/服务权限影响,24小时内初审；均待责任角色承诺,False,最多调整审核顺序，不作为定性或降级依据,False
SEC2-1a4e7eb60d360127,1a4e7eb60d360127aceed61e02e07170778392578db94649dab67cb6f0ab7943,"[""original-file""]",未知，待所有者确认,"[""FastLink安全负责人""]",仍无法确认,"[""complete-credential-url-unverified""]","[""9b6f25efb3b3b62dffc21d27aef4b5e9446044d19923e03e9bb0831eb6ac86eb""]",沿用High候选；实际权限未确认,可能涉及连接身份及服务/数据库访问；实际环境、权限与有效性未确认,"[{""scope"":""original-file"",""path_id"":""path/49e8635ad0880bd27ff7e176""},{""scope"":""original-file"",""path_id"":""path/2988aa16582719715ca858b7""},{""scope"":""original-file"",""path_id"":""path/07cf45c2c042a612098e959f""},{""scope"":""original-file"",""path_id"":""path/8b0995666b8f22a981ee1bb1""},{""scope"":""original-file"",""path_id"":""path/d5567420b4c5dfda3ea7a44c""},{""scope"":""original-file"",""path_id"":""path/91f6be707ef4c054982b698d""}]",先离线确认资产及影响→另单审批→所有者执行凭据处置→依赖/源码治理→独立复验；本单不执行,另单核对秘密管理版本、授权审计与部署记录，并重新本地扫描；不使用发现的凭据认证,所有者离线确认生产凭据、生产运行路径、活跃外部服务或资金/核心权限影响时触发；当前待判定,FastLink安全负责人及对应资产责任角色,未收到所有者审核意见；未完成最终定性,未提供,阶段A输入包仅含既有执行端结构记录；未收到该ID的所有者确认记录,发现ID、资产/疑似环境、分类、非秘密依据、权限/影响、审核角色/时间、建议动作,责任角色认领并提交非秘密审核记录，安全负责人复核,交接后24小时内认领；2个工作日内反馈或说明阻塞及新期限，待责任人确认,High,1,疑似资金或连接/身份/服务权限影响,24小时内初审；均待责任角色承诺,False,最多调整审核顺序，不作为定性或降级依据,False
SEC2-e15e2c52e261bae3,e15e2c52e261bae3f9de443f951648bafc3e3197f6ec92963e15da73c407725b,"[""original-file""]",未知，待所有者确认,"[""FastLink安全负责人""]",仍无法确认,"[""complete-credential-url-unverified""]","[""cfe0a6addc59c2e0eafe0bc59365126b0fc3ba526189e74c211524fb64cb3f1f""]",沿用High候选；实际权限未确认,可能涉及连接身份及服务/数据库访问；实际环境、权限与有效性未确认,"[{""scope"":""original-file"",""path_id"":""path/d62ed2b390a45ef404cbf1b6""},{""scope"":""original-file"",""path_id"":""path/b8945c5d521f7a6ea13846d1""},{""scope"":""original-file"",""path_id"":""path/e6c0405743a01d1d1cf3ddb4""},{""scope"":""original-file"",""path_id"":""path/5b21b94fc91fd9060d54e159""},{""scope"":""original-file"",""path_id"":""path/5c458e5d4997c13cea2d5c0f""},{""scope"":""original-file"",""path_id"":""path/86fe42b0fdfc283ac6c6a44d""}]",先离线确认资产及影响→另单审批→所有者执行凭据处置→依赖/源码治理→独立复验；本单不执行,另单核对秘密管理版本、授权审计与部署记录，并重新本地扫描；不使用发现的凭据认证,所有者离线确认生产凭据、生产运行路径、活跃外部服务或资金/核心权限影响时触发；当前待判定,FastLink安全负责人及对应资产责任角色,未收到所有者审核意见；未完成最终定性,未提供,阶段A输入包仅含既有执行端结构记录；未收到该ID的所有者确认记录,发现ID、资产/疑似环境、分类、非秘密依据、权限/影响、审核角色/时间、建议动作,责任角色认领并提交非秘密审核记录，安全负责人复核,交接后24小时内认领；2个工作日内反馈或说明阻塞及新期限，待责任人确认,High,1,疑似资金或连接/身份/服务权限影响,24小时内初审；均待责任角色承诺,False,最多调整审核顺序，不作为定性或降级依据,False
SEC2-a703c584a1cd5d41,a703c584a1cd5d41b29b31d3f3fdc2aad58e121fe1b836aab4a3db8e3783d890,"[""original-file""]",未知，待所有者确认,"[""FastLink安全负责人""]",仍无法确认,"[""provider-token-shape-unverified""]","[""2d55c182181e491621504ad04f12249e5187783821eb3713301fed2b793082fd""]",沿用High候选；实际权限未确认,可能涉及服务API访问；实际环境、权限与有效性未确认,"[{""scope"":""original-file"",""path_id"":""path/1367533fa911e9569f95f4f2""},{""scope"":""original-file"",""path_id"":""path/d10652a9f7c6a21282aa53e9""},{""scope"":""original-file"",""path_id"":""path/86adbf93af024004942f9021""},{""scope"":""original-file"",""path_id"":""path/5623c62224e6eb8148218a2b""},{""scope"":""original-file"",""path_id"":""path/d7f9f874852d0b9d648f3716""},{""scope"":""original-file"",""path_id"":""path/30ab9d3dbadc6d22282068fc""}]",先离线确认资产及影响→另单审批→所有者执行凭据处置→依赖/源码治理→独立复验；本单不执行,另单核对秘密管理版本、授权审计与部署记录，并重新本地扫描；不使用发现的凭据认证,所有者离线确认生产凭据、生产运行路径、活跃外部服务或资金/核心权限影响时触发；当前待判定,FastLink安全负责人及对应资产责任角色,未收到所有者审核意见；未完成最终定性,未提供,阶段A输入包仅含既有执行端结构记录；未收到该ID的所有者确认记录,发现ID、资产/疑似环境、分类、非秘密依据、权限/影响、审核角色/时间、建议动作,责任角色认领并提交非秘密审核记录，安全负责人复核,交接后24小时内认领；2个工作日内反馈或说明阻塞及新期限，待责任人确认,High,1,疑似资金或连接/身份/服务权限影响,24小时内初审；均待责任角色承诺,False,最多调整审核顺序，不作为定性或降级依据,False
SEC2-5671a84c1e068811,5671a84c1e0688115ccb7b51def74627b20f8d8ee2faf8daabaa7b6c548c7923,"[""original-file""]",未知，待所有者确认,"[""FastLink安全负责人""]",仍无法确认,"[""complete-credential-url-unverified""]","[""075427f2dc9b2c02b04a3893d647ae2d1cb4fc82b462efc7d89a078003129dce"",""36ae2936246cf5b164e05e65cac468407c5b9cec2fbfc3ce933a8672e340fb00""]",沿用High候选；实际权限未确认,可能涉及连接身份及服务/数据库访问；实际环境、权限与有效性未确认,"[{""scope"":""original-file"",""path_id"":""path/7ab3ef3c41c43e144a2b5d5f""},{""scope"":""original-file"",""path_id"":""path/ad15271860c4a7d9a906c3f5""},{""scope"":""original-file"",""path_id"":""path/245b590ad28267a7767526c6""},{""scope"":""original-file"",""path_id"":""path/c6a95b3a531b6489b015f14a""},{""scope"":""original-file"",""path_id"":""path/61d34fab8de707dae845b1a1""},{""scope"":""original-file"",""path_id"":""path/eb4432d60616a4b066b059e0""},{""scope"":""original-file"",""path_id"":""path/6b432c98199d4dc053e0694a""},{""scope"":""original-file"",""path_id"":""path/bd85e4b46cc66041c843a5fc""},{""scope"":""original-file"",""path_id"":""path/5d35dd064e13b9810456b6d9""},{""scope"":""original-file"",""path_id"":""path/3ad98768e0109f45900185b9""},{""scope"":""original-file"",""path_id"":""path/8bb5a613160f60ae9710961f""},{""scope"":""original-file"",""path_id"":""path/e9acfba52520ccce4416ecd1""}]",先离线确认资产及影响→另单审批→所有者执行凭据处置→依赖/源码治理→独立复验；本单不执行,另单核对秘密管理版本、授权审计与部署记录，并重新本地扫描；不使用发现的凭据认证,所有者离线确认生产凭据、生产运行路径、活跃外部服务或资金/核心权限影响时触发；当前待判定,FastLink安全负责人及对应资产责任角色,未收到所有者审核意见；未完成最终定性,未提供,阶段A输入包仅含既有执行端结构记录；未收到该ID的所有者确认记录,发现ID、资产/疑似环境、分类、非秘密依据、权限/影响、审核角色/时间、建议动作,责任角色认领并提交非秘密审核记录，安全负责人复核,交接后24小时内认领；2个工作日内反馈或说明阻塞及新期限，待责任人确认,High,1,疑似资金或连接/身份/服务权限影响,24小时内初审；均待责任角色承诺,False,最多调整审核顺序，不作为定性或降级依据,False
SEC2-bc85e622ece75207,bc85e622ece752074db7e322c254edb3b5d6e174e09a30c9578718e47430b650,"[""original-file""]",未知，待所有者确认,"[""FastLink安全负责人""]",仍无法确认,"[""high-entropy-secret-field-literal-unverified""]","[""43441de842bbed90932973fd5d4d32d5392562814760cfed8d91d08d0aebb303""]",沿用High候选；实际权限未确认,可能涉及认证、签名或应用共享秘密；实际环境、权限与有效性未确认,"[{""scope"":""original-file"",""path_id"":""path/ea06e02f732559abdcbb21aa""},{""scope"":""original-file"",""path_id"":""path/c8bfa3b2b07269d7e56ffd65""},{""scope"":""original-file"",""path_id"":""path/f741f28bcf0f2faf6cbc88d4""},{""scope"":""original-file"",""path_id"":""path/1f4b0278c4c9f979e1968fe8""},{""scope"":""original-file"",""path_id"":""path/7cce059022a863b70e7063e1""},{""scope"":""original-file"",""path_id"":""path/947f72b9f99854de361d42f0""}]",先离线确认资产及影响→另单审批→所有者执行凭据处置→依赖/源码治理→独立复验；本单不执行,另单核对秘密管理版本、授权审计与部署记录，并重新本地扫描；不使用发现的凭据认证,所有者离线确认生产凭据、生产运行路径、活跃外部服务或资金/核心权限影响时触发；当前待判定,FastLink安全负责人及对应资产责任角色,未收到所有者审核意见；未完成最终定性,未提供,阶段A输入包仅含既有执行端结构记录；未收到该ID的所有者确认记录,发现ID、资产/疑似环境、分类、非秘密依据、权限/影响、审核角色/时间、建议动作,责任角色认领并提交非秘密审核记录，安全负责人复核,交接后24小时内认领；2个工作日内反馈或说明阻塞及新期限，待责任人确认,High,3,其他归属及用途待确认High,5个工作日内初审；均待责任角色承诺,False,最多调整审核顺序，不作为定性或降级依据,False
SEC2-523e2ea2f6366b16,523e2ea2f6366b16710928895526c8cbb995a3538b35389cc68330c7e3d32a88,"[""original-file""]",未知，待所有者确认,"[""FastLink安全负责人""]",仍无法确认,"[""complete-credential-url-unverified""]","[""2eb361e576a139af31bb962a0b24bc4e24409974da336a59f704e509b935d766""]",沿用High候选；实际权限未确认,可能涉及连接身份及服务/数据库访问；实际环境、权限与有效性未确认,"[{""scope"":""original-file"",""path_id"":""path/ccbf15457841311c44640b2f""},{""scope"":""original-file"",""path_id"":""path/1b7125e0eca32a7fc3dcbb16""},{""scope"":""original-file"",""path_id"":""path/f8cc4832fef69a0ae667d2d8""},{""scope"":""original-file"",""path_id"":""path/9ec1c2c49e0fc7f7b1d805e9""},{""scope"":""original-file"",""path_id"":""path/29ddcfd2acad97d7cef1b5f2""},{""scope"":""original-file"",""path_id"":""path/7275e05206fabacc4bb4c6c3""}]",先离线确认资产及影响→另单审批→所有者执行凭据处置→依赖/源码治理→独立复验；本单不执行,另单核对秘密管理版本、授权审计与部署记录，并重新本地扫描；不使用发现的凭据认证,所有者离线确认生产凭据、生产运行路径、活跃外部服务或资金/核心权限影响时触发；当前待判定,FastLink安全负责人及对应资产责任角色,未收到所有者审核意见；未完成最终定性,未提供,阶段A输入包仅含既有执行端结构记录；未收到该ID的所有者确认记录,发现ID、资产/疑似环境、分类、非秘密依据、权限/影响、审核角色/时间、建议动作,责任角色认领并提交非秘密审核记录，安全负责人复核,交接后24小时内认领；2个工作日内反馈或说明阻塞及新期限，待责任人确认,High,1,疑似资金或连接/身份/服务权限影响,24小时内初审；均待责任角色承诺,False,最多调整审核顺序，不作为定性或降级依据,False
SEC2-265184974aecdd72,265184974aecdd725dfe2e98e03227cdc51c7727a0533456034c68ba5d3188fd,"[""original-file""]",未知，待所有者确认,"[""FastLink安全负责人""]",仍无法确认,"[""complete-credential-url-unverified""]","[""ced02e5af16555f729c241fda76dc0d221d7008658612ed4373f277b010d3bbf""]",沿用High候选；实际权限未确认,可能涉及连接身份及服务/数据库访问；实际环境、权限与有效性未确认,"[{""scope"":""original-file"",""path_id"":""path/940b77c925f64701827ac216""},{""scope"":""original-file"",""path_id"":""path/e688793222280dc0a2ab4c9f""},{""scope"":""original-file"",""path_id"":""path/e63c3d7e594de3bc45a9f081""},{""scope"":""original-file"",""path_id"":""path/c4c85def894fd99c081ecbf4""},{""scope"":""original-file"",""path_id"":""path/44214fc7ac1b17c34f0c385e""},{""scope"":""original-file"",""path_id"":""path/30ed90841facfff2570ce0b0""}]",先离线确认资产及影响→另单审批→所有者执行凭据处置→依赖/源码治理→独立复验；本单不执行,另单核对秘密管理版本、授权审计与部署记录，并重新本地扫描；不使用发现的凭据认证,所有者离线确认生产凭据、生产运行路径、活跃外部服务或资金/核心权限影响时触发；当前待判定,FastLink安全负责人及对应资产责任角色,未收到所有者审核意见；未完成最终定性,未提供,阶段A输入包仅含既有执行端结构记录；未收到该ID的所有者确认记录,发现ID、资产/疑似环境、分类、非秘密依据、权限/影响、审核角色/时间、建议动作,责任角色认领并提交非秘密审核记录，安全负责人复核,交接后24小时内认领；2个工作日内反馈或说明阻塞及新期限，待责任人确认,High,1,疑似资金或连接/身份/服务权限影响,24小时内初审；均待责任角色承诺,False,最多调整审核顺序，不作为定性或降级依据,False
SEC2-bcd4716b11ca7db5,bcd4716b11ca7db5d030ad9cb5603c55f1d338500c65378c41b8dd351b6cb4ed,"[""original-file""]",未知，待所有者确认,"[""FastLink安全负责人""]",仍无法确认,"[""complete-credential-url-unverified""]","[""241bd415f36ecd6ee0bf52190a8b99bb6298c6eafe2565f352dbca24152b9b12""]",沿用High候选；实际权限未确认,可能涉及连接身份及服务/数据库访问；实际环境、权限与有效性未确认,"[{""scope"":""original-file"",""path_id"":""path/907dccecb20de2667e285592""},{""scope"":""original-file"",""path_id"":""path/a58308dc2c88d1d0e765c876""},{""scope"":""original-file"",""path_id"":""path/a8f3947c1171dde783b7ece0""},{""scope"":""original-file"",""path_id"":""path/af8369a79a7b01d57819f90c""},{""scope"":""original-file"",""path_id"":""path/daae644a9dc188802c6db171""},{""scope"":""original-file"",""path_id"":""path/6771db85c2ab9e655fd61f31""},{""scope"":""original-file"",""path_id"":""path/a1f29dfe1374183744304b81""},{""scope"":""original-file"",""path_id"":""path/ac395d883d9a5a64ca422a56""},{""scope"":""original-file"",""path_id"":""path/5b14cbe7d1e50b21d8be7529""},{""scope"":""original-file"",""path_id"":""path/09621d2178599570d865c6cf""}]",先离线确认资产及影响→另单审批→所有者执行凭据处置→依赖/源码治理→独立复验；本单不执行,另单核对秘密管理版本、授权审计与部署记录，并重新本地扫描；不使用发现的凭据认证,所有者离线确认生产凭据、生产运行路径、活跃外部服务或资金/核心权限影响时触发；当前待判定,FastLink安全负责人及对应资产责任角色,未收到所有者审核意见；未完成最终定性,未提供,阶段A输入包仅含既有执行端结构记录；未收到该ID的所有者确认记录,发现ID、资产/疑似环境、分类、非秘密依据、权限/影响、审核角色/时间、建议动作,责任角色认领并提交非秘密审核记录，安全负责人复核,交接后24小时内认领；2个工作日内反馈或说明阻塞及新期限，待责任人确认,High,1,疑似资金或连接/身份/服务权限影响,24小时内初审；均待责任角色承诺,False,最多调整审核顺序，不作为定性或降级依据,False
SEC2-d2087f187410d416,d2087f187410d4161164ac57f6198e0817835eef8763915a7992084298798da2,"[""original-file""]",未知，待所有者确认,"[""FastLink安全负责人""]",仍无法确认,"[""complete-credential-url-unverified""]","[""9f42fb42c9f967c601f9403f1f49b4ac96124854371ce7a397df943efa65e6df"",""27d8e86fe28558bf9e6ccefbaeaf3f85d112a944fe915353f0198f2218ef3991""]",沿用High候选；实际权限未确认,可能涉及连接身份及服务/数据库访问；实际环境、权限与有效性未确认,"[{""scope"":""original-file"",""path_id"":""path/a45ed72f69004febee308db5""},{""scope"":""original-file"",""path_id"":""path/78db6038b6fb700826e9efc8""}]",先离线确认资产及影响→另单审批→所有者执行凭据处置→依赖/源码治理→独立复验；本单不执行,另单核对秘密管理版本、授权审计与部署记录，并重新本地扫描；不使用发现的凭据认证,所有者离线确认生产凭据、生产运行路径、活跃外部服务或资金/核心权限影响时触发；当前待判定,FastLink安全负责人及对应资产责任角色,未收到所有者审核意见；未完成最终定性,未提供,阶段A输入包仅含既有执行端结构记录；未收到该ID的所有者确认记录,发现ID、资产/疑似环境、分类、非秘密依据、权限/影响、审核角色/时间、建议动作,责任角色认领并提交非秘密审核记录，安全负责人复核,交接后24小时内认领；2个工作日内反馈或说明阻塞及新期限，待责任人确认,High,1,疑似资金或连接/身份/服务权限影响,24小时内初审；均待责任角色承诺,False,最多调整审核顺序，不作为定性或降级依据,False
SEC2-9e407e7f56cf3f5f,9e407e7f56cf3f5f1d26570ad45a2c71add751d17176404bfe16ccff63fdd218,"[""original-file""]",未知，待所有者确认,"[""FastLink安全负责人""]",仍无法确认,"[""high-entropy-secret-field-literal-unverified""]","[""294122a6e3e03dda96813b2f1db4237208f7cc0b7d4a37a87301436fba158a6c""]",沿用High候选；实际权限未确认,可能涉及认证、签名或应用共享秘密；实际环境、权限与有效性未确认,"[{""scope"":""original-file"",""path_id"":""path/b5ee3fba35763793bd92f6e0""},{""scope"":""original-file"",""path_id"":""path/1fa8f6759a0e8f28a94640ce""},{""scope"":""original-file"",""path_id"":""path/4b4abdf201c13bf75dc21523""},{""scope"":""original-file"",""path_id"":""path/24fe7bc28808763cab3d041d""},{""scope"":""original-file"",""path_id"":""path/7e9619ab9b49ca1d01398641""}]",先离线确认资产及影响→另单审批→所有者执行凭据处置→依赖/源码治理→独立复验；本单不执行,另单核对秘密管理版本、授权审计与部署记录，并重新本地扫描；不使用发现的凭据认证,所有者离线确认生产凭据、生产运行路径、活跃外部服务或资金/核心权限影响时触发；当前待判定,FastLink安全负责人及对应资产责任角色,未收到所有者审核意见；未完成最终定性,未提供,阶段A输入包仅含既有执行端结构记录；未收到该ID的所有者确认记录,发现ID、资产/疑似环境、分类、非秘密依据、权限/影响、审核角色/时间、建议动作,责任角色认领并提交非秘密审核记录，安全负责人复核,交接后24小时内认领；2个工作日内反馈或说明阻塞及新期限，待责任人确认,High,3,其他归属及用途待确认High,5个工作日内初审；均待责任角色承诺,False,最多调整审核顺序，不作为定性或降级依据,False
SEC2-5f954aa4d9d8501a,5f954aa4d9d8501a1aeb5e5d60a71887bca0602919ee610f5ced5ccda7311535,"[""original-file""]",未知，待所有者确认,"[""FastLink安全负责人""]",仍无法确认,"[""high-entropy-secret-field-literal-unverified""]","[""294122a6e3e03dda96813b2f1db4237208f7cc0b7d4a37a87301436fba158a6c""]",沿用High候选；实际权限未确认,可能涉及认证、签名或应用共享秘密；实际环境、权限与有效性未确认,"[{""scope"":""original-file"",""path_id"":""path/b5ee3fba35763793bd92f6e0""},{""scope"":""original-file"",""path_id"":""path/1fa8f6759a0e8f28a94640ce""},{""scope"":""original-file"",""path_id"":""path/4b4abdf201c13bf75dc21523""},{""scope"":""original-file"",""path_id"":""path/24fe7bc28808763cab3d041d""},{""scope"":""original-file"",""path_id"":""path/7e9619ab9b49ca1d01398641""}]",先离线确认资产及影响→另单审批→所有者执行凭据处置→依赖/源码治理→独立复验；本单不执行,另单核对秘密管理版本、授权审计与部署记录，并重新本地扫描；不使用发现的凭据认证,所有者离线确认生产凭据、生产运行路径、活跃外部服务或资金/核心权限影响时触发；当前待判定,FastLink安全负责人及对应资产责任角色,未收到所有者审核意见；未完成最终定性,未提供,阶段A输入包仅含既有执行端结构记录；未收到该ID的所有者确认记录,发现ID、资产/疑似环境、分类、非秘密依据、权限/影响、审核角色/时间、建议动作,责任角色认领并提交非秘密审核记录，安全负责人复核,交接后24小时内认领；2个工作日内反馈或说明阻塞及新期限，待责任人确认,High,3,其他归属及用途待确认High,5个工作日内初审；均待责任角色承诺,False,最多调整审核顺序，不作为定性或降级依据,False
SEC2-457ec972be4cf303,457ec972be4cf303b25e6c39bef3a5a3ef01ddf1528a2805436bda00961584e7,"[""original-file""]",未知，待所有者确认,"[""FastLink安全负责人""]",仍无法确认,"[""high-entropy-secret-field-literal-unverified""]","[""afb9cb5a12ea42caa6f6498e40e9cb75059cae17098aadcc1001c99bb262e1ee"",""caa2cf90d5b2cfe6cc06e47974f7e3275dd395b4d35cf140d5d4b2362c3b5bb1""]",沿用High候选；实际权限未确认,可能涉及认证、签名或应用共享秘密；实际环境、权限与有效性未确认,"[{""scope"":""original-file"",""path_id"":""path/7471481748e77f79ba872a1d""},{""scope"":""original-file"",""path_id"":""path/2c2163107ecc3713cbe3a002""},{""scope"":""original-file"",""path_id"":""path/d6d9f5001cfd14a6c992c941""},{""scope"":""original-file"",""path_id"":""path/82fe2e70ca507929ad92c063""},{""scope"":""original-file"",""path_id"":""path/25d8bfd561dd7f50abb3f31a""},{""scope"":""original-file"",""path_id"":""path/9a6ae5397358350c3d1fab2f""},{""scope"":""original-file"",""path_id"":""path/18ccb355ec196835147b2715""},{""scope"":""original-file"",""path_id"":""path/b22ce76747f18331a9c006cb""},{""scope"":""original-file"",""path_id"":""path/9b0a5bc4bad2cbfe5a3ff8a9""},{""scope"":""original-file"",""path_id"":""path/8140a13d742c74e23e529881""},{""scope"":""original-file"",""path_id"":""path/36a5353be3fe5261a5aab63c""},{""scope"":""original-file"",""path_id"":""path/1e663fb7be86af7f012fdcd2""},{""scope"":""original-file"",""path_id"":""path/f13929dc5805492e93ac4a50""},{""scope"":""original-file"",""path_id"":""path/1adffe1b1fa2ca00f56d7d7b""},{""scope"":""original-file"",""path_id"":""path/60d24e34693003609bac9519""},{""scope"":""original-file"",""path_id"":""path/05222ec4db22b915f95c6e8e""},{""scope"":""original-file"",""path_id"":""path/59ec0466c1f2c5bceb549266""},{""scope"":""original-file"",""path_id"":""path/66cfc06c0e6e48999ceae02a""},{""scope"":""original-file"",""path_id"":""path/898f3f6645114b55f033e9bd""},{""scope"":""original-file"",""path_id"":""path/7f23cdefe9a9e7855867f87c""},{""scope"":""original-file"",""path_id"":""path/ab7c60d8923832566819918b""},{""scope"":""original-file"",""path_id"":""path/0d41d0b1f52f2c237f27ba6c""},{""scope"":""original-file"",""path_id"":""path/2d6a5e15423ad973f78b1fba""}]",先离线确认资产及影响→另单审批→所有者执行凭据处置→依赖/源码治理→独立复验；本单不执行,另单核对秘密管理版本、授权审计与部署记录，并重新本地扫描；不使用发现的凭据认证,所有者离线确认生产凭据、生产运行路径、活跃外部服务或资金/核心权限影响时触发；当前待判定,FastLink安全负责人及对应资产责任角色,未收到所有者审核意见；未完成最终定性,未提供,阶段A输入包仅含既有执行端结构记录；未收到该ID的所有者确认记录,发现ID、资产/疑似环境、分类、非秘密依据、权限/影响、审核角色/时间、建议动作,责任角色认领并提交非秘密审核记录，安全负责人复核,交接后24小时内认领；2个工作日内反馈或说明阻塞及新期限，待责任人确认,High,3,其他归属及用途待确认High,5个工作日内初审；均待责任角色承诺,False,最多调整审核顺序，不作为定性或降级依据,False
SEC2-46fc133e45d3d2f7,46fc133e45d3d2f72b4f6e63f791665a87c9866e958678bb1bcf97e82f49fc0a,"[""original-file""]",未知，待所有者确认,"[""FastLink安全负责人""]",仍无法确认,"[""complete-credential-url-unverified""]","[""ea0388ea257b54f3e47d60e3e1ff1d7cb75062d94c89c7d3b41fc9272b131e72"",""ac192ca9163767aaf3e8f1a7eafab4ec9bb1d8a186dd8ef40d9960126dcab824""]",沿用High候选；实际权限未确认,可能涉及连接身份及服务/数据库访问；实际环境、权限与有效性未确认,"[{""scope"":""original-file"",""path_id"":""path/736141bf96d0d412c50eb15d""},{""scope"":""original-file"",""path_id"":""path/00c53c934c9768811739d425""}]",先离线确认资产及影响→另单审批→所有者执行凭据处置→依赖/源码治理→独立复验；本单不执行,另单核对秘密管理版本、授权审计与部署记录，并重新本地扫描；不使用发现的凭据认证,所有者离线确认生产凭据、生产运行路径、活跃外部服务或资金/核心权限影响时触发；当前待判定,FastLink安全负责人及对应资产责任角色,未收到所有者审核意见；未完成最终定性,未提供,阶段A输入包仅含既有执行端结构记录；未收到该ID的所有者确认记录,发现ID、资产/疑似环境、分类、非秘密依据、权限/影响、审核角色/时间、建议动作,责任角色认领并提交非秘密审核记录，安全负责人复核,交接后24小时内认领；2个工作日内反馈或说明阻塞及新期限，待责任人确认,High,1,疑似资金或连接/身份/服务权限影响,24小时内初审；均待责任角色承诺,False,最多调整审核顺序，不作为定性或降级依据,False
