old_alias_digest,new_alias_digest
f0db10acd69d9bd7,ec82244e7946bd00a2eff5b8
7461c566a6395a1a,fc35bddd02d08b6588fad724
a251b3d63ce51835,e301eb545f6e97e7ca075e85
6a85ef0fae76faf6,b86b1cc8cf5c682fe81fc5d9
fcfd0a521c3c770c,9a37e1f9a6fb0ea2d7fcb984
6bc91c24e022002c,73bd283ae594394e46f1f2de
846097c8173cffa1,d2a52c2e1167652245b59174
468e4ca38d4c5f96,dd24d4dd4be5891ee3d37621
94a1f1f4774c7798,7929d16d3ffaa8168f95dca2
6222df9feaa9d772,5307c92e1c07e52d6e834cdd
80f6b4ec23ba3d4b,e6dfe2a796372bb03569f648
bbd2eb16b2d0bf4c,a7fea56c75d4392952b0c5d0
2608f8b596e0bb68,fc80a4b064a8fc291dc1b9f4
203c7fe0dee279ba,cec1dedbfb69a21243efad54
6163bbddc23eae4f,9677f23327512da1ce2bc981
9bf1c0106ec13e15,4cf5bbfc4499a0babbc889fb
d07982ad9efd74f3,bc60f4770cf1a85467f8cc18
b2854077e6906dd4,8e748cc471b63bf34dd34aeb
8da2d8ea3e42c6f8,27045d3b9fa145cbcaea4194
9f8ca240c0fd311a,ea0578a953e6a18e5219e9d8
79559f471b2d0131,7434127ed0f3fcb75aec0cdb
e095bc860efa1aa3,9292df6ad55d97315b94c54c
c4630ac2c17a844f,8e2112728adfa9619a77a4f8
69017fc509cdc42f,492840b0a191d2c7319ae079
384431ab86154b53,42ed32e4b9d6e3f770bf5a85
f646aa84973a3683,5ad6a9620c7b7919354b093a
772346bc0bef2efb,a94b573f82c14d63fc7c3279
8cbef1742d8b4dbb,e65dbc2b3871d50b163a8eaa
6c8b824441b2786f,d5655fda6eabeb329f434f72
803ea82dc5a58eba,33b68ba3ffc8267fd706e69b
d21409a4abab7acb,cb294631a242e7addd7f5c3c
2475a01eb6e6fc9a,b069b2d8d6f0c696a66c4685
3d6a031e71f5e469,d2de52d46fc5b217339ffb82
a69203d46e6c6a36,269c7f41319bade0518c9246
c9f059e931b579a4,e8cc420d78d4c4caa4f22fed
5aec788ebc2bdd9a,0e7fdb2c10ffb60d55cbb359
9e3a6ca8964e8c4a,5158ba0e4dc55aed05d0ae1e
a95d0788b3361ae4,8548f7f07f0e95c7b7895a3f
043c8747ded31fbc,15093adb785dc33c26651018
aa7b0ed5c08087f7,4ae27abc04c7f63993329f9d
fe4e7284f17491f6,7e9afd954d5e28768ccb922b
e3ec8b1c23c8c38f,4b112e772bf63cd423baf703
796389161113eef3,7d84069a83de2450e8a8de8d
adbb8371f0b20cbb,0b44a5c1462b42d07533fac9
d08a83fecee2706f,b705319d2b4cbb76a9850db4
5ab2459353065328,9742a3afecf399527505fdfe
0cd819ad7370ff2a,c6b450292d2126650abe41b1
41f4e5edcb5447a2,9a6d3264189fc2f1b930af13
cc1cb7383038bb60,1060bd587b6b65230dcbb8ff
84afc367be8778c4,f6e649473fbabf3d6b50cef2
1343556a87d0dfcf,3af8dceaf1954cd5c32617b2
8a8b51cc92cc51a9,6aa050aba600bf2a1c2d2849
3c6508e0db0189e1,051b22c1f11ef737efd7c286
e15ce5d1050a6005,27fb3fc5a97e33f6fca54a44
23d3d99a6ba5a8c0,ae67c5b725515215432695e4
9f711cc11f8f65d8,199336f1269f565200933006
2f76da9c38cbbf4a,a76c105408987efb416a866b
6da23d88cb759918,856eaa7c1a951422bf78abbc
3d9c08a1012cc5de,7d0b89f73890c6af8fce2d86
4b434d1008c7d953,5092d616c1fd228977c41c0b
9ba3d3786ed444bd,6303d9ca73a7d6ee265535ce
70deccb1a53c90d6,55505f9f89e698cb7ad6f71f
5a1f027408f7e58f,fe764b873a1c5f2b49ee0b70
fa791804c70b4044,8c9e4c173c8d4be0776226dd
0aadef0dcb1689ec,6f42735d8bb469cb38f98c71
0e5bd69d72a45f18,df90689cde5c6799326ed7eb
67b2b1fa03225f37,1a737c4443ecd9edac549d71
868cf45e644f7561,b9f48a1cf948467ebc72b0f2
2d329b7f9d05675a,0e2551684db54508faec3ec6
dfd215626f8ab27f,1d7bc7b0f24bf4fb562823de
c500be1b7af117ce,9dc17aff31290908b371ca97
6021c2ed11885168,cf9ec8d241b29bd5f4acf29f
293c86ab86ba7dfc,2f5cf9aed08e29f988ce1840
eb7a7da69ed612d0,2916929b4ce4af2d6dc94607
9f82bc15bb724af8,1f1c4134e02e0f0f0e0c24c4
f5ec5e921f3d9d62,b166973e1bec8b736bb63e24
4e9e6583bbeddda2,ff45ba484a1f24d42d2d7ce8
67e46dcdeb385b24,c0aa6f9e55bac74228ae782f
f397d343403c9bb9,081fd9e98900de999dcdf2b6
9b90352498b40e4d,4e68d377b6172aac28d68ae3
600a413dcb5bab89,b8a4938e490eb1e22fbc1424
73954daadfb4b8d7,b256ec1ea79d16c66da0e1a4
ba0345026fac203c,9f2f37ab805345411c15a0d9
70a934eff9d1080b,cf71617392cb17d04be79075
2b7822869f72b47f,3b041bf5d1457dac73a4bf5b
7653d5fed2719743,726c902ae9956a10f6698c0f
0a6e326bdc7956a1,d75c6853effb628beb9bdfb6
43b67f3c4b3834aa,84302849264050404f39fbf7
de2181b4f320d856,7e47b9c80d250799e4ad716f
4544581cd98d61dd,effba3ab5ae1e6a34dbee365
a745b9b072288878,ab29a80b420029e8c31e19df
f6d898bda77627d7,40f1d1608308ce7df3ffb29d
0079017eb5f4251d,bf9a36d66ad56ea1e2103e11
35b68f2545d4e9eb,0aa9350bb72fe85e31f3cdb4
ca214221858d839c,95b79869e1223e69863d7ca7
7474f72165ce889f,e07ab82f57bf5468719ef5f2
549459547ff67fcf,88ac4bd8317acf04bdcf7b59
968a46d0812fc57f,291014410667f7914eaaa1c4
ed0cd46af033a2c0,c1959406471fb2bb650944df
7c3e9aab9656461e,31978a2ec84790c9e1746e80
87f98fac2cd65bb7,e702c1ae5e4e5ef33c28e1e9
558dafee82ff5b2b,d0fbfd4c6de70bb14857b54d
7006664995df7921,6c2f8769151404cfc77bdcf6
f82bcdf4ef03f35f,02e5943d35e207d94ad09336
5fef95b3626464b4,f9841d4eadfd184ea9e7d726
ffde266d1c6226a5,2998791011c0a09bc34205a0
83bcd1b119420538,4dc2fdafc7ffeeb3e5388d43
aa364786895cd9d5,3182b40ad02df555a464b076
9a808cefd1ca0c6f,3b128276ebc5fb898a944e66
dd4ba88e96c1bf2d,8c14adb87ebad466633ded44
5d5fcc1ee17b96a9,5ea480a8f9265a049c633914
1e7df90025659090,ca74e8a57c60bf2c3b76e00c
f4654aa5372f3d58,e9119a2db09b055bbdef104d
c37da0a40dea9e08,23cc3abc15346ad1060a8c59
fbc7626c56d26e2b,de2b2ac4c66670adb760dc77
3d06550994acf93b,b89c4cf0946ca1054337fe30
bf2ce76e3c22e0bf,8a702cd99b84bf2ace966ee0
80c5f9a18430cde2,c92ee9025a5c07f4da6a8a8e
ec5021f62aa5be15,73248266398396e66ee91bf6
0e8786924bf972c7,f3f64b0ba959fc80be054220
52d4cb8a61f1c859,22463e4bf9ca5bddb54746da
5a46e6abc79ae9dd,ffa8afdfb0350ffba9556a82
1784e5f5a4615e57,dee330a90a99a998765e619b
bc9f27c9a2221c65,38cb4cd5455a4ca2c024f0ae
999cfe4d17954ecc,c816062c64baab2f1c9b11e5
b14f4bacee41095e,512d19318258c7206f3facc9
16089289ec9a045b,6a4df930a02bb1e323a64bf2
c448a30d12730c76,feb9cadab037806af5b2c7d4
6c9118014f06b090,08e8fc4de8802b282dd8cd8c
69054094b7018993,bae4c147331f33bf3a9f959d
c3ce57549a3e4bd5,bd0a7662c28b576d6a8f87c4
0fea029a1aa6e937,870aa6f1b22b04a7edcae458
3a39524ce29fbd73,3c627db74cb1b791ab8d7563
b1a9e528c6ca0fb7,84d2e6738f446fc918d76c3b
4d576df189454bef,08efcecdf08d7a273a08f142
617180b0e5e69ae2,ea73223ebb80f15f81bfc39e
a2a8cca2ec2af977,a9bb9dfe3efde1b09ec73c01
9d6fd321f0d425fd,7754ae7647d7312904cecefe
b439bb9f3627f637,026dd7f481eaadd497a72e10
3f8fb5ed10651f59,89aaefa1755c220b7914f104
cc54c3059214cd1f,4bd4c250c773d0c4e8566fd8
74bbe851737b8007,e24b97311c5f21ae654633ce
84902b64b6676a0e,4ae030b418296a1bda21d731
c40083a973fbf185,92804700b0e754794ae7fcdc
a86aacf2a3b6aec0,3ace81aec58c5827f7ddacad
12d000d8c0cfa2d5,6fad86f43aadc993b4970920
82219ff6bd93d51b,4225e19c644876cee2cc57fe
b9ffca91c746a7d0,6ce3ed95abf06a1df2c50ea5
897a08c379ab53a9,6d2ec649cb951eb3d82e981c
f5a7b5f964e4d7ce,cb2a966a1f3882461fc9f828
82914347f5424430,78f9c9d68b2f7fdf7cdf9051
583008906989f91b,10337fed0c718ee0022ce5d3
778ae0095d32ce06,708033dbeb32df03efbcfd6b
ba8e497340064b7f,d7812d12215ba57c7b0ed7da
717f1ff63f536d44,a2698b8e4feffbf2db87d31d
736f5f88d381767e,d72cd3d73998925de850eb9c
ca4385e8c4874b8f,ff5905cb84955f9614885896
4c388fb6b326ca82,c51b8d20fb420444fc6c1389
dab00cd3d54ca26f,444aa197cebf7c4fd634d0bd
2dbb49bca3f2d362,75f8ae17611fcc64e0734b1d
43e1c9d71ec77feb,19b57db6b11835d4277f35e8
3278a080c0bb90be,c66f9e180b0c20be42d3d34d
16fba80c11e801e5,5fa0d5574d7158600301b0b9
14f1ee9099af0b5f,507c1c35e543de0a1586edca
02a2d3a39478c6bb,fcf3eb74dad0945cbb81d759
4cd24f187989a4b5,7217e743cc2ea15f8043e272
80c0386336fc5b6c,2088e682633aba5d53737378
9a03c8abac1f111a,895f7f9c31a2c68308a51614
dc8af18ab70c6b00,b5c9928bd4c5a5abb2547128
872fbbc1afde4a87,5c563fadb31b40d686e66048
54e0fb166cd5c08f,9efae5e93718bea05a5791b1
8170d605f92c94da,3df2001c03bd0005dadf44ec
a3a1242c08306602,cfe5091fd32f5657a6cfbb71
7f998431b04025de,2a11c36cd50fde64ec3d99e2
fe92a801888c2bf7,b97760b402dc732d45595f61
c09adbe68584a840,304a3d7d7fef8554c19c633f
3a2b5c089b7cd72b,01d2b892a44027e722413c83
c289f1db4d1d5d44,7687c95df9305770a311d361
6030be028b629c84,6302a39b70bb1940eb3b8d6a
0c897a7fad7b7060,d0ada7e67f4164133d558cdc
fae995013183b6c7,2695fabed6cff524a415f887
26383c293c85c4a9,6a1d3360909796d3f8de952c
cbc1d4604d1ef600,71dd94172a7b4ded1114dc5f
691b6cdb5f5f5f0f,7941fa64c172391ab8026d2c
61bf3ccf371e62ab,9b34e4f159b5f84b8aefc21e
f1c3e5610d36e57d,9e94a79f256bb94b751cf9d0
f8817eb5a24b5934,a3f87c58e297d0df35b0cbcc
3bc8a1daf8d9fb5e,29e09092da9db1fe733c708a
a80e8a4c4690581d,4347ac7db060ae4ef1554a92
e47387214a4e12b5,f779af073e6f6a9d19c520a6
531c0cb6e06fe267,8f73ca742dd7fc9c345d5ff2
df6979a10ab30d50,7bf7e21bae52829dc1d79664
938d513c71569930,7142f015f8d5ad59698e87be
adaf41b6f412bd6c,4639ca9b49329b454ca0588f
3093e627db8a9e74,689547e428ed1d1a56c4e43d
2af9fe825da295ec,386b30aad0d2696f786fe277
3c1391b1bd59f527,dafee5c34b2884d7ef7035ce
20a0731250ac56bc,06a15ec8658abc4f15a9ee9c
8c40d9dfcd52a9f3,451ba5564f90129e86373859
30f467a7cd4ff7b8,b21f0327fc6edaed44d9da44
d3d9c6120d5649c7,80c71b4843c7cbf86e16f96f
378bc0a52ae56b6f,a24ac9f599059f7b4292f8ce
4a8c818e6172ba07,7b8f36d43e8a6b749de4db23
0ee1e603954d72b7,75a4c53e4494b22901c4bdd9
4f47d9fcfee42bf0,d8a8250a04094414e6048b69
24dbc078d6b1b3bc,693c6e5dc38376e27e3b0361
07a70d99277f6826,4c1224a36c894f800600821e
b4cf55a617b86441,82313d600c8d0793e5c319c8
298bf0e810a413e2,d8edb63610c13a8650b97fe1
b1300e91469dd924,930edb8ff36afe09a87f5a6c
c85e9b66775d85e8,154765dba7404710fc804d28
2aaf89de4ba3575c,20567cd7a6fc9781acfedd8f
254fdc9fd30ad5ce,55f02850a3bed421fa8d2db6
511eccf4bb5ac621,eb7e30f45f732bc267dc9349
f348c566d271659b,2bc13224c4673d550d739c38
cd7c0e48491231dd,264d6bf79a8597af8580ffd9
39d72cd87d92eabe,29f5f75ad57b4ced28e63f18
5435832bad2b8e6b,47e1b725c1f30faa31714da1
6f63897382ad68a8,a81335441c6c0ef516f7b8ee
d4f7d833366dceb7,417367d31d2cac591606364d
663aeeb33b389a29,a0576f560821bcc6a00a0e54
d2c6941d764b0b4c,6b6e317ce563aae479560ac4
1da61de224a36d31,fca2156fa051ff8cb62daf5f
837c342a8dfe3dd7,a00ed3c5e345b3e1482b515e
3242db9842f28689,62104c3b810170b6bfda400a
5efcedf409f136e5,6fecd87d1e3ba9b187e4039a
7bf31f1a28ed8901,cb28b3d658b054475a911c84
b599641980bdafb7,c4033699a3bbc3260135cb60
86275e491169865e,e08bf17f1d29bbe53898fc9c
5be9517000b45fac,4c67f422eb89aa02d81e6518
a3b7247f2f88c793,230de5f728cfc06e5f59de94
11ef26bd2e6215a1,f95f4e816968b8edd39c697f
fb740462043583dd,aa350fbaf39e6f671bb2e6dd
0ac298bb47aa0672,b4b509a1fd7064fcb73ada11
ab30ad0d8199ec39,553ae809c7e7a033e4e08144
692518e6a1628a77,0e6e56d6853e8fb1c781deaf
db9380d4a64ff9ee,d645b00f4f0e1ac6da8394c3
b21771f80f3f5c7f,ad9eeffa82b313acfac99dea
d3983d40d7ad1357,df7247ff5194f1f8dbb44935
563e42d971ca98ea,26105c688a32fde4dabe41ec
fbc11e6cdf34e809,0aa59d41adb0419e1c7fd056
46e55cae8c3570a1,06c99d5073f970f1edf222ba
228f88828c6a2757,5da79b1297365e4d4733298e
0e24dbfd106389be,03090c9bf7a89132b5b300ab
5852786b140da3d4,61e917790112aa8ba9242564
36bc760bf4bdb601,a8cef378db2c5da431497103
f77e5e40b90ff0e2,431ecdf92e645351de4db80e
513eb83c45226966,ad9286f6809a177437529e64
a355b38ad0d554dc,027506825188f62aa2ba7238
96932fee2e5841f0,5a048ddffdeb4aa7f804cb38
38d99718e2bab7e9,e81effd82e5fc4e1627ddaa3
c78911e038e3f70a,5965b189899c24959c6605bd
8414ff5e98cd9cbf,17fedb2c72a7c2c029998063
04fb942a0db56362,1105859805e766ad8d90d5cb
e5464c923eb53485,dbdef93c45ebbf1dbf10e307
f9e66f93ab2a8866,cb6909f38b58ac9375273d79
3f8d87b4af0111f4,04a560acbf446f712d9fe3ed
6cebe94e9405564f,ec8c20a7b45b5ad32cf32c57
703bd5a9a832a16c,9a46dff53f5760a15012e17c
46b08bf33234710b,1a5d78e87688308cac0b8ee2
694fafcc1d73fbb9,ca313d80f0d2a4e88e13257d
6a30c9b4ad9749ec,50a82f535d6a07417c9c5cc6
130261945f68e568,a42e8bd3cac3083d9779b94a
7acc2a1a0babfd75,3e5d43601d531f8198fdcaa7
d903a17347f322ec,5e8b16d2a5e4320a7ce69cd8
897604ce5781d42d,c840b36c7fc86f60829aa6bb
01afad9b3b32b855,863d45bdb83fa7361252621a
f1b310d8de39509b,9592262f364dd3be632511a4
d4ae8b344a8f337e,d4121d91abcdc070de394e39
4fb573ae66362e3b,dc8437752df2bc8bf23228e6
21ea9ea4c4e53f9a,141a93f29414f9fb54dbf1db
3db4fa9c4077315b,008137139ba0028a8f9da2e8
411f4d17387d7d62,554e21772302210ec36d027c
a7aa97aa2a3897e8,0e613e35c4528d7222b37781
681b9157996a6075,d86c788395eb4b08a6cf5550
ec7dc31afb49ea23,c76ffaf896c4d060b32713c9
2f5489fde98d8c07,803c7a7089c278340e302899
ad312f2df7f882f8,62b70bd85de4294955ca3e7d
dc2ab0831c7e840d,530982629f847d514ff2774d
464a42e783f6006b,b34b80e87961bac18a9b62de
f75f783855687efe,96a878a6456f2116aecaf7a8
bdd251ba85570dec,b32512b748357b207e36a002
80cf8e8e30e46027,2d7a4a623bb5dba17de254d5
b90198eb9f425ed6,84cedef8b7e0924603a3ebab
4fcbd426decbaea3,0c9cf0c277a33856423fd618
4b995823e996cf6e,a41db5e298b008b144d639d0
cb45e1c0b7b5a1fa,58bdee07e98bab74337a2f61
e1332b8820f15b1a,4b494447233b25ce20cec3c1
328e721e183a17b4,89f57657cc09c361109978a7
0e8789d5077d9696,e11eca87f0df7938f794d944
a835dfbcc7f2954a,260ae35282d2f8b257bfc453
cec01fc76be7b3e6,d4cc32e77d22776e64e413fa
182679e1f634e61e,3be2bc51fb25adab8de7e1df
775bf6b86aa9562a,ea24751a734b060a0f3b54a4
34bafb66f101a4d0,7a963b817a7a1a7fc24d7782
8c10e4c5fcd9390d,7faa66cf0accfa838d7dc0f2
d8850852b23fa612,af91bf9706c90a57b3db4c92
93223aa32a02b2c8,c7fd4f265c2bd0b931ed398a
33486387755a11ba,ed8b3c65bb5daa13c4ea54e4
85a3b26082ad633b,ea06e02f732559abdcbb21aa
90c30ba6dc0c904f,542cfa4bfefe30612c8fec89
722373cfe9847564,7ab3ef3c41c43e144a2b5d5f
3a8a43f82b734963,ad15271860c4a7d9a906c3f5
26129aab0da5cf7d,b0b0347edaced18c46c6fecc
2c1a41fcdc3064b0,e79c1f1a87ba3d33294abbb5
a4cb878b40f8b8f9,940b77c925f64701827ac216
63022ec3231eb050,ccbf15457841311c44640b2f
59eccfcc0ac8ceab,60493fe3b03a987dc93c177e
150d12ae065341cf,59f34d3b5b34a7f231d8d4c6
1f7563dd72d15d7d,8ed593997ac04d404f3c8a61
76b5a0497e02f514,fc22f3db0f8f022d7ca03bbe
d2dfa6791c9f5f2d,8a9b382a2ed956f3d1106456
218558c540819b36,dfe5d861f8cf2cedeb40f54a
a6938447fe5d9860,b0a7a33681ad94cbaa56ccb8
4a26c81c97831746,de34eeecf13090d4842064ae
5ac07645e20cad0c,07913c3fd9c94dba09e4d098
960c168400c020f5,d62ed2b390a45ef404cbf1b6
7d716e23b9101df6,b90262c1ab5135dc4a244dce
f046606ab11a88ed,0d1a3fed97c083f2f6528fdb
c6e707aae9734bf5,935673d1ac915241579a1ecd
dc23c3c432526aba,651878f1c8a17a5f8bbd5673
dcb90f92c3ce12c2,1367533fa911e9569f95f4f2
3d4911cd4a34eec7,49e8635ad0880bd27ff7e176
9f26a7500e9f1728,6d69375686648e57ff23f4cc
a36975f55248db92,8799aa7ef08b3444d3ab718e
0aa2140cddb11265,40dd952404e5d9df589f33e8
1d81ea4e98487579,77e2397c7b50378da37206b8
a2c9192460dd8e7b,ad078183e2d2fada901525d1
1aa19b00dcc0a6ab,00462cbafee29da333a37a76
dd5c4a98472cc5f6,82adcd1646a77a14fbebb4e4
f0b4b96c5c06d35a,6f7cb308df0a4125823e29f6
8ced1a2d8c3439c5,d040ee5b61c5bb5713bdbcbe
ab430089b1016ffe,6a658e843b39f3d9ec473a4f
a5d5407a846a7a7a,82f00d3888017e0744fc20dc
4ada3fa4d29be567,614e8bbe0ed0c20d5d0464da
2c4aa77969ea1707,7ca14f641f5edd6979ed883d
06005bd972274641,bd62d25a1a2c400079e9b84f
837d3cce49727969,33a15488d4835fbe69397daa
fb2a5bb91b5c4093,d2f4a4ae01877dfc1f46fc33
7f5fc29d5edc1f35,24eac4bf29003aacc2fc6d74
516d1c55bea5cfab,8194cb60ccbe99bcf098916b
d80f3096fa219777,7a3475a9a2cc2ef403e15f18
94940a14434bb4a4,dba8b76e535a9465b311ed35
d25ae5edf864de37,0e11458497bdb9540c624513
5366770fbc3c9b47,6e0018c079db07d2a5595c41
f03faa5c1d301f35,1cc0ea7ef44740c1a903597d
b28183bdc6e79c85,e9c7a348a7985c9589668718
487d3e6019588bfd,b6698fd8f386ec4e82746a3b
26ed99cdc076207d,5685548171b0a96c26283ed1
fff46c4ff2e73883,2ac2f0fc45382bf5431b395a
65bc82ceb54a57f8,91b6a473a5aa8561613e6fd4
61f5e2302c8e5515,c2d26b2e9ef72c7147e17d78
e2b4fc1bf1cc8386,dd7aef8af99520f911d3a35c
27822254600dfda8,851bb9424a35079af397689e
fefe0e2c4d0bd571,146b761b22a3547ac0e34fa8
5e47f7c1b10ece06,18bd05342fd5e0032f85fe8c
08f2f5ba06884286,78afbdcd86f5843bc80456c6
f8eaec838fa45c90,7df2d2933785b733e2a86e8e
fb89d34ddc821505,ff704812cd9d7243bae61f8f
3618ca5ce238b567,0585e7ccb107bcb0b2c65d4d
5fdd4207d5c506ef,4b172739a64984d196babd93
2362e8a489dc4a2e,61f8e7e4af767c1a6a7ef04c
1332c4e75f88f666,907dccecb20de2667e285592
6070890d45c35c84,da9c2ee0b67b8d4fb2c27e55
35a9b4cb8921ffc3,ffc647e3ac486a70b48fef99
cae5866763881326,bed79f8b82b385b98a100ef2
d1a2246f11199463,a9b9ff0b84dbdf5dcfd03448
91aac4ea00623e28,e08e08796944fb074d1568f9
9a00d61bef041dc5,25661a31f393825088430b20
9375b7fe60a341c7,b1ff403ae4d6bec8d0c40edc
11a1c1596f29a1fd,57d7abdf9323fc097b74a55c
d740e6d429d017a1,847927b2022f9dfb1bc4421f
c80b33c1546b2bf6,4b29828c0fb0bdb642fa0143
428880af7eeca4f1,84239adecac9004419730549
edd790da996d7198,005d1a9982a6ebe260772eef
5e033cd24449c8bc,63024f4169fe0f48bf3ab8ee
f40674afecb7d715,b69f4ed9db667d101ac5fee6
4800a523d978d34f,0e14ba273038b309c5fbaa9e
642d9a6bd202725e,e508b508d735e2eae8426373
1461b6535a300de4,7c64d98199bb2f12fb6aa777
3a2e3af9330354d8,5b7156ccb49e7d715ceafcf3
ab83c531d8165d04,29ab3cc6c67c2f8b39074b66
2587b387e9b4c976,c8f687bd7a14634f3b2a4993
0392b88ea8f2e28b,0b11c8a9c2aeabbbdf98cf7d
9d7cb4d0351bf52b,d154379ec05930ef9ffb4685
1729d04f4da8ae2e,d82a301d575f68dd2ef80f0a
aba7fbcc1cc7869e,ee1559caeb46e1cfedc03f96
0eb19cf10480de9b,a4a32a1953d05cce45b398af
00bd1812444d7826,d703b33a1358cf6593da9e2b
04222422836b3706,2953ae35c1f543eb6c22f7db
d9b2311e3391cbd8,33d36e25f46ac4641083f3ec
2e5c67a96aa4380c,57e2d785709acd82c882f7c0
49ee066867d71280,6e7f229b4fb4a72b9c2146e1
b9eb9f922f61cdda,c90572454d458f720ba700f1
28c5a12924aadb9f,c642c9298533b7474633de6c
2203261013e5b287,b21af3d940f19bd1a7e2cdb1
17714fe19859e4cc,5a8e977d3fe6a35351a9e2b6
3d3757518fc966fc,e569592b961fd3ca626eff1f
e583f7ac43a6bcbd,0af7b3970a29d754221bc1dd
2b2dc78407e7613d,12b2c60d43c9e2664b4b9b6d
4a1b79e5f8ac99d5,ba3c52d62d0feb940c5e0fde
785647bc71d3b708,78db6038b6fb700826e9efc8
b566b9f7e56ced47,f3e7083426815d76fd40d22c
83f2bde0c86630e9,be31c2125622ef73bdab6960
19d14f3206f738cf,962de9ae0e95641325676613
abc7968feb0e3360,bbeba7e78a30336206112253
978af80a507ae0f8,c24a0377e5d653a1877c83d2
eb33b81f0f1b5c1c,389e9ee1881dd6765b976a8d
f672a08ac2664742,7d55ffd9abab7da9d324883b
3be98e2882c768f8,6457e3eb06f58240f2389ff8
32146a9837de8760,ce6ed8b3916ca88d2b129e96
78afbf87a41450cd,17600ceb44d14755ae1e2a58
3743b42ab1eba7e7,ad64900ceb149832371de415
40967f3fe7a4dbc1,0a0841029cb237f4de989517
a9ce9f82173923d7,4f02dc5c8b27e611701555c5
f546d7b831254b02,cb824e6d75eeeadd8608bdf0
6adb643004136f8f,14bf5b596fa680bbc29e32e5
8a7ea4959c83b5be,bfc72df2c7c1d9b30ffd8613
f482e28a3b697385,79bebb255184e88265acbf9b
3758ede076c274c5,61b3f70e56afe3729451bb14
a37023bf3815a6cb,64c5e7056e6cd6ac6c21749d
f4458cfbb5138595,d20f7772e97f8d541f4f15ff
f7da935aa410328d,fef051d0a23d6ecd52009b09
42b98e8b0d58836a,488ca157d95ecc11be2a98ca
6c6076d4063da1cd,274302a2ee5ff9701250fa03
8df7e80df36f7ef5,df924055b5275ea5747b6e22
b681adade187aac0,98831d52e817dfec6dcb102f
d2453f544e67d0f0,5f8f50a53adc7d246d294b82
82ee21bbfff27e5d,fca860787f4999cd8fbbb6ed
32e29f6edb22cf1e,bb27cdc45167c8b4f36ba1b3
c442db2cbe82f1b8,be0b7390f082e7cc30d7f480
d8fcb44b97bad325,f9b27a0bc0ce6e1c0bfe7475
056447a22f361ac4,d832e4a4f7fcff8cb07a8dce
fdad25477962176d,a598941592b85929a092cb93
30ffdeefad00e44e,5ac63022d75252b9e2aa3878
b0266ac6693821aa,a45ed72f69004febee308db5
8356789f635104fb,13bd905852471f1ec8bc978a
0cde08cd94488b63,bc6e782d23d72926c917f09f
da20fd2be89a2f6c,bd2252bee7c9b571737c0b95
65e3da28245f310c,9556636c75975f93e48a63c3
408908b38fddedc2,eebabd98a6bd938ecb9f13bb
caf33f75a85b5497,b0765c86e6a456e6ef4c74a3
f2619066af7accc0,7623f0785b6f17fd7fd7ce36
c7f1ef0e53eeab3f,573729880a0b414e6c490c42
24b3bf377dca04c2,e6cdf1be406fe819a3d6dd79
1a52c2ed040f7f66,050d1e0d0b39ed65553ef5bc
9eafc73344456b2d,129b20f311fbf860b4fbdeb8
3db427fdd36e53ca,ae34b3ae9a6bf9dbf23a3b67
33aeddfdbc45ec05,d60406237e5bf9ae884e5d50
4d14fc739fbbf7dc,2df12d06d280323edf8ce836
2236a02d32382913,2ab35cb10a86434159141f98
9cd17fa9a0f8af9c,50090f66b195110367be6b01
93b98c44290f4d10,809e5646968cc6131b07c3d0
f41855d1d37f49a5,4682d22e4d033d344960516b
274c9d45d61451a3,274cdc958c10143d8f4b3226
3286dce2ab800e02,11f99435fba1646bbc794602
f2e9adeb63b0b5fe,567a9a41635ab0b44a63e664
73cf90fed0f0bb3a,4c5fdccffd5ae6669a779246
9b5d2f9871714571,cba2e8e92040e115ef7b751c
09b2fd23ea39ccd5,04675d5473ab078b0563d791
00e34faf742c0377,0b476ebac62b28e3a6552214
595ee2bfbc9e2f9c,764156b21f82b34950bd8ab0
0068238aba2f12d3,b8c7d2b366e0ebcc83abf504
f017309fd15f6bf3,8c9424356e8a030963884e7d
08a76fa8356838ed,7513d12b1acbe97a39708991
d37dd3c3bf832753,df80398e1db67a5bee823990
e9cd99c3324653a8,cb7e5e6cc858d397e6ba8271
c36dcef564e33d01,4e6caafe809a33cd31b65d19
da1c20f16b7b073a,83eb5683a633af7692bba634
5e6792bac19ac609,6d8094ae9e2cdc4a6cfdcb72
b7ca941ce27225f0,304b8caee602d3d43cf8d20a
6a61b73b61a3c4be,9f9174fccb3c8210de7a89b8
090e16965e8ed5a1,6e4a07e7d898f2a70f407032
ac652cbdc093dd6c,28f564fa0faeea5a115af579
4a591d2d65e2c096,e109e80c44a685dc8eca42e9
1e4ae5483d08602a,8b5c41c7388f9b4cb9ffe8d1
6da11eb1898a388b,16835cc4b19ad6233dbbc534
53e04223b5f55008,55edeb486a4898371c833b8e
cf9e045ddb9f8a34,bf0464af2480d0750a698e02
bd47e9c219a4a581,f9c07e4390848b5009a46012
cb22865e888582ef,1b96be386c0a2514df8cc5ff
e4f48756a9d2f0f6,8db28180b3e8e6387c91fdb2
5f8a6f935c24c4cc,a42dac01056ea1f5f0465b97
d3375730bc26eef1,b2b81e410f5f9b10db35a282
80d7dc49d6874df7,d1a9b4529e922035ca43ae3c
161db9cc4fbc057f,ccc54959907187a5f1de1e72
eb163682bbbdc1c7,8d4a9fb12f6b72e6ca961788
6ea9b7503e87be11,fdb1af89d7f1fe1af9dd93e2
4b7cfdef4f37f2ae,77254f8c6b4b0df47c4ca21c
056f5220e4edc851,561eba35959eea40dc0de075
afb7bc1f13a2519d,16eba554a225bcb4b5f9f3c3
0c51e1034c516465,a91006bf93a7ed4c79bb2858
28b5b2d90a3b525a,8f9196f61cea15506506c0a4
b7e5b2135b997816,9fea7fba87a052a67dd18e4e
f1e060e1f0c5021e,0cce56f918ec747b3305399e
9eb13b5a96e1910c,79167d03c089a718a438769a
e75e4790a0186b63,0e2da51369edaf156c90435f
c67c9a16f9f55e04,c5319c6afaf615697f6b87a6
d3ff0d2aca6c46b9,566e35c91dfcdbd6fe08984f
9596d4be6c03256b,4b9c8c56620980b41c860cb9
95a2f281e7796f55,b18f7d89ef621ed768b7a315
455dcdbeada7a8f7,19e3a4c6d9b55c8d65a9136c
4bc1033bea4bd51b,d637b3330c841e0f64d2ba06
153ba7622b0497da,236b42d21e3d5b8ad4cfc6b3
03e2cb7a0bafa40f,ca9782c6833cb4156e419954
9ea328e024eb8fa0,d980de43b20bbfac471bafdf
ff1b1a6b9b0b79cf,3ff88a416ab78bfd628c84aa
26278eb9b0c10940,0b52101e1b7b5b181ce4f4f5
2f9de47c9bd3c8f2,75585caacbad5cccd7dd6552
58635f3f059153e7,803c61f4433f24db10485e31
06cae7039a9263c9,81924e41f08690a8fc2e7812
823b8d729e07ca5b,ffbdc6fe9f2413356eaa2243
c3fdc62a9bd1f2ae,ce110a020cc81e39d672ad8e
22625ee13838ca71,d2d80c3bdf0be071954e085b
50af4d839d6b771e,7bc5645ae18eac5bd4a481af
c469fffc76883217,f92a9aa3ad4fbd76d2eb1785
97447b9cbcae4ddc,bee62c7453580ab666c4be76
42a0d20267eb5ca0,7e8d662c697e8300f7b9352f
ef59375564c8c573,2772c377de667b2137319a77
3c8888d1af196294,1fc5260e8314b1b6c18a7840
3bd8f2ef6767a303,c8bfa3b2b07269d7e56ffd65
749abb040daabed4,245b590ad28267a7767526c6
4dd7d3aa9e59684a,bd85e4b46cc66041c843a5fc
2dcaf8056cc17a6b,e688793222280dc0a2ab4c9f
85c97c2f537f777d,1b7125e0eca32a7fc3dcbb16
a38458055930b714,07f3b71933aac2527b80728c
ca3719133f0ae22a,0c24d55b375698a58f71f02e
92119634a919628b,bb3da6d825f5296d5cef0120
0094ff8ef7e620a0,b8945c5d521f7a6ea13846d1
63c1758e8e52ae62,d10652a9f7c6a21282aa53e9
d1756cd07e1c83e9,2988aa16582719715ca858b7
6a43f8c0dd13d241,70920a9148a9c76d89d19179
f594a47f0f6f310f,afa94982c0edf94b23c4a482
885081cbd657e856,4f3fe4eec6fa323535c42b1e
c02b432d4d0e1527,6859623eebbdcd9481c3719b
b4c0d0c971e6309d,8cf6462d65cd642b844b88fc
af70136d810a7ada,5ab57c45a3bd62ed69ab7a3e
7b6378351a7e3496,4695c003ceda659412e9e776
a78b4315451ade29,1d68a6e9f2483f915226a427
9e1922d17c5b2cab,246c60cc22442b9d3a2cb7e7
9304ded9c5da5dff,acd8fe0a65997fd826e41e98
fddc9f7e468b0c3f,458a3a26826c85a0630df011
734ffd49e97b0eaf,e9f91835f0af35b084d77afd
6affe52f56ad7063,a58308dc2c88d1d0e765c876
5e4270fa15a79fe8,82cf3f13b1089e18a183c3bc
9baa6a991fe93479,34c89ba811e2b05328e970a2
922b3163bcdb1cb5,94808e9ea7a2b270726e6271
e84415eddb42542b,7665f9185a5f671587f02f04
9ce34360c8d4aa33,d028599075789b0ef30b60e0
28daf860cb8e1fc6,54a9588354395cd1bac19382
c7aebf6933a44f3e,9b74a3748018025cd023e078
cfad1dd8b527706e,f844c2af436541aec1a43527
5c62a1cb37d4fb4a,0311d27082f15ece2ad1d7a9
c1076049acbaeb6b,a8ecec8697c57a52e2be97b9
16303ef0a634ffb5,0bd6fb3026b67fa45743cbb3
4f409d667eb700ac,f0cd38d62f0e6fe8dcc6cdf9
28079504d7354ffe,c3acf6b0ab4cd0a432cefa02
bb83e9a37c1b76ba,9e0efa8032833c7c16fbc10e
9d04cfc9a6bfc89f,52b688f3e4ccd4ca70e47be9
42f0abe0e203e33d,c4960cedf261bf732307d3af
174d7646c93334a5,36f594cc34581f03f85e16aa
a32918edfee4c3b8,eb04f49ef037b1b73e533575
4f4f4b0d85d6ecb0,9d9e987b786528e8244ec507
67790bc471f55e29,e79ac95721a7076bb54e5f15
f12e6b87b600c8a5,66f202030ebca3e4c320c735
f46840ab74aca38b,d7ec230c497574b884d4900c
e3dd0d02cafa79d6,560cbf702f2df09ffbab129a
3a58cc386ed1025f,943776874908c78c80dc4c57
64fb94a6d7f4a9e9,ec445a2f0aaaa7f444454b5d
697235782c0afc10,a48c926623de1531d498cc23
4c8780076a20a278,d6850932cb32c9d90369d2a2
630553d7f8974a1c,0af111563c6b5790d3cd0725
ed8e587e96361b10,fc9762a1deba904e307d691f
beee0ea9c42febdb,6285b6bc030abf652c87da8c
b9dfbc36eef26162,5d8992dd12d1e2753e074504
abb755a562722b2d,54fbfa46fb300b950f688031
edf4a407aab45d50,681f8e00c78129018d0f4851
000c9ae3a02edfd3,308916894a96a9609794d876
a0533783124d9464,7318fe9efa38a28e74325cb9
8f7b0f348ada3956,45f7a28c2ef0a94667689ca8
40be2716956f6d10,89896bf8be746ec3b17cc2d7
c8a0ae7afbe1bd3e,09ab800ee2a905d61cfbbf9c
9eac39f74a20b7a8,88d1ed1988dc4bb090633e2c
b9f32dac92b04017,0656a540a22ffabf22edd676
a7efc5d1d98eb3fa,90e18dea521667336ea0483c
3e6b326886c29b91,af5bc35a793892375bfdab52
2409bbe2e6bbf587,fc5265ba19569feaecc94143
ea6aad8b334c62e1,fae98c233f4e24f462b33d14
128aeb28e945475a,1666ac4d0c7e0edf02fa6bbd
da764042e9dd8396,8a9d798bec9a3a690ba51833
b4193ddc7b7f8007,f468f96f1b633a3338233908
07c3fcb109547de2,efd1e160a8ee60a60f183f7d
188046becb5d8b12,88d311b1547a54b846b2e9e2
6a5359806e7b6b7d,6a2d9aff90da5ddcc76f3df3
6445e631ea024382,7825ca46d63ec90e915c272a
5b5fea73edfdd309,a46e51891c363c21f8e5cc24
b445ae52e914e618,6673f9c6273bf12d092d309d
342cb99b41d79141,8030833eeaa7c7929b48bde6
9661ba41c00a1b69,1a0b2d2c7264359594309092
3ec09840a70a7e28,e952d615efddbcd3b57f6d4d
3e331d6aaa395759,db159b5f02ea3f1c95183f88
1a2d584b153f1522,cd0a6ffa5bfa2bb2439bde51
3f1d57672e738d86,39b9137631d1a4217c08eec6
9d9649ba72e762be,da52e36a2dc5afbe3ba97d6b
b19ee90e40cc3508,2e58b38d60921b3fd80842f7
df8dc9a9688fdb1d,11be8f8ed03fd945c88f3b64
ba0ff418af5e28ff,1974ea4a1367f62a6dd10d65
856f1c838d2fc71a,7e6b43d51eb53fb39d7defdb
ce2a07b25f06d8c2,786a5d96c34b0a0959bc777e
a42a2d7d2cc13ab8,f8cf3ab0b16a476a7882c5e3
b2e420c4dfcd8768,7500751ee762494ef9a22c34
3b33b56bbb6dcb1d,dfcc83b9a073179236ca0f52
667c63a58dbd5e1a,597caf9ad50ffdfa74871818
eccb28bccd09fe24,cb4bbd9a1f351596acb3e1fe
d1152e377e992719,c436635a58b40e7f416eac94
3d02b440e99ac49c,c01faef58df2652bab5f471e
541d47072274380c,0016e6f1ef25a9c632353954
a3eee0ab8d1942c6,bba2e9f7c8a65e524c02b87b
cd217f5138eaf389,e5eeb308379270b4b1fd6f56
2e2930213abed9f7,eb040aa5cfb4f8cef28f805f
b0c217e5e89cd9a0,02d3ddbde9c11bca95922826
5c597cefaf29f6d0,85b41223a0283a7cc8d6432e
ac269406217df2b1,5a6c1d58684510bd95f3bf8c
c2ab98ecbb4ac0ff,bc70545174deaa779acbe52c
9a7ba9551303cf96,9d463835068289b999328351
bf9a47f877210f44,4bb140dc1169f2344e7a04ed
0fa29c85d8833150,245ad226d2b2c30f6bd3ce3f
dcec5144024c080a,23d40edb0c9c42adf57a4771
8aaffe0d9c8b7004,c99c2c8cc65f32b5877bb233
2b93095b94f09622,a13640defbb0df4e076cf288
dcc2a04ec5559af1,e46e801b52bb09e790dba964
60d70119ed5f2e72,f039364e1fb1e31b388b890b
3af0daca6d9616cb,28154d9b95970a1a72104263
90a7ccdddde5cf69,dc212804a83e8fe64ecf96e2
2678531638c94527,9b590f4283c9c66b16b07ead
0dce6baa53352285,36a5353be3fe5261a5aab63c
7009f423ca398f30,0a4cb67a897f979525950e98
c0e0fc2afe8a3d99,bd80d98254516b5877c96152
2459bdec7e42f7fa,4f726cc791ff8f2f9f2cc784
6cdb46ae1a756bcc,5b083d5e7d522fa33d4bab8d
2f0c8ef2468b7a30,d47f174237bafccc1097373f
e3b4fdfd2d3341aa,7e11d31f08fee50a62139126
b2432a202dd3d8be,b8de359fc659562ca2fb35bf
fd8d80d716b09a7e,ef26fcbe820d7aefa322aac4
b73d108a74d48c79,63460b88e44200dc250a0eb4
e16ab864d37be1c7,12ea00d779006e8b05ec548e
04542442daee976e,1e663fb7be86af7f012fdcd2
f0674c2a13fc2cba,ab7c60d8923832566819918b
713d0fb0b9db7a39,2de23d7c3a355873dfdbc41c
93832544ff605924,10396aa1faa076567b5e03e9
8576cf3243f956d1,494d0ba95e929c15076827fa
4f68e62c100b2eed,11733a4eb32ba8bdbdabe705
cbd809727da3e4b3,c155b9c15fb8d1ed47efdc9a
6ef4f565aca91c52,67d3f9afcb71ced77853d53d
898ce04cbba8eca8,e25cf1d82f72848d853c8c97
951dde6f010fd4a8,7c0e780ecac9075248576b22
1afd20c379e21a47,f9bd2e2c11bedb9aaa23add4
01275f0a548a9713,e08fa3bc38d77517ffac3594
b7b286e76c8b3b09,7524d72a741c2977106ab484
8b581c22594aa820,bbb62cef23c3caee26cef353
db707dc3e0b7f0a7,dee18b49ffc090b295ff3f54
ca55c69b4f36453c,e6e04e8ed0f1d327405bb626
b6cb382af9be4d4f,061a07bedef519870c99461f
da32efe5baa85369,7e4a491e80fb75edcea3f9d6
ec74ea907de54362,3f6f388e1607b5e7092031e1
9e72224565362e4f,b81e51ff44f22b815eda3683
0e27ef6494967afa,2ccf0c1db3c47718b47d90f9
6530af5649b55d1d,6d670607e1f67839607094a2
28975cd581b1b3a5,3f0b4541c31f9e1c5e47511c
9849b956d650a843,f4181b58aca124222a9693b9
9b52d7b3ecfef8d9,9534de4d11dd25c3f4189d85
dc500cd5567704ca,3345b5694e270e918692f214
b70ab4d93b6ceb36,0074a6ca136094e1dba00974
2c06957d29910d8e,766730920dc643e77dc8f0f2
b7e4d8fcdedf64d6,d7bb8eead2d7b9235a1ae32f
ec7b9aeef98ab251,27cc7256a59f9aa6249481af
d540bb23934efd74,dcf19fc80ea5cd319ac63ae7
5ff36e9dcf0fb5c2,c7140b9fd9ae285e51ab9266
e61579a4a7799d5e,18a59a744c6c1fc3857a28fa
f268efa9b3b603a2,a0dbbcc8c82acaccd5b6ecc3
c8d909cec00b4c7e,4fd61a7a52617c7883c99bd4
c7f786f0192771a4,2ca8039dc6136ac662c00786
0108e4cf2679adff,63c46ce3589d176d5a0df43d
3645263068b97c8e,7d7e92d590462903d35bb461
9e2c5bb7e03eb97d,2db2d5cfd678693afdd49aae
211f3df44b65620c,9af42534093ed45f22c5f4c2
95a544eb40a8fa5a,341ad3e5ecef92117c6e51bc
509166ec007aaeda,70e0b59b3494a02e4aa0b99e
1ed2874a9c6ce602,3f35fafa225d22ac71c750bb
76df4f05ae5927e1,8140a13d742c74e23e529881
d0eb8f5c65b22bda,13c7e23221f94c01dee6fddc
cd84867aab2d2b66,fa0af35605f1d96beb1f871d
2e692c511dbaacd1,8a37b0a86cb8ca60e2d05358
e127b6f627e3db3a,1117c98b2d19d0477bc4a473
d9671220d0053669,12cd363f6535ec3e37cd78a7
1824c217e197b690,f3ffe50d816a3c17f64f3ce8
f7c60db06c6fff7e,8fcfe6de404a4b62a945360a
fbb4fe751bef8b94,0159b45d62c56b19c8cdba2d
85858353b5da6153,e58abe9f058304122110ef46
f8613873010a9f20,28fb6a445268519b0f509ffc
65ba9dc39e5aa93f,06bc1c6c07c6627bc0dcdd04
df637a5013bf04d1,c0a0a5502c078b69f6239ed9
b8af6eca11120712,0511837d75d27e779846fa02
240be93cc52dbe1e,366764ba5b3e27eb0310dfcd
ef8b783f993e53f4,a0e4dab6cb0f9bd594ed135d
b4cb4c97819d0366,5b18ede8310ac9e59a984024
aec5e2fd046ac136,79544ba7da4460cf6d63fb09
76825bbcaf438c42,82539a1b5df5b64dfbf96543
0499637adb80dd3a,d03c368f3818ef0e07ce0723
ced94146f9ab5059,230c457f616a7958093fdd8b
2a17102843b2664a,ff52a4ee2dcc95759ae36730
f325341e3e11e24b,d715be8f7a991cbf4a86bdaf
b8db8ec3d3d1c25a,eb5e8f17091f724749623d81
eeec0f86d19fd711,564a3ea7ac207de88f3f1583
c5e4803e2695e50f,7fa222692c3283d3218215c0
d168b18d4d1fd215,30b8cad50809fbe5141685bc
731ace2a24f43aa8,51a3bff28b0f6cadb318ed2b
de6bf2820e63b88d,7fbc25427e1676fb4c22a92e
dc6f16f7f374cc44,cd021bfa745743dca93bf44b
61be6fd036eea8b3,9f40e4c1b7ad5c71b1923d97
8e29a53688c6b658,f1106a6dc10e14960bc6404b
629ebd0fbe6f34fd,7d165e1defde2ffe87998a57
cc5bb9591f095174,a06b382e1fa6a757bfaf52e1
a64a46d6cc66846b,ea0dfc49eece3ca890863bc5
f602cbd13282ac7f,4d1a6392419b6529329bad67
852f904fefa9ba62,faa32134481e4875ea1fef80
8ebc6e252f4bcb1a,b05e4c4325d71d6295b0a006
c5812930268929ea,8e87ee1994ef3ce374df23c0
42f9f8d4e461156c,74cf08277d6e590140a084ce
88ae7d948445ffe1,d17d18a8b569a97580245c1b
2826dde640d39b13,8a677bf4e33bd86d7c9d307c
4f4c0f8fb6baa1a5,0e937016fda7517d7f69913c
d05e7cae591e6291,7f2178210062257d9fb16181
0b03a91188eaf248,95317cba8a53a373d4fd9534
32f4ed00a3b9c652,69dcc29937d980e8f0f9fc87
bc429b3797892611,bd19100c1745a8c5602fea83
e9c9e60997079660,02aa8e9b5d6341e193b989cf
c8a9d3f343a15448,fd8b755944e6b1c7e1c64295
997d15f9d01b9153,9e59f368a5a6f6070b81f0f6
029b7f9e720cd65f,a2e4c2651cca04cf92b07e92
1f3a7d7dcf31f1c3,968e6a9ae6f97f45b224fbf7
fdff818cc2f748d0,89a90bee5585bc0eae444212
6a8b8e5efed9f0da,69f7cedffba1b2055cc7b7ab
24ecfc6ae63a498f,a44e5ad2b0b6c6221854f9b6
8f5d04a5ae774314,b56a7d3e1b5e69e5f90f8891
13d80c2c659739a0,34e6f083033b79ca366c4bda
17a3de1809da66fa,5363ad9fbc334425b5bc5c12
3d3b2e68a7c1e61b,7a117f9bb02471c750d72d1f
07952f9aeec1aa43,ed01b2044f546304513b0474
67c2293de3ed16b6,4eb87f2da490eac08c628a9b
ff4b672f6efca18b,1351f9965facebef8baad306
194a179a12813198,5b09b4d25b5ccfa0d5264edf
b6d91a377d00cfc9,f061cb904fef2a61ed43130d
e139f3e14c178dcd,5022a83f68c461c7d43da6df
ebbdce38ab8ec45b,248bf9d025b1f4965813db41
558ff962fc3cdf1d,167a1f59ce2e4aa8cc589432
115646ada75f1deb,996b7b9a62443449b579d5f6
df87b31fab98e789,8473a1790e40b5a14b5b2294
5a12d868f5f9df54,2ca1e6653ae7824482cf089e
e1d7b52e751fa34f,e0f3505bca8c438f14ea8534
d053b9f226f0e866,e8b61c67a3eb2ffa3514bb1e
5be4caf27503643f,f5315ff4e59b9c591b31ff84
6e0edf5dba67e650,7b1a53a8523dd46b50f2cea7
fd988f374f87b719,83716e8aefae1cfe9624d62c
4c7fb2398bb5f76b,56f2d1977f4ac989e849e476
99ab93f58e1fec03,49542080f5afc74be5d3abb5
cf55bba10ed574f5,5bd25d8e607ef66767ed7a64
78c55ab3fb6a1ac4,feb562d716b62236206fdc58
1db537983102e86c,8a35d844fd1d076316f589c1
8a5d47e43843b182,e9628c300cdc07c3cbc35b9f
4812cd36fe4e9ffb,ec960a75466284f36d84e3b5
7a896cb4cfa52291,2600ac94e0214baed0587629
f621f4d6d7490b11,59ec0466c1f2c5bceb549266
53757752b638466d,5b54147f4814614f3ba2cbbb
3ed6a26f00dcbfd6,3a3feb866d6127fec961c332
fcdb8ceb3c14de8c,5c50b484beb6da52d27e221e
c636cd651fb642a6,cafa443fc1ddfef07dd165c0
778faa02cc5fa6ec,ce210fdf1729cc46f0bf5fdf
04d863f6983c1aa6,c754d3b8ef8ce660cd71572e
a195bb5950edc94e,d01a76d9b1835a578c208947
440b6de586609864,5764d51aef2850f2e9f156fd
a294192108e6e57e,6ecf9a7677cf1ad1ca4699c2
ec754b89188f9f91,d3e493a9590bf8165d7aed20
b9755d85616b0b17,5ca6f0c65b0a3af28c10e011
a1feced5ead5331f,e6e3fcb942d09dcd7933d004
55c98840b932f6f8,7f6c90f9b6d73034507eb816
075bdb159797a090,66cfc06c0e6e48999ceae02a
518712b10de4c314,2d6a5e15423ad973f78b1fba
44eb5ca172c5268b,0628a76eab404a7c9e87547b
dd46921e36440762,84ed1ba65bfb934480c00fce
32462b513f63971c,c1b639b5ea349e2062bc83d2
1637fb7eb8200ca7,beb53e0be2a5cd07d8176b00
f5d09547f7954ba0,c313bd009e8558e20d8a845f
4a2b828bc0a6a285,9551cb73c787fa8a6a638f18
2b7f07611f97e9bd,21ee41d135e3ac90c73fba26
33a3fb078092d224,0c7b8224275f08a08940e311
60072850d65e37bc,262f8dcf8b33d396607aea8e
3e02f1cc7775d8e7,cccf989f9c8a2729fb4367d6
f83d63b89e816635,cb048b49edf57d9c2300a0df
397fd85862cfcce1,e289548be11414de68f80307
e759db7f12619021,86212d631eca734641d15f57
359c056b541fc57c,f877ef8bfbcfcdc1c6152547
b6fb02781375dfd3,a70673adf424d48cd029d2f2
ffb9c947b0ffdc13,f8d15c736783c8902a214951
176464afdb795ad7,8cffa53488735b59c8e9f2b8
43b4a917d18707af,fbe9bdf86808b965cf2f112a
a3b5aacf19d86847,740a2dcf3ee047e3e754cc38
c81f76af710dab28,a9516607181521fac17e7900
a769e2fb0c4f1a48,b98f36a2251daccc2c372f83
891fcbd74f72af65,73372a981a7d87b474a5cfff
775db07e278f0f8e,efde7140b56e26d3ea3b9328
8967d1c31daa779d,e9aeb08eadcca2266cc1bd8b
98828b024223b628,9b4e448132920a0b6a60e948
b54c1639e3ca9818,50fe2301592adb5e4f84dba4
690a408cb16a8ff8,00a3fd69784bbc9bf9143406
8cf62e542ce9958d,3e230729b6370420035874be
89592cbf6baec1f1,5440587d8673061dff2c2bda
3751a22726be6c1e,46dba44f783a535b5b408b5a
f8cdc4b2cb6150bf,5e49a0fc857c9ff416dfb795
611cbe70fcd93b5a,0ba610e159c380cf0696a180
d72d72fb4b289c72,a5a9d82379b3a8019f9ed2fa
d8c489b67a95e7c0,c861f6701bed52afc71863d0
40a2450b38e73f77,0abefd66ccc52c0b98a952af
59c45ed36aa53b41,e8d64ac80afe79075ab5e1c9
9ec2c7e173c82970,b93d2d0f6633207c0a2ee97c
6aab4d8793df2305,d451b3427f42d1ed7935ba9d
8b77738fff56a352,3f390c28a08bf1362040c79c
b7fe0963630e9295,2f187c8bf5929a4a22b4c5e3
6754b00409c74b20,2f73e00f59c6a7c644d3c931
3c4c289118215465,d976c716b6ce40ea49ce876b
d38db511526fa160,3f6ab83ecde88cdac3a1a515
67daf294d6fe8c14,e7d169945c4627d07ba9264f
85e08d9a6d4d2bac,3ce9b01f114e8e553b22ab14
a4aab8f4676d85ff,05222ec4db22b915f95c6e8e
f3a5cc23b19ed508,4dd01ba3d3466cbdcc837f10
3eafbe67ee0c3ba9,ee59feaa3909bd775bcc955e
718e45e354ad55ac,8ba379d33df47165880f800f
4e1c665b6d4ff3f1,89394a2fde9c257bed3f2464
e73eb409f4c6909b,186f09dec7b085c8795df756
411c6d6033f6aa57,79cffc76357bc4db8c28752c
b90d99d84a4dbd5b,358b59a06688a0c9d2048f96
5556ebb766c07b30,6e9f05b78f2933877435ab48
27c5e0a6101a9f19,fd6beb90d6f99f1e2bcfd7ee
49ee45c089a91baa,ee913405715343fa5484d85f
dcb714830fb010b7,847146de5324534556ba67ac
d760869b7b1f418c,0a8c4adf62b895885d9b016f
42fe74df0c3e08b6,d1ed2ad4af5b97bad53b2499
4b35566be4366eab,c8fc3588c583d19c21c00ddb
b8028afee134cfad,f568465dca138f47d4e7d476
e021dfdd52c82895,321698c8f2e610f9b4b668ec
d76fc0ba75757f81,0793c15de347e8300077d3f2
44352bf5f9bed980,20cae98476abda5480268d59
6cb9798d763c5bc1,b51d4d09f26f33f2420ab59a
d1c6fcf7f85afd97,938a03547e7ddd9294a4762a
039386b1f3ed748c,86cf11519567b890cf44e24a
a3c07668db00c6ec,28dce6df8e67a0a917681982
961194a3556929fa,54225a453622d1e25258682e
5bc939cbad1eca20,19e79c1f8e2b073445119d95
0b6f28c2f99cd562,823d1d76259183dac9d276a1
139835e665014ebc,05587e761b7b417c64c9a166
17378f62ccd68410,9e928e9b440ebf1495486ba8
1729b1a8e4c009e9,fdc5699d0bdac508d8ee65cf
cee99493a07b7e63,2fe6bbf5a7726d9da05025b1
fa75b1afd8d7d7b4,4968b380486b49e6d3aeba81
ff24cd3abb5d736c,ea9437aaf7f6b0b58bd0289a
15905b5e36cd6054,0a3984f21efd3c53ad5f2263
75329ea2a979ec9d,541bfaf1038109ca748b4ed7
a3be01b42084d10e,e92191b3010db53972a8b65f
b00c5ed78568bb93,11e5516308ca098eacfda467
d12ed8a6a3d1d5ce,d98810b4f9af6e0a62edb118
2d0bf239787a9e2f,8be33dbf007a5236d8106986
4d4be0dbe3b064ae,105ef9310e22c94f7690e905
26cfeac91337b89b,b7d0f431f7406254323857c9
e16e7e1805d109c4,d11b32bd1d93599a6b56a608
ad8db651f7e5bc7a,780aa65abcb1c6bcecaa4d68
8ef6d89f085d49c1,912129f801fa8c3aab07cb79
475cdadd1a3ddeab,a996e5ad9917df25c194b1cb
a0c8cf408b07b6ab,995306775d4d0772b4f1ff28
aaeb0f1ee6c069e1,a58eefe4a03f0c022095b863
54aa1e3adef907a0,9a1ca4a5f4cbf3ca8eae6f45
62833c25afaf6592,2a6a0bb9aa1c93d2ee9d1fec
3877323bd0d024d3,fe79f6a5b6ab8101b34a0339
bc9d0f347cdee8b7,c3ac54f711dd1ee1e9e9556c
a19f1ef4d5a81c44,7f798e466eff7ddef7b8a249
558d4497a0877bcd,c7e569c908d2791b46dcab66
5dc983ceaa5d0214,b7d47d010999d4033b656a67
9dbf40ae588c6211,a81657dc5dc9ec4cba0b34ec
cda515434e44f7af,baf31d5aaabf59968b379962
5cdb64be46a505e9,76efaf65a55261a77f3155e4
d88653c30b4be495,dc33ceabc869e2fea67909f6
9402ecad78c42dcc,b79a37f061d0de3981ebdb82
effe5562abf13905,870307ea4a1eda15eb3bda61
6246c00c06f04114,ed99a9d831570a4742a22d52
8dc128e1fcf1385a,b980a835714bf6913be5312b
00a5b61940c500f0,cb3350ba8f7111ce1275fbf9
58a6ac100c744687,193cac03098cdb96984ec596
19a2050b1035d0b6,89347f079582f7d62b77beb8
920d941f2c67ec7d,0ba679f009d818559455e341
6d77161b0d325b15,88e8f085b9ee59b3d70180dc
a9319562e62bb499,fa9ab193437645cae8fc7d0d
eb729a4b6b31a19d,91b40609763e77522f0f1c10
e4ea68c6d24059ac,a153cb2ed2cc4141bbf20179
c4daa1d16bdab189,1291c508e951779a1bd69eaf
69a3a4ddb1e7337e,7edcd87f2d6d6aa997642349
24bb288edfc25fe6,437f0e732b59cbfac6ecdbcb
7e033bb09a4aa078,7cc091de8b9e7c97db05f2ff
3be15c860696bde6,3896858341951e2c5b64068b
df410e229d812ac7,70bdab917c12a50d8dd2b490
5ec6631dc4e3ce8f,8b04f3447a15b851b99b399e
16c9decbe61b4320,0f86f900c326260888b66221
53922b689965407b,b760f63fd4a621224ce50597
ae4b58e8d31447c8,9d8254255a085c60be6dbf95
fbc4668b64055f08,43d7cdda461fde42c0627a5d
98cc8e5a330ed7c3,a1f06e0f41080ce46a4681e5
f44a4807b7982ebe,59567a0575acf1095282e0b2
0b7cf9ed08db5f3d,e2184bbc973df0bccb50b003
a7ed84ce5fe3e68e,9a6ae5397358350c3d1fab2f
1fc87a644fa56f6f,be2c1b33368daaa72a3b6717
d418c01fbda386fe,22c5465e415130f1d3bc7d0c
6b30f67704361fe7,ca10d83b7109c949ff4248e6
b91940dca7a511f4,312495945b85fa31f9d98230
575430530e7f4b88,b56b4889b88d4cd9be111697
b20f069c33841b26,6d2caa84b37c2fe89531cf68
218a8338e732cd70,941d52624df25d852b258b20
4bac784ea3640cd9,ab8ebe7fec03ecf21fb894aa
dec7b31cb129747d,18ccb355ec196835147b2715
bb9cad8a5ca7734b,898f3f6645114b55f033e9bd
31600522176e7043,108e4de3162acc882f78e91f
d23c65e226d642a4,3dea74783da4e6686f8fd02f
0b00ec546b856cef,7cf1d676047ea55fab220201
4b92f3b9cb807905,5ae60bec7f614eacae1a7663
6ea11ed2b9b76966,ca8fd75895ed81021b37747e
b4a207d30c4bb028,327d978ea41e142349502817
77877486489e52a5,42e84f8ca74fb75797df57a3
1c127b0f32a99c76,350c563594b7e6557d03ef8c
6508059f05f8cf76,3b812f43c8956afe508fe8b2
5657a198b43254e9,5073a215ffe591b08286877d
a73596956f88d6d9,c5602c303ea3fb269036e26f
221841d9ec71e600,9f98168946e428a96a309de3
2385141b410a1be1,422a9a0b3464865070ef8cb5
ae622af447e34f84,4eb1e5c665c6416fd4da60e2
ba7d18fed7131696,638c7d579e03bd6319bcac30
8f21d9c88bd0e459,3415d4a6324d0a14f53e4441
0e78d8a7aba25f87,deb1c9f6a267c32763089523
eacb19218b157cbc,0f905412ceef71ffddcb32ec
1af083dc95032619,092227b1b55a46afd04ee54a
d9b8fee472a17ad3,3cd473d884752519941e6417
d8a082b1fd6cf296,e471ba0aa180e0f66beb5112
910af796d0a96776,2eafaf1037186ef94b34f2f3
7f23386fcf9cb4d1,fd9c1ae61de3ecf4e900785b
1f62a353d9f2fda9,e9c3cf0fcf9d1465b273e1a5
4af71674e258771c,822391a84333e59b77ee09d5
61f6c81cd58a6d6d,f7ef96f686248c27f74bba3b
bf6f4c63589f532c,14a87753957ee870f7a23dcb
20456bf5348d4e3b,77fb95c78d8d930667c62614
02bf235ab4f464f0,c597fe485158b6e29dbab501
c554039e0d68c601,70905c45411639799134c6fb
6412f5d099e3a6d7,81d7ad5a03392eacecf1bd58
bc071107b7a5560c,3432d615d3bf6d664816f886
92f9055a59b65439,29ed1b72fac6ec2892ceb91c
e0ffd8b36fa0fa16,4443a0628c4acee3e84f0455
bb046637f413fc83,d881d7ca2aab6d4c763a4a5f
a7726e06db06be8a,81883f075f235ec784500342
d26a314dc4c56f8a,3a8ec95e51b3605c6a9ab92c
8e88e47684f40715,63a9ca67ec6da98c9fa87b70
d7a447d41f61c124,b98903fe05933bcb58a75064
154c081d7a1b619f,580d6273e961b73e13ddb60c
eb5c9ff7af925255,25d8bfd561dd7f50abb3f31a
1c91f6f45a765069,3034685874eec11ef805291a
2ad0e3a48f4ddcf8,14de64b516985a05474202b0
a1ed6cc681840b0a,54f40601554a63aa0dab8745
9c47ed3ac8445cff,54a930621b55a8fa6c06029f
4fe30f53372a6874,c556359f49b1a0ef2d77448e
c80cd67fcdee8c55,88d54a6b3292714a1f05d7b3
348bdd726ab2c1a9,fae7f1d5edc50020bcf9fb8a
3a5c52abd6bd1991,671c8a4007d55bd1f227ba21
f47447d185f4e2dc,974a192b8f3a9b6487bf0e83
00dde42e47bcdc89,307f35fda4401442956944bc
ee9f9c575e49047a,f725e7c3172b4296bd273aad
bd5c15593c703586,9dfa861965f0be79aa79625a
83edb52169fc6727,c8b4400b98195e77dac98a50
08131d139d21ff5f,f00d1ffb0ac22c2e52154768
87d79193c5d4d721,498607b1ec2abe45f9f46abc
1b99d670997912b1,ebffc5fb8f4410c1a1feaed7
6a0ca703c0b6dcd9,f09cc19bcd09bd116f44330a
ccdff864fbe6f930,38fc2dec746f76938c886f76
ebe4ce8f82cef7a5,ae5bcc6991d723e0908e880e
0e075e4bd75d6c12,46e97c137fd1fb0dc521ddd2
586cd6d2a392c789,84200d9bcfddc17ce01745ef
6d0db8c1200c1c38,a9d10b43f2e8e109e981a89a
7b2e67ecbc143f16,7012a9f2e27f05b1053ef993
d7adfa9c7e4ac844,508b75a7cb7a43d45283e251
3d5ee3727b580b1c,b4ae2f9f4ae31c969e2ca465
dc0f918ce146de46,74587e49fd7cf6f2c765a83b
7b51de8406d34349,e05b2f6fe9cea085c35b9c94
6ed34f8a3ae002b1,dbfb7b0566d826d6cc3d9b36
916f7b74658a20ad,a71b5149471c3abe4f8aeb8e
a948beed7becdfe2,371a59fce0cdeba7e8d54d69
f4805827f147fc3c,4cc3bd53861a444944dbec4e
f25333978134b3b8,1ed270aacd57f3fd44699628
bf427b192ec8e61e,d3a630541742d3175ca98e25
076239e1b59135ca,72005ecc191f8cbf3b70f6f1
e36738ca800c39c3,9c13b29ae75084c42f4b44a3
ab8f28f8f311e9b1,37735960ae41b75010c86290
e35a21dfe1ed27ba,59b809618dd8055da1328d61
e06710a8ccabef4a,439693346965167258465286
8a8b62e0f2ebd663,139f9ee17f8f1620a11a4926
2b30e8fbc8287588,a807f752118fd0ee6d7d6e89
29b451c023dcf214,b47e4d88cd99581803b0b99d
8473d10b61be782f,130cd9760fdc8c3bfc6f6a14
3a489a287c7406c6,e243edaa6184cf545cfc92ac
7afe3bc18a72366a,8af977b9081a49591908b780
274df92af7fd641e,60c08f62b73cce6715efbd77
dc9c0c63eca8fe2f,0e7541fe06c0434bca526d53
f65379c284ad2144,ab3ab95ddd21f7bb4f582930
bea2a11577c30db7,06bb39c4b1b59147906b49ac
725f9052f523af86,195d6411ef3c86d40c9d9a44
85d63a329a285140,0e03730fbe4ad67d4e6aa984
d6b14ef02c57831d,eadac941135cdd7e8816c4cf
497cf028ca98817c,9c74ef8decf46052c8ec7971
12062bb5db745f32,ba1e1f14f007537b70da2d0b
0a6875a707157e63,8bf2697bfa290456890e2dfa
a504e8e4b01a96c0,0fa141c2482c8dd9abf60862
464c4b8b8c50509b,1b078488998bc3477ddac210
3319de415ff00e13,a11492d8d6f402f055f6810b
62fc750cf0cd0d80,d80295ddaa7ec2c7f4c06137
d28c595c3cdab5cf,ea72d31b82e4204380f21eb2
60a4d9364c82f1c3,843fe5a71c208443d1f7f2b2
95905aabfed9057f,90a8b208c1893241478500ba
bbf1b6403ba74a0b,6df28c80a5c9bcef8525b19e
722ddfa7980c83f3,9957c4946af354b47e7fa4c6
38e083341675aac2,ee57cc13d538cf7948d20a31
a2e87921527c331b,529abda66503f541a5c5f88e
ffc187958f4f156a,989feae23a94f5d583ca5ab3
5725448933326f5f,8850ab63bcf09a5488edd310
657c1cd8c2f62f71,7886c8de3033374493ad58e0
fb870ea38b276f8a,7719b4f16fbe7d9c5831f8d2
e2a1851a0d61db30,01981d243bcdae6f40ab8ca5
d6ec9c7e7f654e1f,e1a180359631dc8e1b98f9ac
fc9297ab480b1e6c,81b5ae02b541d14791a4b167
5ed479dc3bd94109,b307866e7c6177d2a93ac163
c6c75b89bd3f25c1,e9a10d949e5b2a0ffa984928
a953f3f7e0c72c0c,37fcd5700948a8f230fe34ca
7216a3a89b75c01c,947b0f0c47032eef0cfdc033
b7780bedf6e5714c,1afa4a514273220e9d953683
241714c90c58365b,a6cde668ddbf711245da8d55
339609405e9c0fe2,84d810afc21eea8798e9e75f
1cd184d77d1cfda4,820e41b02460c85885ae15fc
6b688252752e2dcd,fbd0dcd167c6e188fb939a7f
9a2efe84243ecbc7,fa8260c88945fb9f96c819f1
ad39fe07a968987d,345af9bfb1dc9f2fac2106ca
6286d5578dd3fb4a,7dff1c9ae42c5391eda3ca68
d5592d3bc0def786,dad79217c3189aba94c14869
d33b28389d482f10,a12b0f82fa606a03e7750f93
d97c42a935fdcf00,19588b0c1e08432a2c0310d5
1311940b8d104710,1adffe1b1fa2ca00f56d7d7b
7e160de10b0525cf,664a677b6721bea97a7c9da4
1993d2f669fcf0c0,4a63af12939477be8ebdea11
f5673107edfe7d3a,704032d2bc8d560e84937b75
04be1eb1ff261f33,a4c34b2c2bb6768ed9036d7c
89db722a2ee931d1,8ec1e296c430964fd39df0e4
621478d20a4ba2e5,4217d056c49c4af87d72560f
75b151282d7ffe5a,658e725caa242426ebe24507
1a99bb419eb92138,9a1b65d93b9b977185b8282e
5aad67900db4de98,cba3117afdcbc5134ebbc278
8ef73704d3d11256,60d24e34693003609bac9519
1224815e3fb0a2fd,0d41d0b1f52f2c237f27ba6c
41d2b268e66b87d4,5e0cba7d6b47f165655b3972
f567c0c44c94e2ed,7695d59c882c853acfdf5135
ba28134ccc84f634,8df4d7abb7569a4347f09520
ffa6b265de0175bf,692d8760a6e2b489fae5b8fe
6f37ff96cc3704ba,fa9971811b50760754c3cb0b
ecc7410cf08ed313,841dc6437d9e58d1dba16f68
1fcf6bab9487f9c0,0b4b7f0a8ff4107d2b76c04a
8856032d58c5c927,b5e3b7d5d2726f4b56deb1e1
3207b19a88cd072b,cd3fdc73ba83098feee7e00b
1f428feff5bd885b,c7c923593a1b1f6dfa0d5180
b159f8bea5dc4cfa,b0e35bd4a2ca384b03925749
9e3b1d070e48f706,148839c56ad3a9329ecd710b
f3093579740e2392,0052db6e8b52835705622403
ab5a0eed3a7e1a37,39fa5a949de9b4b6d4ee34fc
23d69f3ee1f76333,494aeb9357f03533cc2d94ef
b3127e0558cb72a0,bc97d089932a28c4fb0ba4f1
4035b8f9978bdca2,9d11ee71726aa164725438a9
877d8c2621a1719c,f74e346e2e2e8257a1a2a659
801ba9319631cc05,3aa2623f07ec08bad6f05ab7
166d43f17126defd,e03ba20cd162303e72dfcb86
fe2f5548d772dc49,1436830ade5ccc8105ff178c
4c3a74cb9354de2a,dc56d45a8ecc0457febd0a0c
3c060a2aa1cec613,6408db7f13ad20524b73cda5
b5a15630bbc3cdef,e9d8d8b9fdcafbf449e3829e
454a5f0e104770e2,361a47064fbcbbc4d2c2b40a
dc6ddb940cdb03d6,04aae8614b2d56c0683a5cb3
750d8d1264dc8a58,7ce1642af83087c28f5e08c6
fea25cc226d06ef2,bd12bb7a3a02f63517902177
89c6471ca60dce93,de29695638851a868b889d8e
ec4f50c64f3c2be5,18083109a412a000a7cdfc11
8fb7f514fba1f3c0,ee023b8cac2d14538c0eeba6
02d1d4d2b1211ed6,66c0cea10f0c32719bc44eac
63f8cdde4f209749,56de02540bfcdb1d294c1d25
e538714a206289e8,1b31ae044e7953463995a002
732d005a22ca11d6,411e368f0cd39762c618a1a4
3d1660a5add02796,614f4a5cbc7b2017ac07d84e
f6452e0efe84e479,b29d149a33387f751e3fef33
01b840adb6390133,7e95dd42a49381da082d40d3
4fa6c22fbc4d00cf,47aff5df953b67659b594350
ce807966b7826931,fdb9dbbc60969f62ba59b1e4
f1ca3838e620733f,9787fb430c530499d85d3bdf
d1839b80db5abcde,5d27ec91f33016c01131d941
36a508b46efe5a06,da0968486b1e666ba03f4d79
71e73214a8aaa674,1ca5bf121a0683df8a5872ba
de0e438292e5ecf4,7a078b2c7a5138784caa6103
24e47bb6e935ba7a,dcefb8a0102d9823e8023049
3ca461a68f98dd71,12403817dd06caae191d0668
32b037e0a02b19f1,62d1f12e30941125a62606bb
c628f5a9c35611c2,bbe89d45a05a9c4c9ce63111
113ac59aaa792dc2,cb5cb275a3d601a16267308c
a77bd37e487cfc4c,6ba46f4b7f6dceb8395fc0cc
50a972a1fdbc30ff,322870c0fb4ddc6c4de1febd
d10a968b332e9041,727c2d6da2fd59e9801da86e
d2c03d49da0fc241,6d96a4dd3de42aca0b5f5273
fe33bf604aba24bf,8675e6d1314fc88f01341113
41135de0954c549e,0807421d3a8ba7fa8bc164df
2838dfd0afe8788c,f13929dc5805492e93ac4a50
7518ca9d82374ed5,329216da8a698069c07a03b5
e5f18383f62e244d,e6a6e83befb23705620db826
857f848eda206121,700a5e5afd464175a4cd2a70
6d3b08b8b461c12b,cc369700957449b8930e01b0
54734423e61330b5,e942ad329f07361ff0f55db7
5a23d7ac8f303f59,1d2eefcebb5a4d8ac674a063
a6b220fa0adfaec9,747729d639e893fb21778585
fd47b33564148974,8cb2dcadc39ff13d80c3029c
18ae75a1002a9b90,ce737f0da649bbebc18ca4e2
16797ccfc9fb3fce,1b9bf89d6fcb960fd5ec1474
70fea2a186f95c11,ccc74240bf55f00cb8b539cb
036c1481f9dd978e,8b75a1febebbca9de94f8594
d9409bff41fbae1c,6c64b65570560e3584612347
7f5e7292974c4bc2,851ff1ac1de9b667d3e6e0db
7f554e16f8f50990,ebaa8fda74917953fd5bbee2
dae03b5a80cf18c5,f8aa0c3772b031a90d2b2429
aaadc7039bdfcfbf,97d631b22e120f256a4fb85b
126f05a1ffefaca0,ee2e5d8d9196e0284fe20b2b
2a6052180135a57a,bca8b2fe63941b05c1ffa965
7f087cdf00985438,1025e6c997cf804bee884a95
8d3190f7937f344d,2f9420632c3b5fd12d71e70f
3248bc02b30efa34,dd545661ac77930393be9f93
b3235544d225ddac,5f3f1f73f04a1f6844da503a
6a5c8bbe158b3889,1a51e69208561900388f36f3
9896b826739c5313,35fd19d6c3a9163a574d6b0e
36cbec045fddb08c,fbb1a36360594fdfac923d53
5ec18e2efd8ff6a1,558fa46c545dc2600b81b2db
5cd659c474576126,5d6c9466fd8a30b373e14d74
37ed949f62536d54,1d0a01fbb0a34bdb846831e9
2314d8698db588ef,2ae5ede2d56b1925c86ec533
0d7b94ec7b238935,f03cf7419a912741c1b4780c
f85e2a00ca4740bc,b3edcbb2a42bc34e145a1ad0
64ab2409389d4dbf,7196336d6d700c3ffe56fb32
7cda69906e8ea6ce,531b3dc416767aba77bedd6e
43fba8b7fef3d09a,beb6c5b18fcd0bf0018220c8
d8f2fa2b324ae05b,b467e4ad87502f734e2f4343
09f896138d16c395,080768708186ff507d885320
d1a16013bda20a61,cb4877daf7fdfef878defc28
02fbc41587b04014,4a9b4f57dd3df4bc0db1940f
441d1ebab759b57b,4d9e2523df81922fe985602b
60febc2302cae593,c881e04aff22775fa533acf0
a0c8696f2db8f918,0a3c2712b83f173d57b211cc
7ccca027f1e06875,0834ae9e6dc4284c8a622fd9
8c4eaca3f0c75346,a1ff7197990fbb3ce0f80861
b5d0fa2f5b98f05b,06f7cf1e31c8208bd5d2a95d
ce5f68f946ba1344,32cba3d38d90786ed8ab0756
a29b93294b464f09,fe893b4421674779897ceb5b
6a97ae9184e9f7f4,fa6b006a7bd6f3e4a16ec603
202aa06aadef452f,dfa2dff9848beb59cec2830b
f4015ab59bd9d672,bb9d426cec28e69672ed8ae9
5e545f1ab469c266,9588a95c854f57d0b5f8a691
374fe437c3df71e0,20cfd059878ad52c21c3018a
c933f36ec30988df,8424d3ea99b7e91548b1ade7
5186323a6b0f058a,8806140b84d1865a3ab587a9
9e09c416e22127df,2722e1139daec475d80076ad
ad334365c3685d30,4709c253a819ee4e3a3fef6a
4974af7fd630620d,0da51fa71cbc54a78ed63378
0a737bc8a8ebb2da,7572c98d2e1cd9638da7e966
682c9d7f1ffdd663,4def77a20a2e0598f9bd4b29
536123a0fba97ece,ce47890a35bfc751c0c188c0
7a11bf70c7537610,fe59949343a06a9bef22dd1e
3ef1e50fc4206bb4,ddf4012a450baa22c93e2851
bd4b2207540ae3ad,52fc1aefccea261482c92310
b58d78638c4e9af9,4d8142d466bef222551ba980
753aa8c5391847a1,86d127d27f1f1d98f1c71605
e245ecc3a40088f5,83e8091beea1f66847a5786c
f4f839dfe2f5899d,20a650c4e8d7f45072f01388
147f494d6651908f,4d35bea4cfb258f37b17a246
1965fce249133012,de05a4cc1178f3c853d5da24
cc6c2551fb9150fe,fb057753b428f294db0e2777
2cad4b8094b41ca0,28b32dd4d63f41369bf60c14
537c30c154e1c0b1,f87bf27cb3e5cc4e45f9ebd4
3f091249c3aa6452,ab2647dc6ca6bed9afe485d8
3e4c5c60c322f184,e3d1622ee3a05c74a9f6604c
715954a08260ae86,0bd919be24dfde197e9afbf6
289816adfd4236bd,f314bff42c3392d7c9b61650
a4f0662ee21d6cf9,bae178beea5d71eeefce5584
7f68ca57ea515184,078b7e53f8b5e63c9ab68cfa
9cba7d13d59bd6b6,6f69c1d4bae9637062074496
3e808c029bee0465,a56d5282b3211d1ab37baa59
ba4d55a55c09bd72,fa357d4ded46a96018311ed9
e2890efc4be8b51e,9fba185e8977b8122977b3cb
ed90beff9c520368,89bf66b941ff5da7fc5640c3
957fad6b57e86da8,f54a5aa9c96f9e9c14ff32fb
52bc00e4d06569be,46a76ea2b83974bd1572c90a
3801dffdc1bb558b,326654415cfa5f489e1577df
315f7e62d1261e9f,748001bc2a66e02a6723129d
2b309bea02630484,b7fc5f298207f7f459848bd6
8b836cd1a6aaebae,f8d887f035295b6d5c89e34d
26b02cc36ad73baf,a211d96065d05d629d31a2f4
e3ef8c6c0b627551,978ca2d182d2bbae6f21ebb1
f44916f4c82b48b6,f64b3ed5077105593e865190
d4f834187ad7ec68,154c7529730cbb3493e72f4a
6ebc9e1e8fd3ef0d,d9a3dc3610f2d341ebb0b25d
abf8fc9354f824bb,b1f35782ac5634e0e674ec1e
5fe74ee9b287977f,67d736291e9a8cd5242d6bc6
71fe31734cfa5111,19cf046c85954d7086635dde
c33637ff165e588b,f632c9c2b99db0475f49c527
0f369d5f90c3dcd5,60de284cd2989e03cd77c9cb
d5de2d89ea969e1c,6733553518b398b73576e572
5159f10484a1eeba,cd69bd9ab4a49b8a8e95668e
f572c4cba2af2856,8aa48892c9f67502242ee4aa
6d9b249243896bec,0cb9f0c0ffe4ad8ff6886d7c
499c44a2f367e570,1431d749bf1dd76c41a09ee2
7739dc8a4a2e394f,cf4c058edcca0a4d6ce34d8d
85778a790cf849a2,b1257ae71fa36d0be8546030
bc2f295204f445e6,7471bca45bfc729a4cea480b
7d64247b562da9f6,09eaa147ef501a0d818aac01
a569f851edb9de32,317aec65d6b1a0eb3939293b
ccf39a49cf5b7ea8,755d8125794600b4622ac77a
c7afa056ba4a1c35,d4fac585d47c9264b9c9fa76
d5ba0e7e3b6cdf45,0ac68dcf69a7415cb28a8ea2
a5e6d2c755f65119,09132ae35721fec5bc6628c9
cfcf7b2eaca4c5a6,bc616483682e7a6473d54f78
3db76087f6c481ac,5cb02f0a8725e09886fbe923
06389916d3e31fe2,690ad4ea2958370f8161f09c
19630df6d6e77f36,576745ea7b1eae9cdaf0643d
9ff00af8683cf128,633aabcde39379ee92a297e9
a00557775e69852b,7fb8a4c84c1fa381a780ca3f
1e510b82efed87d3,d0bf319373d3604610eb5f8c
0ef81b64b02264b9,8f064d4632f771f68e03ef12
02d22f0f33c6364f,2220b8049493dca9206f0bf9
90e3153e29e2fd61,07026c8051d727da58554fba
6ab83aa6a9703306,3c5cc11ec5303ffae17d8557
b4c19318cc24f255,c9bc4b5c0628c35e0e4db7ee
b6e1f4cecfab095e,8cafa0034b4db8b72737502c
02125bf3a8a35cbc,8e0da99aca497a3b4ad4987e
bde26738accedbcf,a666f6337239f5f79e681506
0788d6303122eb9e,9ada332ffb5a285efddc9491
4a43ca2b9df423bb,4b4abdf201c13bf75dc21523
be3fce2ada075481,628b0c04caf8e91f7955c3d3
92f1f1aa5f4489d7,21c6049300e346fd8a663647
63a7138cd431baef,061dda74ed4b9fbc9b0462f8
4671757fdcec6467,858c754a90e7069ee63fa4fb
dccb37e20c168fb9,d3eeed1cfd3bad3a6e7ec9b7
77101b1e8eb722c7,0bfb6d321eb5fee79544348f
d3c357464e18529d,86df7153335a54d0a3545495
f5c4f980eae0e0bb,00ca96ec1418cd61ee6f2cbd
bda0c12282bf5f29,fa8b27eb4a52be35e72cd5ab
1b96d26d52a58c75,f3c619f119f599dc896b9f37
32b5bec4cf50dc41,5837c26df4701ad87e8c382c
6539d6b2a400be32,978c7057c6f56187e2304c54
b908ec9ea7f2ddd3,9849a17c064e1fd97dcecfe7
4752cd605dec32aa,45d70009bb40dc7aab3375e3
94a6145f80f98175,f4e95564ffaecd3b3b736d76
c96e6faa86a4752d,3bc81cd8f185ff17ab98c31d
18bfc0efde7c6dd0,6c2874e1de1a08b87550ae23
208931516184420e,cde8e20432ba0643c84088a8
8060bd4897027780,c2ba7bb021f83893f51a9b74
49f5c9e209837edd,be6a0fb2e5205f3257fe8729
bba3579e958f089c,bf0d6996e635d9f9bc5d0b22
c9aabfeded6c5ca6,466acc802ca978635654dca7
a3c95f1bbf7378c3,4c881234195471914d566466
9ebdbf5ed77a2a6d,941d2e7c49d3f55cd871d672
e15958cf603e4cf1,35b61273a5792d84bb012706
a5901dfc84c58293,6dd73ace1284569a07adba68
bcef608c126ce3b3,1f0055c9edf4d133f35fba70
91c38a5a67410638,3e87680e4fae0d4dd3235cb9
555be1c2f830ab19,af78ce890e73087a42f6fd22
a170fedf023ae290,cb828f9e95847c76afdb375a
95b6487102b197a7,388df69eb4fc1c89c8d50b58
f62c7e04c5a65783,3ac6c938ece7f109e20be0cc
a5d3e574d0afc91f,2b63a22bc937194541ac649b
d88ee01144f3bf2f,515f7bd964e8d7180635ba8f
76a74677b060e2cf,29a74a196a3fb2a16e305dc9
ebd0d3ba6296f990,732abbae615a7022534e76ab
8a818e09702b86ff,dc22309dc702326c533a8314
942d3fcdd72f6a7c,8c14904eb010fd7a105236dc
1a90b1442daefc0a,c67fca09b20ec97a7eec5f3e
a24276dae94c038a,b9b6a992363ba6d31052049f
715b773bde402d08,8f69c7c3651662cb1cfa7c4f
207fac97832a1ec1,c9195c2b10126a107e4fbab1
135e30e398726363,37d39f334714b49a2b0cb373
84cafa4e56d480dc,01bb6f2ab805560eddbcecae
8e32c78c7ceabe8a,6709fd40784e4c6c4601b968
3e063d0e116d625b,19f0cfb77423f38acdb077f6
90dcd1c7bd2cdc05,b168f9a852c7f826381b61c4
003e8659bea01cb9,ddd5cd13989db2634efb5b58
5f2672ef484aa07d,5af21b25238466b4a26d2479
79bd2d1fd55f7845,7a7fa8842976481a687b9127
b02940790af02ea9,46b385252ae607868e242fe4
a746370f75fa00b0,e92f48bfba75e39f133513e6
f16bbfcdd2b00bf2,2d0a55adcdc17f07f35adfb4
c1157b12b30fb91a,8aafb11e54b2511449ad7289
b7dc81db0c9f5f07,3ddc3e2516497fe0238de7c5
992cd9ae8f494e54,7fe13875935b079f9a106b45
0667cc8a8a3259b6,80a4152293e8bb4503f70e23
f013d98f4476da2d,d388b1101a13503abfd98c70
cf135c13fae4a112,157c8c99caffc0998b410d9a
1b2d64f38126d785,8477425490478ed082c0c4b5
35f60ef419c4c8e8,ab77f2074093191b40c097be
bf12bb50207d4042,126206a978cfa297d278ce49
c444b8e71bf6cbd7,941b5d23b39b1a3cb9e762fc
56d16bde05997292,6ae4299b4a2853e72deb2dbf
29279c5dad809eff,162c08ee030fc0b86c6fa22c
7e7918c41880e91a,1ceab89960c1a546f371277c
36678136f9c242e7,4abe0c7dfde1f1a48f3c5b68
a06f7b43365347dd,b4a5e22fa4900a4c2d0602c3
ae4a398504d330ce,bd527db67673c33c07bee98f
c89c68f1e96d3e56,c0ca4d1d6819dd52a432fedb
9655a73b5491e8c2,aa76d93d0bb98d7787cd51f1
b29284531189a42c,11b3f182d88e294b02e507eb
e6b8fdb18e384001,73e9fcf655851acbf4a7a56f
148e244263685cda,2dec9fc8383bc94f1e9b4744
06058cb73097940b,d78815e6207f11c7232f7b07
d96a7bf29bde42b2,8addf0ebccb9fabbd893b8ae
15c4126d811bc4f4,b2cb612e719b22a3cf50e45d
e196a4e6d5640642,2adb039b3c5ab485bbec4487
d6847b567bf7e321,f0ddb06ca6e2ef3b00a586b3
2153bb3a90fc17b2,bd5aa0d3b10f394aad3f6494
8d31ea73e98eee15,26c96f561c289d13521b9c20
f5cd08122e806c57,b98948cc1d4b42c6d6482b18
f05dc6b545d8cc44,fa40f3edde2a75838353f8e4
5d583d68ff6162c6,0eec0419e2e022750822aa27
4c0cf60a1689599a,abbfc708144776b7b568c6e6
e1cbe51da643ca07,ff67f6e29a4387c3f58dc3c7
c7a99ea608dcc193,1bc1080fa0418e1be2ab399a
46a7a1995d3c4215,319564fddfedf2a06c588861
ff3e681d9ae163ad,df32f2b46901deb76bfa1685
1dda64d67cda61f0,6762bcca6b1b9465d609f6ab
f97b14e41ac69daa,2e52529340b4e412cb4aba6d
bc8121fe4508b825,2efaec2ae3605ef15857802d
7a03f7e2840c893e,6efa72283bb03d72347df04d
55d74c04a271009e,0374f9aea2a7a0135cfba1b3
040cef9da1696603,f6d0b8c16408493b64d98122
9db2c4ed3600111e,250434a10bb5be35d3c5683d
77db4f487947e1a6,e9e5b60ff1505aa4d7336ca2
e7906d11d35b573b,961b99c912a6ab448c34bd1d
f89d75d50be2ab75,af79b72cb353292c14044f84
cc2bc4c63d20e5c5,dca041807fc4cc333e5cf81f
3daf1e8df4ec6114,55c02dce599c388685d48dba
a9454e7ca05b8889,743db95051cd98719ec6ea1f
322d8091ebbec26e,f6999bbd4934bf3d98d4e418
36bb202301cff72a,c685124c5f9a67ab4eaa7b91
67c0889382c6e4bf,eb615ec4bc9aff82db2e2d2d
570e56e4b0eae0da,db0108ea3c6a0d6b7b1fa881
7c6f3ef494c695dd,142e9ec621f7ac62a527bfef
8996a0d2d4f8feb7,60a276a5224d79b08d2ccf5f
26c3c079c7a66d30,89cc4cecf72c356192a5f308
ba4305c325467327,d8a5c8a86e08ae6b60c08a70
bb8c2b37b0ae84cc,7e4e48a1698aca6345becdee
b8001dc84c666ced,e33017a9b91ac3a70af4d679
e9112674fbbe74fd,7e9619ab9b49ca1d01398641
b21580097e459eae,ce44b5fe1f86273f819a84d6
a0500a78f3ff4795,785aafae35064501ab14b648
7a8e9eaf396e6ea4,5ae639d60d192e3532eb8716
9577dd29ef0acae3,dffb38ceb69fa9a8d22b4629
37ee4a0d0650b902,218b298c6eef10710db9301b
d02d549c329455aa,e9cd3033746040723262226c
8d93c536ac36064e,284247181e64740af7be1f0c
029dcc9d59e10292,2c02a25e5c046dc7f79b4424
db6aac7a3a6f6656,a034c483dc151ffb05d6190c
52577e31f9839a14,643a2d49bd4943dd61f002e6
29ee5bf2e31ff098,c8bc6bd3b6ac0841821d431f
40c5850efd90c1b3,0e391ea40c1af389cb8b777f
5f566f20d03ec2f8,1bfdb6a5f338c730465856b3
dbe7f38d893502f0,e180de4b1af678a280b52c54
526f1aba7a7347c4,016c34eb609b1e96c27cdfd9
6250ed47fe29c282,2e51536420fe23875f46ba2c
019e9c408090490a,a248493ebebeb7bee499e952
48da91795a9f123a,cb4aafc8defac462bf8bf9e4
fd46f0c508b65e40,4f097453acc008a9190f2942
0392cd702639fd25,ff92b5d5cc4c01fd6c1ff45b
ba448ec08379bd65,3b68f373639d557433b40832
c5e5f8ff3cbe22c3,756f2b14039b105ebb7043be
94e6a27ac19d8db7,3afa3d2f2c78ac53ccdf663a
d3a473d0f8244037,bff4c0b5a73296ee607ff237
1fbfe796e035511e,c895ea51f3c3e277cb905f20
1d5c95a2005355fd,0fd299834d0f8bc4781690b8
ccc28398003e1bef,9c45ab992f97f1ff3349f7dc
83afc7e89965938c,9115d52b69aeed2febb5bfae
a0acdd574207083f,f8f6b250849f97163838a7af
19647b1148dfe070,a8d601f2a061d0179766802e
c33a37c243003d16,cf938c67a3afa80db49a86e0
85a00872c0991f33,93eadbf69596776f7340cca5
163dc4d2913ed549,a9182036aa85bc5720f12f79
29a1d10066a9853f,44cea9e18c9b3c1f9159f16b
2696240e9ed5f96e,4a37e19889b211a791f34427
c9dc168e96ac3c15,f76f99eb1b8ebe15e4cc20c2
96ba820bf4996b53,d1e6faa56fecec6c02cb54a7
d317c421bec43ef4,22d12eb8dbe0b9be1b17b399
0935fa5d10b64af2,8bec0c2059c630122d979cff
91b76012c425faae,f4a5b5644302330063fe92f2
8bdc3ae673a33724,d123dfbee9b41086e0027826
ca27f439b06714f9,495a9b3bd1e12f84520b37b5
9307ef246034a7a0,3754647dc7b65d52a4b678ad
1e463feeaeae3302,5ed72d08235b4be03160e6e0
31bce68c3d6606aa,0cbc7d650b3a3b7bda7c319a
ccd888457cc229ea,2af8746cf2a99a0006993dae
0a3bd99ab5eef6a0,d01ac0d70ec6725d34bd54b2
c313d985bb3abc02,c637ec71b859f10568f3e84c
d1e89b5410c5d419,41b6b8fd3ba2f2dea4b1dd04
b1aae9a647fa0b0a,2749fcad9a697e60517a1129
c27298857629b09f,db4b2afc628915312de00321
4a2555d61a1978e4,eb7d441a6793f2856dd167e2
6388c448ef724cc5,d947f22081621175eff70136
9e59a8c878cf963b,72f1a5c03a46150b3da31207
67f081a9e5cb8ecf,b7fb710967debd8623dc08b2
edff1b0cbfda9c46,cb52d32ebaee3ca2a877e74c
8c2ab55a163c23e6,93f2f48b72964e41162ebcca
10674c99bf4c3789,11451b6c711185402a5a2816
502a4df9b2d9b225,26afd794ae9e9021c645c3b2
57bc3ec7e3ab23b0,aab1c696294b3efd3adba9a8
cdcc4c2aee143761,dbeb46a9082dd65f626679f8
3d6cf22b1665ed19,a8ee50fdcb1bdadbd735b474
faaf54975ccfd76e,40899ecedf363214f5a8416a
0a3ae038997e14f6,175581b1c5c49436d312bcd5
545afaf4e84dd7ff,71bdc3f75088b4f313075e2a
51adbd95fd5a5869,124832932bc7a06436045a23
8383aa14c93adca5,57a0ddd983ccdc888fde4464
a354da8b728a60e7,810449be4aeaebb0d747ec48
bb0d914ebd02c062,d77a4c600680534288cb47a0
cb7b20551ec2808f,5f36415daa33bcba9876d26d
41bdd81f5d45469e,9f0e205a862b6045a1ffe7e9
1fc3b9c4d6b9e736,01aba4493671e1efbca85146
eaf5783e4dda943d,68e377aa33d505c9eaf36c4c
64fc6118772c7dff,c9a2584a37afed17de22bca9
640aa9625f30d5ff,f71192afac51064137ba965a
78834d1307fd0713,2afa4bf8d9dbccbf9defc6ee
8df85f07baad7c34,a6dd81a5f184b976806737f4
acf270ae47a2b207,abf6e0b5fdcf74e9adcbd821
036c39886c1c3064,68568b3a1143beac01c54f44
45267ce6bef9f249,7e0b10d2ecee0d7328682c62
76b59b1ccbcc3ce8,5426b9a285c2b6cc715bb515
1a74b403e54412e9,7e0872fa4ff1d505b6596ea8
dab4449851a0ad98,7e22480c4fab05b2e46a8664
a81d6ab488b26d6d,90ced8b1b786549df4f53c05
a96f7d8edeeac3dc,b8a6b48302c924a5a39e1a2d
8fc8342a2a3e1d91,21c82ede4984993f69281484
e5f3b663fe77b9b8,02f5303f6adbfefe162f9b0c
8c514a528809c17b,e930cb27d74749259f343dce
066d341260f5c11e,344f56d65bdf7dd815263782
e905ba64fe3500be,1ac71952748122113e03c07f
febf8b5b97734994,26ee30f56a176347fc7f75cb
54a2eef959762efb,835d85a8a72b1d2590811e1e
4dbc2b0c90af8ece,3ec017ada1aa4a01ed49b88e
ee50460e46ab2168,cff22eb8a74ef30d76aceac6
813670a1cb00e91f,231a5cb33eb4b95d26ab9019
02ce3393ec451952,5dc0063a58bb5cb1ed3fded6
63b3fafa674b1a08,3ef7e7f97d6add69ee8428a8
50e221b1ae79b392,94f2b503db38252f9ed96863
f92a870b58016982,b42c61b04db9890b92108be7
d5e98dffbeed0e9d,96ed8b21d92604142bc04bfd
80ad6433e50d162a,f84bbab44c3926536024a926
4e063535a18f203c,fdf2a2894871e32205b6d59b
6c8ed41fcfdbbd9e,bdc3f779b96ce03d8942024d
3c7ee87fb91293c0,83f10b4583e827147ec061cc
dd865d9893cff29c,3f51f7dcfe2713a1fb59ff81
054d405152869b8b,aa937dffee95b3523e578481
d2dc350c256d5544,86c918fdb67c96a22748a409
9630c7f808c4c63d,81e3929a3e038e040abbbcbc
4e3164c69d0fc2b8,19517d017379dda0897c3cf4
bb29e9833988fdf2,5b1e822810a24cbcd3c449e5
669223cfddef5d83,a5912b5a0e104f9841351beb
05e975d3ee9ed4f6,aeec609bf56be3386697d135
b8f7d015dcebf6ab,4b81f45dcfaa2d12cbbf2184
d780aff04313380a,9a12df3572b65e0bd606a421
1d26fdf6d17bf6cb,9365964b5ed4befe9cbc90d5
c6bb80d266808ee3,201b60de4f49db14335edb8b
b885d9f162f4d1fc,fd45bfa18048f060a5288ef6
fb5ee52363d42359,e99c123abe3190fe8db04ba6
5aade4d66655f907,ed00a8dcba8fe1b9023b3fba
7e444d8e94adb7b8,c411b14eb08965c28545d5bb
565fa121024f3ddb,0e893b74594a8becc5c74c1c
5df27cfba24c6579,4c83e9caea95df6d5870ce53
6e06cb581d380b76,4956d6db33c3108a1507dfab
6e2d32b3a714a84a,3f394b7a5c888d5e9f4772f0
a518fe3fe2dd2b9a,c5e8e165cc9ce72e1508ee5a
59ea3e0453a1e53f,bd61f4000b999601354de201
d3e3eeb8adb7f36c,d203df22e97961dd02bae0e3
e6b323ca7c798d5e,b85a9f300c6ab35d03e6ca1f
d85f40af1c932297,ab1e8ae2cf3f8c70c7e55b37
7284e429b4915fb8,d0034538aac99d36781a90ff
40121d70c7a28032,be945f808878248eed59106b
b136e525e18b07cc,a84d534d71beb2cdb9cce463
a3d8903561407174,2c613ac190e1ace899913805
7c73ac8ede048fd0,9a8123a5e57e8113d2026cd3
8c867322e1c3e8ee,d6ac8a98eaca0a99091f642c
acf0bfede46f3907,90b151ab9455168e788ff1ba
3272739d8bc1ab57,5434950b5f64959f39d83893
f38264116106a17d,3294c280e8196d3820841d5a
bebefa630d459aba,e1da96e5ec1ac6a5256e20d7
5a66bdb98794140b,defa9d45392b7931f5732534
046a300c6abdb1a7,0917a263875faa8f76ec04b8
98bec9f0fcbb82cc,3a163fb1b245092c731012e2
420f68e1fa1525c3,3e8ade5061cf37278e911284
3e01b054b6ddc29a,ea4f722539ae5a6e40654b0b
f044a0112556af2f,4c0b3a266b7fadfa61ffac4b
b6a12ad7b142b2d0,d07a08a6654e9f7b81d65057
d92851eb83c63477,01dc6948adf764c91fd53f46
9bb79ca236d16d02,2ab4adfe6d145c745268aa2c
932efe533a7739ea,89f9408bbf7af7a96807fd84
28e32a5fd823981c,52a1e7a7cfa04370fdb11e02
1cacc5f2be61490e,af9d679ada1dda06e9ffba78
45162d61cab03897,c0db11557414b0ff9db5a4b6
c10e8ea5dcfb0c38,76df12ccc99ce8671a18acca
c4078ccfacb46d98,7b24726a9350c752aedcc622
6c887a133eaff2dd,a3eb14dd3ec493ec5dd69bc4
51b02a077d8debe9,5c5c112e29b0df8b72a12f51
0fc1737abaa15572,dd2f4a3e0ea49144d2e6aba8
911d0f90b5256070,f6f777ba10371df3738f05c8
4bf60264f56b681a,4ad14948f71f50885afbe9d7
2d50595b226b8071,24fe7bc28808763cab3d041d
38b556e72dd130be,556e5c9449f76c44d683e1f4
ab35990e2bcbcdd1,a2c22ddf63b5c3564451ec67
e629dbe3ff02e032,4a1ac03da0524697cbbdb551
9fa9bae59640a148,c33092309e5b828d51e195d7
0ba8096d905c1da9,b6bbbdbc054c1cec60ee940a
112992e4021e1d8a,4466807b686c9bece79060ed
e352d213d9363384,066d014fdbb1a05f21f27c8a
1eb9a4c20a4d4cc9,da79a782a23b2013186f9269
217969ee705ed2d3,c4d754f6ed864bd7ad2e550d
91d85e0c08ce9f26,bbdf800a62532338b29a8fd3
a45f67e7a1a4b059,656f7784898ef63f514f079c
9b739eccec7de64d,a2ad15fd5999a7d910bcb98e
5422ca4c985ecc44,837c821817f0454fd1a9b6dd
0ce3253e4200f070,ffdb56fe6828fb158e68bc28
71451203e901bb27,1e028266a434895c82a6db08
af034abf262d1a08,4a7db1b82ac013492d4681e4
86b3f5178004a196,db80318b9ca47cb8309eddf6
ec6bff28e7e25106,8c421960ac17b2b98de218d3
cd3f194040851c49,a64b006f2bf1072f286d0118
db3354e01af3921a,e87d223f7fdb058fd970c315
b272ced43be72b8c,7f0ed5fb6c6fcb70894ad53b
224f8fd1814c2594,dcfd821209b70bd28d891e9a
f61ed16398c14797,0371e69ff4b69f3f1394f0f4
356bb71773915891,4ea7c5f95a9229521c9744db
62d7fa35ee3c0edd,7bfa8b162bf62ceae388ae9f
4b99d03858ee3bee,8de3f70bb57ea9eaf061a047
c4a7c9c51fa6ca6e,a870f56d43b6a1427ba0768b
62e51377ae16d360,6c1e6208f64c902e3209fee9
27a63f7694dae1cf,07792dddc527b1e97a5a29f8
543f9042ff067e0e,3a4958e84f06141dc8f32ef5
ca02b769ed372b5f,01b85a0e5c533addffaba051
006338e6d9fe34db,f45bbf56635247b4321a84fe
61e23b39fcecf03a,dced1af829cfdb001acc828b
1e199ad963d41cb4,b88fd28c706381238cf46e7c
81b48086443a3202,081c287db23d6198f23c9970
4cf9e928110cf5da,03e450760b57ddec03c3110b
6860e3b6646580e9,5ff7a8dde7437aa470cddd37
955128f52e77428a,d0ae61dd3b2b66ffce97a6f0
5cc853ce31ae82c3,c35622ad8ed53e4fb7ba3270
e35a953415555e65,f3e0d70986bb5344a112c7a9
2c7e6d93cb4fa4b6,0660e9c4cb1c7b05af5adff6
ea1d71365e10eaf0,a0771e5b89d92f50f57f2b17
bbb3d5d7cedd16b4,d60a1f0cb6fcd64c3b07ee99
eb2d5092a2e6b2bf,e85bf07f04d459b9b10800e0
6488aa6455fb1c4e,b412e5940ee89e4378a43142
9dbb032b9ae8c707,1b6650a7a19092fed0ae590c
71e0b2b4d0720572,3a74834482d7d48eafccb3df
41e790deb1caf856,d59a253604100cd2c41b698c
0063c833825a9317,e43ecf9457576819a6edac2e
48e577eb6e40c6a7,d7c67b25167b0c90b7141e86
c8589a659155c068,993faa7d64ee34df4a346e6b
d4e9d1622d10b5c1,9c47cee5b2cb7b8c28b8d722
8eab86f94e501009,2404a128b1bf971cb7e3403a
9219d1479d944caa,5b5d5d5b93c0e01aafeb77ca
7711811dc544d4f2,12ddf7a45e8fd14b02ceafc7
e63c19a244f9d02b,67574b6d35f7b59dca89f36f
1dbc691511af64e2,1d075055a1866e68db10a3fe
0225acaea4d871ce,b1875760c39df1aac2838176
dc79d3374139aa0d,09a59cb4973ce7fdd63e31af
aa250f98a6b6a597,8b3cf677a89cf01bad352564
d5804cb000b69e8b,e7bc5fccf873beda86c8f95d
6502646c3b8dcb8c,b7f93b02f9bf0507abe3a7a2
156e1f24f8ef8ca8,b22ce76747f18331a9c006cb
610751203577d29a,178de3a078804033d7e686e2
5503e0e442a98ab6,25c3a6b37f0654e144a50ebf
a9c4a413aa114635,743162a7680d6a81133bd33c
a6b26a9df7319093,315ef05bcc06354fce0b6838
0ace6dfc4dcb04d0,390aa730e007f7453436e60b
24e2df7c50bd7d9c,e36b310fd4be4274dd5dd2cd
a39af2f603429ac9,d27fe0d4ea486e9af5094fd7
4d5fd96c6917ed23,125c310cc64b6350d5d02eac
11617dea134b48be,4623ebd4d49cf37334e95bae
c88e87382b827d73,77fbf4368ba974b734d2735d
7551d998f24a6a53,9b0a5bc4bad2cbfe5a3ff8a9
e078f227c3809036,7f23cdefe9a9e7855867f87c
ecdafe8da018b51b,e118bc202884e6a3b589a03f
9114d88bfce4ed19,d4bd60f0799e719342d0bab5
3e21613831cee1b3,bcc5ca173a6ffc0b135549a7
30bab2d835b714f0,05bed512c3862d2c9e30759f
5aa8e296494db923,26f41273c59534d683b81e59
d5bf5e9604707955,c4f2a18416aea1218df7dd98
c95e845a73208a2a,bdc6623c492544a0d15af311
907def412eab6734,275e48819807c8ef6472dc62
f0f4dd273fe6ea5d,965afc1a06e48bdea0b8b355
1cfac6362da2c5bb,2008110fb2880a4aa52d7f47
6bfeb8c5b93659b9,98b870fe6dbde4cec9891b19
29507a72dd4314e0,88bf1a4b14ab009678cff122
1cb706a95cf094ab,fba28aee20c8e7675e93f545
c183c3db51a24c70,78783902f45090f014ffc45c
501a5909c104e4e5,c933e2822aa498a98a0c4d50
75bb428a66ad4459,79015ab96c54a356547a188f
f4607f9d3b1b027a,0ddd0c432d0d1f8df9398c8c
335103f1bc69e635,cc0c3d49ff254d23cc6ab06e
9fb4d54237089cab,d4c52a2092e352f6867f62e3
4455b01e7663dbb7,0055bf3f4d60d155d34a3d8c
d70c6ed83eda5e75,2546c750797018cf2e13e7a9
93c312ae008eec63,0c7d7d77e8fee0eab41d0b45
feb0079276663cd3,003d4df4f96d8a3b542052cd
799583a9ad19faee,a2d65e16852a57c25970dcb6
0d1c44bc10679b68,ab9912351c34e8dccb1d5cb9
c610b0d8e257eb47,489b098f41142681aa63653a
b9f8596a72240dd1,a9193b3d6fd33dd9ad54624a
f70f07c6c2c5cd73,83c5a1fbb9c33cec64434b8c
9a998a4b32116bcf,a499319e000d79144f2e399d
64531982e2a2ccb8,0561a932da6389dd096345a1
eda79bc5d9ad1de9,9db808f2fc4b253b92afb9b0
5503415a2c263c13,21e63a71a3c3189363079915
90bfbeee28e0ef0f,e33131cd4ceba2129a6a4f8c
f673c701279d6cfd,73d3634848288493cec837d3
d17a0c2aceb7ab82,659703a1a4499b8aad9dc783
690af17a8965aae1,34c4f07d692fb7ca268d28e8
3da215b6f6f4df58,e67b731fa73df9a7bd623f18
fd49981431a3c315,37d2fcd3e5a84ba8256716bd
d322b50474916147,a23ceb5850a524d9d66a6130
100318ecfd3e903d,ff538220ae4876da56b13e06
51ff890556205be6,a382152a699f77a7219d242d
f059b7026046ca63,1f400fc5e88cc2a874ec4cef
2be98afe93065966,bef422cab922d9e00563fa1b
1a753a8e1cc4b203,9d4c29c00d260875e04447f2
4fd63155c68c801d,0a8e74b1554fde73d73091ad
1367f7e57b78c0ef,a9f51c3bb5aced7bd1588118
8ce477edeb0e59a1,75d269abc24897afd5d3d28e
5dc26173d8ae9c0f,2524bd3646fcf203fa1af5d3
039918e5862498e6,fa53e599da1e6e3985b8b638
1f94368332866281,9954212ee3caa5bc1689753e
eea0c37b295b462f,c253bb1aeed5aef0c8f3f584
4be015b61da390c7,d20ec3859037a95c68150e84
ac749179c9594720,31136bd1faecdaf5dbaf86b8
675c03d092d611dc,fd029db8155a89bd8fc30697
5eda3b964e36707f,835b8f6694bb4f4496c9729b
fbd7b842caeb5589,c48c8d9ff6c955e555eac4ca
cd01bff2a757814f,d3bd63e6022c878393d476af
40f32f5538df1820,3ee08f116326796a26262916
a9c7917b39471cd2,4940b692c888ed87f3575bf9
9720e9fef26b4ec3,ce0e8c0940cd942883371158
977235c2e3954014,9b1f4717798efff216f5e688
822640446e9ad639,3a25d10a3852fdcc7be7c70d
6e74bbbd23c3c6f3,083eb1ae12040400494d24b7
2cf0ca5f9a29cc59,41b775eed7675821c3150791
3e90b188b6ae26d2,03c5e95ece339079a404f43a
52544919b968a70d,8957ecd8c038b876630addba
a2807502b59cd147,b42e6b88cf869bf7cf847380
7069aec99c16cb1b,80176cca019513584153829f
fd1c9ca2ace25e26,8996151388f7e3980d7b1b6a
54a7a581d5307b62,1fc82382119f9b99fffa7df2
0596c18c38e59167,098322ed92b9ae07218f400c
2b8403941fca997e,210c549c4a395006e6279fff
2aa5085c1637b412,492a7d1e19ff9af0b0133f3b
a14c86e460d2dc4b,51ded24f229cd3605c96fab2
39831b18683c61ba,f8c65d14117ba3d97d10df83
a9dd5ac952810146,736141bf96d0d412c50eb15d
a0397179ae125d25,b07caf920d80ac1927ef46d7
6dfa957c5fc20c02,6c2ea8b44bc187e41d608bd7
739e74c5e76bce65,486d1b96e82e08a2d00bf193
cf5f3a8e83c9a549,052588a25577c19de2f8bff7
1e6dedc539f132e5,bbad60bf2ddc1037c313ae98
1817413b05c5c258,829249d27ebc278df2a1f871
9a6a1f35b20cc6c2,d9003f1455b48ca4dfa302e9
d40fc191afa66619,694f281596e8038dd56ceae6
a35e669e6ca77833,3e6fd96685e786148ab2def0
77842b91b73547b7,075df8782a97b6c724d31598
bde14e24705f7436,643fc8f64761c4687f92c9e9
284d4e66ead6f8c8,bd0349e353d72c584bea15c4
d5966c8ca576d862,3222d16edc5a7b287b0d9349
648fb96351eb3bb1,1be8606fbe4a4f2f019e6253
9f03184510b0d641,f9568b37e930a476777ad970
239d813225ca92db,713b8a7b58d73fede2df028c
eece7e63ca22a242,3d87e9eca919885a86afcf68
2dad24cece3a6ba6,9e6010fafceff72ae09284a4
94bb8403b70383b6,1357cee05e5d58a2e15797ff
d677fdb93758eee5,d68a18d29ec4d650ffed82f1
412197ea33335e08,dece8fc9a37b6833544f86ae
e3b2c2e47537f362,d55bccba3baf7aa9c0fa5293
1e7d5e418c94d254,7243d5faa298dda00f9da28c
ce51f09ba0a4114d,8e7db9ff0d9eda1b6c7b9520
b64c66a38d0c2ca1,c44be0aad4ba7b811dcca8a0
bd8a9fb7c4763508,2257a34f00f9649f235ee4e3
5d539667e4e18a74,7b1c33e762c3835721caa286
8d369a9ee1be6006,e07a89a884467d6466a3f4e7
349db5108a89ce21,be0ed8cdf4facc0d11465730
e297ce86b400eda3,a479e59871d18559fcb8e338
4ac847ef7f61534d,c879533a19b774fe544096df
51f8d5750b83f6e3,3a08a4865a5597e8d3c73cff
1fe8169532e4873f,c1cdac9e860d6b54a9844abb
1a399525e86a676a,2a4e4c428ceab2f362a8bbb5
2218ec6f22e2dece,6e00bc2c93bbd127c96d6196
5295ba66448cccf2,f95f9e1a6a1f44c0e84b866a
bee4178f847d2610,f741f28bcf0f2faf6cbc88d4
09079a79f6d5c6c1,c6a95b3a531b6489b015f14a
aea1b1f11c2475c5,5d35dd064e13b9810456b6d9
d965f326604ac7a9,e63c3d7e594de3bc45a9f081
b7e3de5eaf400f50,f8cc4832fef69a0ae667d2d8
5b70019051e356ee,57593c5dbf3cf7dc4c44c416
0e34b98992f8730f,55aa5bf520ed743c8182348a
0e4de0a09b7a2c39,2e52be904d7d674dc1901f0e
c4ea8b17743aff34,e6c0405743a01d1d1cf3ddb4
0a4e614b3850e9e6,86adbf93af024004942f9021
afead6c190cccef9,07cf45c2c042a612098e959f
d8a8b2ef00f4e0d9,f1c79561db9924fb0b5330e1
c79e97c58ae51b4f,e4b10bb209c46a03211b27af
3af956fce946d24d,43ff11d28eb0caeceb139521
c53b60f47098b19d,b3ea5fbfbb48533c3ab1d4bf
4da00cf3e32c70e4,6099d6b465bd0fefb9b0d015
fccfc8da77fe094b,3b76f119b9c6d0d676554858
94ae8cbbcf435b54,19e974d9c2ec46c7887a6b42
b4ffcfacd7aa4515,1d91227772484cc3536cbcd1
d91c17e92f681dc3,a1f29dfe1374183744304b81
11d655b0fd61eb3e,e3e90131f2c0bab0cdd93495
f2eacbc8487d147c,a9ea6ea6894f3a89a154dc1a
1ed9e894b8170592,aeae1eb319cc53287914c429
90d1cd65c78997f1,7ac17ff2c35c752a794ab276
eb2642820e9eaa13,c51ba772bcac419b65e5964d
9824f974cbd2f319,0d2e92b15f30b6721ac94eef
e322895d47cf3586,e31398ebf1873fa6ca7f2617
fa2df53ae6f374ce,f33bbb35c3f7c53563f8eeed
bc79fc25143b27ac,18f90aff4ad4052ee5dedb33
8fe4dbf34e1e0550,d2ae7fa716e67399fc5c85b8
85729defcf1fb2fa,650dfd4f494a29e4cd2cdc32
615d40f009e593c7,82cd3494cb446c1568d2f553
fc61b49d57f5cbb9,6a3b018ff8087b5e2f130020
89c6e59da64055dd,b67b49f4d5397f1ae5861b0f
03a4e874d9c41454,67edf018a9b847c13c0de23e
1484e5298bb95ffc,36f3057db94156c99a4408dd
b196b5d0280a4900,146f1648ce5d8a5b558340d7
5d4ac6dee64cc013,e7dac2455f358a40ec47da23
42171d60f10db44c,724c6fac3d3582ddc9b24a12
c264fe95ae3c0a32,0a4138374041c9ab13c13acf
33f3717b93e8c8bc,f83e7b75175edc544eaa0cc4
d8cb3bf583836b82,839f93b1683893a727f75104
de2529f878512e34,7df5f2c8571db5699a1f4408
de506b57a191089e,6947da9517d215f95705d8aa
d76fe0e70d81afcb,d7d0bafe89a8839dc133b453
04065502f20a71a5,0831591f31c07e977beedfac
a7ce6c6ef138b00d,6b91bccf04cfff677f4f8c74
a36c960d97ddace3,0bf020c2ddafbe8b2b170627
e75c70b52552fba1,300f72b7d1a95bf6a663782d
4889921023e4abcd,c3b6f2ba6f6aaacaea12f7f8
86f90148b9525a23,8e451e0117d464a1325cbb02
058bb2295a83a2ae,03ab33e3a10dd690854d6cda
cf37b9a5772b3b06,88b8144ef93c9337ca1d56b3
5113b4145f282d5b,2d6fb4356d22d1c3d5ba77f6
bd95fdbf5d0b4c8e,1aa9ee3e4b77f328aaf1955c
b26dd7ccb0651004,3aef061923cc4aad7644c601
8e4772f63f814e47,e92f746ad82296a131692b8e
ac9f39cbc53c3be3,db9709f3299939301db0831b
8ab350f34002768b,fecc17121ec2d50c8e1a1bd8
9a1e3f45f451ddb1,7df76460de04c2b112e6c36c
73665d50f5f8774a,6fe41811399fa6a87559a22e
4584765e76cc8d76,57b2cc006f7b0fd0ab8c9a9a
afd6a9752a58a06b,fe18185a9caaedc12141bfc7
3ab2359edee3fd5d,da1a8271b21c439392f17f6b
c88869c7c583426b,37903cff94378af913477000
1541f8854c3735fc,5ad596e012781505692bc556
80bce9f833663df4,15f3c53a664bbb0813321da8
07932ed51034d046,bb3ecfbf9803f6a1ee35de9d
c479cc6348e08092,52785ed510e10d92e2b142eb
ed63e06a77b73df7,ef60a19882165481e15cfde2
294fd309070aa1b2,cc4282f3744c58baa87f6c8d
b407a046dc299e97,8eb48dfaa2c4abe5da4365bd
8c62ed56dc8049de,adc8dce0f422cc1a2334d74c
e69455606169a247,ffd2b66fdf47217b2db83a1f
f5e80766d3952f90,a16b6dbaf9ca4c5dc7a42f79
2ee68f9f4e8596f7,2708e85fb338ed65f94da426
accd0d316c384d9e,8e004c30c7876fa4b0c7e28d
2e78b4967afd16b1,542f34abdf0b529e438991b9
c66ea416176692e5,eb4a8b80f0c0eabf2b95dbf2
aa5bf5f509d17d65,7c717d7d966abd6eb1bca90f
fdce7afe40ebdb2e,a89cdfa49b15963ca192791c
4458f7ef13eeff84,da9faf9615e8cd4913ea0acb
5b11c4b995a35da9,30b9d7ef3d2984cd8e77ec28
a1520b7f4f8135bc,cc2e02bfaaa53f0dc882821c
4dc4d51812918f63,f53610b2d0ed2bf233e63a85
5a8cb88402daf7bd,7b03235e37f19fe0371fe30e
cf7e84ae63f4d861,fffc0f791cb29a39c236d200
013dd6b584209c69,c2284eae246437c5805dd39a
9fa72906d4987d28,bf1385d7ecad1c4907e1e6fa
dee937ec987746f8,2967a84318ab33184512ce5d
8ef25125b529c635,522cc1f716ac26fb95c13576
5ad00cfdd03af29a,e89cba1fdd4ae46a3837140a
c0099143549e77ea,98356fd422a254b8836ecd30
caf5b87d80889842,e1206eb5123e04ed4373ed98
fc84ea9f829c27ba,a2d8a19cf44662660e0292fb
ea08dd29f393b484,e5c00e95717fac163f7447a8
4434fed871405974,fca522b749a1d37d15b158eb
e508700931376716,44bdd454dbb60e74dd0b0992
4413da48fea1e2c8,bb2a460e989e45fcd113a911
74989e3b81281d8e,7ed9c7032f9696d84303f28e
32a8c8b9cb91c4f0,247286eb12c5e4d6dc3b593a
157833aa36b79f9d,2446eb26510861f9d8a00fd3
16c6118f786339f9,63a1dd18698c4f12e0eabdcf
3bd5efd9da4ab24b,0db73171d44bd977ed4c19d7
3c7619473ce7adaa,38875a3e4835131b4e9a3532
adda78db8232dfb5,adf8d1e47f0866f3901a8856
43e0eb24ed0ab4ed,a7785af4f3dbed4fe0afc763
382a5888c057b392,17b1a3a9292c880186af1f81
d2da6bad68b08db0,965e6c891793cdc65729f9b6
ffa917934d659335,c0d7a29912ae0a23abe08bc0
6f1cb8f184986060,b6cd06fa346e6518f265056e
c5a359f8350643b7,6c82b203111855a004bcaed1
e1fe0c5c56d1217e,f2bbe1d513ce92fe5568a8c3
33f981649774000f,4fe1c5b1727b5b851689ac4b
a4ef63fbd70f186b,b6674731242bf11565319b7b
c96b755575de435b,afceea4273269950281572c0
6923983c51cb0d47,efab6dd977f230734764f177
a38a042cc00f19c8,3bb9a9504933a615b568dd1e
a0d24cf56e0e6bcd,9b5a3257381c6daa06badca4
5db85cc316b11d85,ffa91e197ae3c62751f632c5
90e35cb31002a8e0,41e7a24b7eb8ed482cd99f6e
cc97712d8df9a01a,932c4ae45e4c99eec95dba97
99ec448adfad2624,ce12309a8b2213771fc1aae5
a4daab0261191c32,8c743d32a06c6f6eaf6670f8
ce76dae23d0842bd,18301f79c7a05e8a78f0bc9c
21cfae01019c461e,88b06b5fdde70f1ed60069d8
4861e61c58e69926,b38face3a3c2d7011645e21c
28c65d534206549c,156acd34cea9a96fb10a1354
6e600861677e5ea1,b23769bf50607bc8c649e320
017c03e9457f21f8,8f33f6fdd6cd7dac6caad6b8
e1fe83ad9c1b3ddb,bf5b82c724e861b9e98bde8b
c18b9e5015388aaa,1d1552302ca33550eb0869d7
7e5cda611242ddd7,ac98dc6fe3f8e4cb90164762
373c7513fd7b877c,71aa79036ea180677fb1c7d6
4250b38be00039e0,beb19925dc7b399201e47b77
2322aae8a7f75a82,de6ab1ed594adf770b3f2efa
4f30642740c6a683,4e6bdca9ce855236896dc035
f0b733a8ddba195f,95d208511e1147e9ca2c6768
2f9004f013616eb4,f479ca64eb805b8baecd9a97
7f6b16b5e193d068,ee695f74c7c657e4898a094e
8d6e6b34f9502442,14574df8b49533c7b85fe271
15ff37d7ae24f457,f715b9ae90da39ef83dc8b2d
1f8fceae9f4b24ae,95bb9b1c672957e82f16d0f8
d94367d08591ae1e,ba6c2cdd0bafed355239d468
8dacd5f25e2c763e,bb0002985d81cd71fbf422ea
61bc38e809084c56,03985b189fa2a044248a8343
bb100e3dfd8f71f8,3ecb3f782bfe01e8cd22999b
d05baaf0fcdf53e6,1811a120f28f7cd2bd58bc44
ebdd4bf01a464a25,2645c5da107c9ac5d2a027c0
df68d69eedc570fc,7f97ef28a69ea7ddd7176387
4489f65d791454cf,c5674e3d2ecf0a8f8b509afd
ebbd0e7f7edb6c35,eac6ac1352dcf3db011764a5
6a2997f19290f888,02f2d86c3b47cd25a6ab8447
3776de9c7d761138,616cb5faaa2b6057582256fc
0b370c0921409d27,148de35115f2963e99ce4b79
d5cd2fb79777b551,d51269243c5da553db1d61e0
9cbffac80c84d80b,276476265c71548d5fa3df0c
350720985cf3e3c6,bbe89f0362c4a025b4302333
66caacc79083cf40,bb5fba9dcc1addb74ca7e812
a6ea290844d247d0,b0732cf1cfacec537e867479
99ed5414bceb5fa8,f05fe350a18ce2f17ed1d601
23e6e824338308a7,aed7a9b3bc90e257093f38da
9f9eec5ae07ea528,29b5a37e5265e3c6f05a44d3
0ec55a60de1f145e,c021150f60d79076324a68a0
c5decb02f3073883,0e47ea03df5ce72d193702d2
270a12e61a57ae69,5e831e32510593d17349b4c4
1cbbf9ba99aeae69,cc8123c2ae6001ddf5d5d50e
d00c455b93c3e706,625c48110b3591f468e1c65a
b926470e243ab890,8a2666ec8e14c52dc001748e
197aca2e5761a852,0dd77c5b2ce6effb3d2d1cb3
3388cecc9cfcfdab,41b3e3d92c513cfb048086a7
948eea6629696a72,547e8f754dde50959ab5c11f
70bc46e81fa995f9,5311be61a2099734d77f9577
bb06772952586b92,032f4aa1805e3f73197113f0
dea4b413ac2741d6,ebebd56dd1ab959b16dfa435
34382a2f8662be96,5b664a3f55b829c9cb15d504
f4c85a55a2a5da98,582e784e085ae7ad4be00a0e
ab160e2c340f5823,fee677f3c091d6b8543ec77a
2fca02542e150ac9,ddbaebb138c31b150e27c299
381d01c915fefe3e,242167fac4253e68c66961d8
ce183d783d099e4f,146bc17fc5a1229c102679b2
52d12bb8c8395b5c,39a5e4c8e20bf9b4461a512b
07e953fef317993b,ec6a77be3b7b77b4e687d097
cc707026477ca640,551654559b8531eda392fea9
3cf8f099db89ae74,d177c0f9b93efe27a0ac8e7a
49fc07dbef0dfe81,5c7dcb304c41b59ccc2bf1d7
f8713281565706bb,35a77a1402f7ab78d8347e3e
13f49dd3c5503f11,0c0b57c52da67f88658abe51
3ef8153643c49db3,50c8e0b278805cb72829fc30
f0b064507ea827ae,31e337ef9ed440c5bc8e465b
b3438e024433bfa1,3c0f03f9ae8adb152a974184
32b48fe9b2943cef,10fb137339e42408c31ccfb7
7dd33a3a821a4cda,bced51ecd2b5c953aef2918d
a660b885287ced8b,b528805e180eee9482167063
738a0a109c69ff11,4b2e9ca783c573d32319bc6d
50f44e2745b90f48,58c5caa7ca93ec6bd1c3e508
662195061dede6b0,10e8c53e4d76b628bea7356b
9ec2d237a9df7cff,b82745613cd2e846ef8b5919
f57d29c3bc25050d,523e997fb131c546edea44a4
6658281ff82289e9,f87f46163e1855e5ac513548
05df5310d52466d6,352ec0228467da209970689f
21ecb4416ae091c4,e7ac4bb66d0d183aa5495755
f9937f94ccdc03a6,421f4d84ee3a2631ff2746ef
8da94e50fb99c55c,89b44b87c7f74e9e6647fd70
191b99a8448207b3,18351be282ca9241a0286525
c46e7fc9bec45503,a060e09b0c8f7160a4b15e55
3c44f3cfb02af8e2,f99efd1f78b229073371e67d
2c9ed86ac055ca0b,1ac892e001956e430b91e20a
93a5b49e63678f38,1ba5cffad3f2915a3b5920dc
5d2f4b6ec6653aa7,6335e77debde2ff6c4b3206f
c97b7949ccd3aabd,a42326d9625348fb8efc9561
b84306d9b6725469,a3b77c98e4591289b339f643
5867f3b49bde180c,565fb2654890e6f8be39fd81
9eb4bcfd5e521db0,7a0bcf630b2cfb2da9bcf471
da7d83e81d79a44e,2e4ba080327ba4d287f00aa4
b3f67d62b0f43252,abe5e5dad96e015e49eeb465
bb90869f4cbb2a59,e6ac503852404e0e75a2ae88
0f85b92867706969,25602d7cc79a93cbd91b3af9
3ee7e7cf13416dc1,ed30fc5dfeedc3b7ae5b6c4e
82eacf0d9091b64a,779b46519899c957dbb20053
46c54f86aed432af,2c65872c02a001c204e1ce92
1be84234351384f3,b757c351e0a081a6da09d222
8d4205f77a217ce1,4e6e2a20140dcd7048ce9fbd
43d6e94961dc5b91,a1a5ab94e08228a6119cb34a
6c90d42d42b3fa05,a41ae81cf7f55e8d6aa1ce11
76e3f9264105d491,d564c704890e782fe0d5978f
91cda685421010fd,ffa4b66da5ccc82fbee4dbea
e9494439d574959f,0ac0eeb7a1586744ed91ca47
b0ee9bf181fc36a8,b8e3508ba6190c9fb7317bc1
d6a547fc5dfe113c,a1a088d68546069c5e02af91
073a4c61f4733804,43e655c6086040655e5e1e81
f6270f6c8dc76bd0,b2dccb3db9743986f7643dcc
964ac4f4eac66c82,efc85dc342f0ce750cc06f76
ccb214be15008644,c3376f518dd18e7b23174200
b503eb67b2ae3a86,3f1f51047300635e9699332f
90810dd50cf913f8,abfcedc062aed9f8d276bef9
65cfc0526fa0c3ec,b10507305f18ad8f9f662db4
ef5ed0d3f60446a3,812bf07edb0c992bd2cd6a96
84624c9be9f0ec64,1ac957eb17cbe9e84bbef268
755c113d6a08ba22,b139af7e54bd656491755253
92b73236ebb52259,66ab7134be9eef97eae54324
5f84e285ada7ab82,0b24fcc01f0bc69bbfac00d3
6a80b62e0a296014,251c8ce37517720164412e77
4dea07bd7d1797e7,76045d48d21965a806087d81
240c686fc3f12956,a169dbac0da2ad6f0b634f3a
ea83372b328103ca,ecc1eb791abe23e8a029be46
38d3783e9d685d32,49c2aabc1da452834ef84a31
721eff0fc1a79cb3,add6f795aabcbb15f9b3c72e
93e53c4109fb78db,ca33dae3231ca9e18558b7e0
2f68b9554a044c07,88e37b5e53a6c569dd6aa790
daa74118c2a9df01,21d4f64cf680aa8b329920ce
b0a4430bea429dd2,1caa55ffac209a0269575ddd
e7559c43376b189f,efa6c9bfe35d4f08fc30141d
6fd78a4ea8f37176,9b0d5d2daa3ed491c02dea30
11bced30c7c6a4cc,28a526d1efbd3eac218f7510
a365233ad096216c,0ee84846fe01f1a2e79ddb4f
562dd2bb402a5da8,2dbf93ef747fad12dc1524e8
f41edd6a00c669e3,7e42ca9025606a28f2a49ec9
c9563f722d66a662,64fd735995b3233d67752f82
a074e1f17d7ee4f3,f797790e1d947d3f3adc1254
c6ae39221fba1501,058351472fe269e3fbb5244c
aa206ddf6925c5a1,76d6cdfb2e20066fd3faf3df
5ec783b7a5525107,86d4acb86c50ec8a74aeb781
93cbc3740952ca20,3fcf26792fcc2cef533e1fcb
dc1093fe881b7c1b,55eea4b276667118b0924c51
142b2ed5ecf2bbfd,dfa282f7b9dae09d34aa3977
56806dcf8b697e04,89ee91a18f44e6606fd3199c
f09bfea1834818bf,a8ed6968a559ac8aa4598a03
3e3653d43fb544a3,6d01a22190b47cc2fe1df5fb
d2c8bd895a6f425a,16fa5cb83e983a73c43aa508
cf11f127e739503f,f408770a984df32983922bba
5d9d09a690ed2b3a,150bf69f2947ee7075225850
c0bf2cf829f7e42b,3a599a612dd1ca47e7e096d1
cd93c1358deffe9d,26df1099164ba571baabf919
7bf7ad50057f67d1,73aafd988c166179946b3550
fbea0c676d32fdcd,da63de498df5e3be6ad558cc
32018e726153098a,9441c2805f1cd8ca2a414309
90bab92efbaa6c6c,6afc4100c8267761639ea2a1
7ed18c1ca458d51a,206bad466856e39de65b300c
548d883c08f74f90,ca224a6ff5729cc045ed9e52
82a55b8e05c226e0,2b6b20e300746456cf2ab449
8ee04129bf33513f,b895fefb3a85e806a21bd889
75d42f75fa904d5c,b104d8cc50e31f07fd525e5d
94d8c5c819ddf0a9,ea07f2c11dd324197dda4fb7
fe193bc3e5d8f576,3ac034f047f1b8d68e1ee69d
9931537b0dd3fa42,73c7f4d0a1ae766b3bb21da6
2563685e41226254,ee4e2ccea34aff20b7d31eb6
c5aa14cfddcb9b22,f4571aa60381aa29c05bfa3a
90a22e9de153d7e9,77f7c161da73f2df0cba66c5
eea2fe38c8bedfc9,97efac36d842416274c7021f
518fcde23c02c9d8,ed4759bfa264068c23ec72a3
ca025b284a966747,d8ae32d916ce7b175fd5b72c
ecc848593cb6a534,bb4907ad2d73b79e61eb5872
04b36847243ec3e3,8ba68ad0f7acbf1daf7a7d49
8f6b3810a635e4f2,5d2c90cb30b66b775ab2b1d9
31fb477c872ec81b,8f32f928c5c130a42fc4d099
ce79861d1c21d219,b2921bc4a26f31e0dd7f76f0
d960926f8ffa1030,133e257c4c8607fafa8dbd08
4c83fe2d832cab63,95362d5301d2daa2c3353755
afc6a4ba095ca6c4,5870444beeb2d803478af967
2752021b3bd19786,081947a4860e2a2b90c6c730
7f6a3aa0c7b600c9,f1ff0968ed03741d185eef56
a826692f94ee785a,8ec146ce113ccce45d8b7f13
e1a00624523c18c5,26cf7de11dca28e5fa9f119a
2b9e44b256a2ea28,90c4f128e089727c601a3953
a234ae0e55f0e978,ac299aebe59638f366fcfd6e
e7b47eb1748153d9,5cb325313705f2e404cc030c
48828e367d9f254d,5a87d2a1a8ed83b0a959d5fd
2022dc245be9199c,c6b99dbde968abba5b43e4fa
55fc39c5740ebbd0,4fee193ffb11531e090f2b37
f8998f4cab5670b2,94fbb6d76388f563cc5d9c72
b47a11fe79eb60ae,18eae9d661a2f885ac55ab8b
5073d6c8029c9ade,5abf0bdd002b5905ace136d5
231d73c70ae68100,cbcb8585a8d13988c22b5536
3f214ba0fbd26433,68babbe218131ce5f9204588
f3d74a058cba5dc7,598615f3745abf2fb3ffb9f9
78ae41d3fc330e3c,b509719864029fdf0d34bde5
babdfc28d4b6c114,3f93e534e734d0caf406b940
675eccd113fecd6a,4d4b2caab41119e0077ac3e3
253f68d96b6a14b7,f226ddb9d6561b24e430601b
cfc709aa343ff3da,71311a333f830371dd5a25ad
e6da270f66a65bbe,203e69091f0b32a37a1dcf20
69e8a5ec92b810e5,8905d78dc3c88f224d544063
4ba299f36d01b776,50a58ea670aa41407af84116
47459a1849c8ac3c,fe60821816dbc229f765e127
a75e630eb0121216,c12986d4c6ecdf38d68b58de
a87daaad9ac43f1b,b05e7601f871c8323a36595b
ec0cca625ed21ea6,89a962b4278610e7092b2447
c1e41641e2d9847a,9c4fdbc307c137d07e01e13b
3e7bcbd763825e2e,303839d8f0d9383b7bebd44a
e5de9cd402295065,91a11699509dbed781eac319
c7f51c77c4c513e5,b1f39976d42d343e899ecd49
9f8d57e88c7d6ac1,07b3e99b436438149edf808c
b67b23ce886ce370,5396e00037c8d34c12fccf57
64a0156392f394fb,f82e9b62454e86db5e8698f1
6cd97c744893ffda,65bc5b871c21f749ffda1a47
c37fca708fdb8aa8,3111e6690986b4c67f0efdd8
c064483777de9332,1f7ae9fc99f5f5a71f45e9b1
1d7bade432135124,c112349abfdecaff4c8a5e73
70fffe0d0f8175db,87b4aad5cb3c949839a1369c
afe910ec393ab236,080ca367c9fa57940861cbd5
31466ff129482a51,f2649295b27e7ab1c29adbda
5d61a3ba4c75b209,9e9fd8a7f6a889cc846b143b
291a40ebaa826c68,d8eb51a236149f6220bf7228
b8d52e5f3596fbb1,d9565e90fcecc9a1acf9b7fc
8ad4a45bfef7c5eb,2029366d6551ea7b49062e44
04dd701c76909a66,b86c0c010af5d65a714248dc
a4093255e5c3af97,d2b976e2aaf98630d9b3e47e
756d88429aa3a2f0,a2882819bce082028c8106a8
e1b0306557c29b60,8e40689564b9f5c50e7e741b
88b64cd3bddbc131,b7feefeb807567cd1d60f7fd
bdd436927775dd63,689802ad02c0ec4710480df3
b57696fbd379e7a6,773da3922d5c96a0e34b8cf0
586a71ec86aceafa,d4f5913985c84bbaccdab615
17b678b713c66e12,8f97a1ce4adcfa110d719f5f
1c75c81e0c537a32,04b4da084b6249bb1f289e1c
105506881e4831c8,7fc47f9194ebc601616bda84
79742a703aec921e,e46e8f137f290b4256236341
c16b748cd40e4cf3,c7b69a0a29394a52aed9af9a
b70d3c8494913524,4ff8318a8afb96508db63fd4
26d5f5b1d760b917,3784a39a9f4d712875cf74ad
7087483cfedcb110,d3181efbddf696811b0b8a2c
947bbed080da5798,a9dfe9bc3a0b128409c8649c
30be33750151b160,e9e7ba4dafaf199706cd9e78
1529f849978ecd3b,43f9721eecbdd87f4e62059a
c38200043ffe52db,b9ab55811a48faa906fe51f6
d8bfc1329ae10a08,099a9eb27d61a3554fd2ef31
4924179e0112c27a,f296fa1f75b14379e1489a0e
6de54c0b4d52d488,249e4ae9c7724cc2eeb1a6b8
b46dd55ee2a1d8dd,1cfc52ef2b965a058d6e452c
2422da2fb3d9448f,7b268c8fc07dc6350ffd778a
71f9d3e977beeedf,26bf8fabf38711b8a97fb83b
8e5b0b28a7ac908f,29330aaf9dd68ed39fab5af3
98f24e9ed52ad1ed,8632a56ef5655abef78c6872
4b4b39e0ef678897,7e0bb7b1505e16f8cda4b0be
01f3f0d9091d28c5,1407b045827813f5146a864c
33a83c2d26d20647,8a1a8a568e2d8fa955ba410c
65276851ddc8af96,e23cdf2ebccd8e8964bdc27e
6ef9ba2f7828786f,66d2563a2d91fc83ce0fcd49
efc30dc26ba2c332,a0a47850e3fb6070781b149e
3785577bf1066074,9c0a23d4ed810b8ccbf3596d
1aa5b23075c511ca,a2ab5422f9c0a3e1e54b67a3
94581fe2179c5b9d,fac3c8e31cca27fe6738b3eb
b35cc7753e4c4d09,72c6e0cc21e9a3b880ba992b
17e0cd7ddcbeb6b2,053b02d47d63ff00140f64ab
e48a0caeedb464c8,90af2a9605cadc6df1e1ddfb
606eb812fc7e0ad5,9bf880c1d3235b5bb6d5db66
d48d2d6c5ccaaf17,156bbb50902805080914263c
b4f8c6e19698e647,383ba0d6487ba12a21c0ab81
4b7f0d97bc01979a,c6a914d62b650ec853092c24
efb217302b8aa1e1,a950f28d51f0e7ae9c1f6c94
4a2f5c7bd8eebe72,f6b1711714907223556cd215
d2fa36599c1cac75,1f87865cf221d6551c9acb51
5893e5229d6f180c,9c8ce00c92390128515e0136
83d8a2fe1c0d9f98,2675b84c22dc4d56b2c8ebb2
4c8612646e9bccdf,459d4e8858d735e5916f3bfd
81726dab4a961181,bef91b69ebac14b3736e8c2e
42a743dc46a777f6,81913d928641a9e1956b7949
8c94ba5efa512d44,e66b0e3fd776d6fdb38fce63
552cdd24239c79d4,5eee04ccc9d65fe522d741c9
400ceeee06b979fa,526637afddc324c46c926ec8
80c0182430fb6547,8a69e9a6516cbd31a22dfcfe
6a0f44536d327c60,5109586675f89cc29597a90d
86fe7fc1ced249eb,e87cc01bb26fa3a34a782f05
b9d380829cb3af45,7e93bc4c67502f604a0f15cd
e388c647e0e427f1,e3e97f4c21ce005430e52ba7
2da769b9f8e66361,96c7da1978b523dcfe72f996
1fee84ab6d9c8a7b,9d08234aeb3450e9d7a251a1
73c16d6c7c619a7f,4d2f7d4ab57779fa614fec95
3e2035992a313afd,919b533d5f3b8a3c552e3f2c
73b431811111ae85,fce29309cab1872d7943b974
b6bc9dfc71b7a873,5cf1cebe2b3067438ee508d9
76b09baf646fe158,6f808ca3b4beeff313f02de0
f3661a293eb64846,e16d4fe6b743428f6bd871a8
18cee6b557059ad0,4782a2ff19dcdae100e1a539
dd02c00e6dbd4840,545ce40dc4ef008b828836a9
ed09117ee43864c7,c6fb35ff3599f15037681ab8
4122b3ee0f64dfc9,f5a991cac072a21fe25bcccf
915e8acfea398cfb,e9a5a9b5a1123b88260045ba
b864b6db584650cc,c5d4a29566114d6b5f4e3fb5
60eb01628db1a3d3,2d305b7bb0d88a017cbb4cb4
50dc24fc6b107e46,87713ddb85e73eec597a45c3
f440a46469eb2340,4921ee1dcd853c322be4b204
c9f1ab14d998a187,1169393fe7833a8b80386b5b
d21072bf9a38ac07,8ecca50a0a83a1d909e03dd6
28e0e3c09dae64d7,11f6bbb567ecc3200bf3b950
aa49a99adfeea3fb,60de4d06d3805649080a2356
779ee01d1a176b77,a09754174dfc224bb79b2a4b
a09a535d845b5504,5794f1878c501e0a7f71f6dc
3795b66f119d8956,513a81583c2d898bcaab81ba
6ae52580bfc2fbf8,613916d5e7d3178ac7e909aa
b8d86bba24cd4228,c50dcef0b6b36fbff1db9f3c
fccf764ba0720a00,18b113ded9b95382dfde12c8
d3a03c7554f6a144,bf8835838e957c2fd8efecbf
f0398a323117c267,f671d5326bbac25f105b8888
44cb68afbcc17125,4fafd91254caadab5ec990e9
91845bf77955eb97,ca51915eed2f973dfcc5c429
6564cc8330a0082a,30c99bb14291fddba60ca290
44154ee713d3fc18,6484e083aa1f966470c20875
95511420bd5451d7,617b5904ab23b72c3e736712
f9680d4e389a2f69,1d7dee7e1ec89fe8367de379
d7fe01e9d6f64280,346ad07a5a17302bb390a77e
4942bbc24aed07b5,4c1edb281de7326c1349564f
daa21aaffc1093b9,a5ac43561fe5f6637a3e45ac
d4bfb492d78f886a,eb96ac95ad4fbc7299e0fe13
35175073ed1c1923,632b4b8ce95d6682b2afe74d
7fe2364940fc3b0a,ab6907eddc4aa21292ed7e74
3beb5b72988875d4,4f0c417fcd5db8233826e83f
aa3b572da44449e7,0c194bc367f4cf1a7cdaa69a
94ecd3b04741fef5,100cc3d2e83b730536eb4657
0ab7797c74fdf1e8,3472fa5632a9a9145e8d5e45
3186c6ccf187af9e,379b7647e9cc3c09561cd1ce
11599973755644ef,ba65ab1e65dbe95ec0a81e45
491206975158973b,2e3fd12f614f5c634048bfde
e6219dd22c5098c7,c5e8670ea6bce8a51e6d8ba5
a629660b3f6c290e,05b15b89643821eba354ae1e
d969481b43c0c0f8,133fee4674a19e61d14fa6dd
20969fddf5e2a6ea,63ef3b0ebbdb6921b755d1d0
5c785c86d6363bfc,403f1f21bd12d3b4226309b2
a3bc95bdfa4b082c,6deeffc020ca65460c6d16fc
3892fa2eff730bf2,98894534585ee0c1c2970d5f
a7492eb489a3180d,1f8ebf08a3104adb49b54ac7
1760b25f274f6ae8,5c90180c8c2fcf4d28433712
ccec08bfb0f89d7e,0dd93d804646c4efd9a61a7f
b922f63d9f5fe02a,d3ac036f9c1ebd195bcc62ef
1c8d79ec28cecc9f,19dbcd9c76230e21996df05d
5e813e5d4695b38b,a46073c4920ac0f2200490e2
7b4c7236e002726c,428f884e17245e4accef38f2
1f0e0ba93fae9d79,008f648455b4631ec94cc052
23d05b2b7595a93d,984f5ee30dc333d28154adb3
d630ae61be648e83,3e9252db440759f7a2901e72
1a7340605d0e7db1,d78eac38b67b23a1752c0f60
39e317cfcc49da0d,4bca8d258a1c9c1cf4645078
8757e0a78deec7ef,06bf094bc9120a3674182d24
6cc896cdfd2611d5,37f1eea95cffb393c6f6c146
b8a65cd19d34da7a,51591ee5f182b49f87c3df12
35636b3ee9a99d31,b3029fa9e90b4576f6bd07b4
df1a0034cc8c099c,5a3ffff102045351bc69db8e
3ba3a7cffdce19c7,a1c2260ee3228eb4926c27c4
77e777f6fa388725,0a7de66b435cf45cf7aea110
b0693ddadf8e3924,159316f654fc985fb864efd4
f432e4b57b29908e,c9bf00da6d2e5cdea83a155f
1a2e6628205a7f6b,103b3b6ec2b86a533baee7e2
b8ada20ebdf1e619,c74a4d337ad15fd473037879
6d32554afa878fa2,f046cb60c5bcd2af68301c34
6182b2546d14dc26,0dccc10c1042401ee531e40c
27943c62a651d044,a871476ef928251a71deb87d
d81f422782a94f57,bf714527677d2c456477f0fb
268c4dd2cd50a83c,e3263f6560457bb11ea5565d
124a0b9784fc6e6a,8d72c6db1839f0de8f3aa925
cee8152c3a10cb12,920393ffa110077cfa782dd4
8956cab5cb3aac6b,9103e8ec1eddf0576c311187
1051407240b08435,19075cc555dbcafa77f8f160
03838fee2ac60729,0f0c0b46d54bcab04418cd24
8cd795e453fc12c4,5d6548ad5740a942a7c49ea3
7387bcb45685f86a,e42ac8b53fa308b7fa9c337e
0715476eae06d9c2,47bf239e7311e792b4f7a00f
8288a784cf47a544,ca7fd71f84148699b4cc86af
ee862d07d67f55bf,a335ee2eb41860c22bdb1923
d8d846f8bc5d5bca,5cb44cfa9e67da05c8c920fa
38cd447bf9c7c860,6944673fea02a0c87d13030e
2a641ce97a935e5e,19dc0acaee2bd2d8ce4ede53
0057167d96ba66b3,ecdfd1dcfd0da1676e07143a
e6af036fdfc507a9,bca5b9f316abd0a8c469f3b7
084c544412fa6a46,7e1511b96eea50db0ea47a99
ff0ee615c8e2e053,4e2e3f745472fb98da745ab6
2e66cf442936300a,a679f43b75065deebcf4f47c
992584b5b3f57056,9973c713ac26cccbf4da7ba7
e4351459b38016a4,35e7bf05ced4b4ed91cb0dc1
9d34bdc847a6e91c,dc5fe90c77670e4610ebb5cb
296c84ccd562fbc5,a4a254b8307b3c373fe08dac
b7836ada44660394,a13aafeb7483b23162ecf5b0
2867a020365bf4c9,e3b9c3eccee15863896f50c3
5ddd39e4b4b00a17,7fbcade0dfb6a1c92f3a48f2
bc6322c718511bfb,b5b38fd5e0cddd1e845c4578
22533bb9753fc900,c5dd18e563b13dc8b2e65217
85fc05a3fb56c0b9,7380cbbec70382a6cbc46867
77d6db3a12fce765,3a1765e4b145dc079b07dd4d
a2c441af405da684,1f1468d2cc68ad0ccd78d762
416a74dab4eb9d20,57cc0ca08ff44efca8f06396
ef498eab85771bd2,d1d9a5fc460feef6818a7cab
cdbb7ac5c6bb897e,f41db477374373c19f7a79a6
360190c5e9fdd9a8,b0db9f2bcb6a8d489004ee2f
28a8d0c14f6e543c,883c6396a52354dc0c11f066
2974d387c4bb29b8,f21e2bd2e4d0d8f5aefc8dcc
dff923f2f670208f,31c17467c0ace37effae01ce
eb2dc016f7ffee3c,19d5ae2f5dda43e8a2ef91e5
68241bbff1f890f7,ce5c63838cedc1080a4ed7b2
81429bc6ef2317c8,30f5a983a5620255916dd58a
ecb414db6734aa1d,0f295e7aa87b5b7eb2c2e3e1
dc49843d697e9f4a,f9bbb9412c4db272f4e80bc1
b699f9ae65eb6639,15eda90daecb2cbd27c529da
498181b870eb682d,88fce0ab527ba4cd98ae9f6a
fa620afbca258ee0,6ba077306f2b2fd709246177
f42937c9c4a73877,9b83e709cb321fdf59f88e91
6a1c56db4b068428,649c55eaa19e979669cdbfec
09116c0fc98b2ad3,6debc58e955e9e2910c23bea
c538b4596a85b6a6,39efe4e667a83e1744dfba75
79bb6fbc2ada277a,3dfb6f0b12c6d88b2185ed74
42aed029dddf2c4d,7c820af6c5a4e01aee8cd0f2
b5783390d413ae52,61669f58b994f66612a2a5ce
676127721ee5abd9,72a695083e5c01e39d3dd53d
d48a2de5496d93da,e987ef082a081a30db215100
9b7b9d756349255d,a01265980f9685a7bed74b66
3beeca276c2d575d,e870c965cc1096cd7b974299
339b1aed8a8931d5,344b4bda414ad69d3f6defd2
2ba5c620dd67e474,ffefc4d13012ea03cdbba258
449f29be41b886bd,a58ffb92b19b7f336f314a02
e01a88f0b93ee03a,804a0d4af739a9dcc0df5ddf
c34ed756e02990bb,15518d1549efb16ca5ca116c
3ce638d363967b59,e8c0bae4dce44fa4ece7c3c1
be48aeb706cb92da,d25e926e21fb1a5492b1887d
d36b340d8c7414c0,2a588074b6a62057b8ab8e35
0f7d79546d0a3ac1,a91e58b5f46831959391998c
5ba2b96665c16421,055f36421cf25b81442f6520
a02911d8edc053b4,c232474b2ea2144cbcfc1bb8
490e59985b4ba29e,f2cfe38266bf464ee2e6f2ec
e4119e49276de61c,7505efc6770e299d468656bd
c20656ffb661e626,ce812a1e9cc5a2caae4884e3
32a535b0dd9f97c4,1088e19b9c7dd0548e9df734
c1a25adfc0498c3e,6b358ff9916d11253c653be8
9b1ae3f4e1209525,cdd3ca8db94f52b363c9bf63
11b5caa300c17366,56e74ff900627a6ce50b26e0
3fc9bf7457d3a24c,767cfb496aa640567bbc5a5f
5d55af9eb37ae550,e50f2f6f78c24e065a8ccc92
6e25044008b138fa,be2cb10f205b05098b46b4f5
d705f0bf5ebb4bd7,d784473f7dda8164fcd7c185
cc1e8f71107e1189,2b5042f1ed9fd59137dca160
23753e5bbdb862bb,bc1ab3d289bae9747efb4125
8bd9b62f1a352d7d,7924d44db9a3638aaef3ec47
8bf0845079958229,5693374cce146be19a1a788c
5941586bf4b9f771,2483c43e1fb8eadbb084b539
55c89d30deaf9a50,f8bcf744e2a013a08d4b012e
a959e8fbbb7974dd,75ba587dc17356b393c4d039
13fdb4bb59e8fd57,250089156e1cd766d1d14fa8
ef696323f11552a0,3ddf625dc5ae9e4777855626
51364c424ba579e3,cf1a97a2dc032b1fd2ea5086
368a87f2b1b8c2b0,47ec8148741cb6f0e011e672
3a5b006cfdb525f3,ed7f8416517ae3046f7f0b57
36b2de15c6d3836e,2c5c1e4f0b87cce457f1affd
74c112afa16cd2ff,774727f23223b0030fb20288
daee2d4d91a9a9e8,dcab8f0e8f83c471d94c1dd6
f5beb49824a15ac8,1430d633347b713372b13914
17f5d8c186d0ce4d,a3fdf0b8ce469f4f9bf5d826
ea23a5796a82b9e6,69cdd4cf9327ccc1e8c9bb3b
1b6d76d901970d51,09a77246cf4516a8b9553a68
642043bfab01a7e5,6ca0982651e2d4cf9e4d27ac
2dd955095d8bd43b,ed880fa7af617df7faa024de
16272c0f643784c5,3aa21a61060e0fb084e47e81
e76ff70ec5454f4a,c7393194c4612bea04271764
9957fbc2704fa971,5a7aaf251337cef0bd0cae5d
5aa95d8aa33b0069,b495d69e533ff93abe49c6fb
0c83938e84abfad1,f2b9580b7c46787231baf637
263da75bfbe9ce4b,2eb6f5e08ab63d2e3bda7a5a
cf9ff3d0eb1fddf6,25dc6bd5b306d9215e7a99a1
6d026631cdf80bf8,f7ecc305fc7999eacfc8f00e
f9a0e109740099d3,6d26dc923728497b810d5819
8021c0214b5efc9d,25c854d9ed34a3fe924ecdde
0058379cb4e78791,cc6435715aae77bb06c5c074
a37129d7f94a46d6,7ddb3a5b686b3ed0f2f0ef8b
749ba683e974fb2b,66b34d79842382177072fbb7
70de680051dcab4b,08b38e4c70226794661a70ed
7e69de1ac40e2aaf,bf5aa8067459c0bf2c17b083
0d464e97f840670f,4dcc3d5e6c8844523ef7b5fe
731d474d50d5d9d8,558bceecac5eab37fcca7bef
a2ef8f27b99382f4,d656c124a945f70390b984ea
4c5f32a9d516ae52,2d97c74b56a3b876bb017174
d7bb1d8eca2ef96a,17221f45280c7e0988c3a091
a8bcdc89fad53ce4,a37205e2c595ad770a079d16
8b9e2d2993cbb646,56033e0271c4b5a68a0b96ed
926af6c9d64a49c2,2689f0f6dac111960c37ba27
9ee405c6028bdff4,8ada7b0f46c54df2a25a0104
84f2af3e0feea652,e630cfd7a5ab57a7dae29624
f0ecb888317bdbab,076c8e29b946fa927502814a
1217c496846a8e16,f22ebf305f730b49092ec616
22f06236a88989f6,1ca9d6d21e5ccd8deca9eb99
f6b9ddd4ed3c187c,ce283acbd8a1cd0f9fdb1ca4
be5106f26e9e0b79,37a137f6ed9d16411e708b7f
d1f743dddade2459,4f735ebdeb8326896ce71cec
40202755c5d231fd,4f2dd0c6b91f93a9ac308e3d
f8f57553b124a5a6,932969a39907d70a61c47437
798f08eea71f38f5,6cb256bde0f7cb8c6f970b72
6125a664ba4123f5,d959ce7e49662af1eab58b9b
18ab2d9961c53858,66d15f8ac7187364f7ace6de
5547e5e683f1388b,721454d30b4d414ef54db61b
0b08709c406ed64f,1990c89b0ac267b4a185731c
05e96d4e02cec82f,bff3253515391958527763e5
2370835e50f0120a,b2278a859325cf3ad8cb8ee5
f532bfc386d7f7ef,36e7d760158a7de5ba6612f2
f5d1cb88edd46de0,a0e670f44287a7827acf2af2
ac9bc05bd57b35d7,310d6039bae95c3959795afe
cc753475b7090b35,1d33b83139647adeb7ef1791
fee1c817c71e882b,812f93c62f9aedfbd655cfee
cb6adafb71c6f454,2f9538595d59f94b26aee78c
0ec5e61c4c403282,1f89eb1feb5446bee9ef6239
b24fb55c760f8e37,33f0244f7f81b079385f0e64
f2e4824f44178a5a,64fc50b987c994fb04b978a9
308775801ef4d3f7,bd66d291567301965463dcda
24615734b2904c30,1d84f3c345baf6e972b7f4ee
bc81f2a01d340133,bbb1ac485a2062b575d07c0b
581c4e588111a4b9,bebd01fdd395185714579de9
66cf88b08c83c0f6,db50b3d22037903fe3fab133
f07ace0cf8cbca7f,b25a5d6a9e0b24d80636df88
1455dad7c7246af7,1260b8bc61b8de85ce760dc6
6024ca1d570b9b4d,72833a1827fc784191ce271d
9c057cfb92aeda25,909ff52652a2d821c3d69bed
41db703946cfbdf9,f226f691919cf67076a867ab
b2c00c0759e00f7d,0e5f866258d53073590a1f41
f01c41d261043c7c,39c557abfa5257a608b06788
b76709ffc6bc9be7,9ca756e09dd303dca494ff90
fc3b299ddb28ea48,320dfa548b1e15c8394b3714
f2c6df7e8e694c8e,f150c2d112b4b12ccb22e55b
cc7905a4f75245fa,af650dec3eb3a0b6c56cf382
96359014f3078ae3,171e17ff9d9c2457701f78f3
186d5d5804209dec,6897c3fa8d94028231259b9f
e42540cef3db7234,cf59acaf02e9d55ce6780764
4b99c923ef38ded3,a53f71764d47d67665c0b9dc
4909a5c100fe786f,e2338b661807f511cbe108f0
7485aada246eff5b,9678e2102862e332e4123e0d
10864ae78a67511c,79513dc3bf76e960f19f6ba3
697e440458b692c2,b4f159c9a97c4ec8df5a411f
7d3803f4ee218034,5f8a683a0d462fa54d5447d5
f2afbd2ad69d4b26,50260659d692f5b04c8088c3
b9695d646e09c5e6,34bb9a63f351864d84068838
fbf473fe5face142,6037d1a31f30739e6c6573fa
03f8c1043170c2ac,f253aca5d7654f4d78d0a27e
317c49f2e576915b,98669bcdf51e8598208b22c8
678123db860a7da6,142c616b858e0d65398000bc
6a1a3273f5b1f73d,7f320bfcda69c636f25337a7
93395296e888faa3,78279afba5c30d5ef80c3c7a
f06ff23145f54616,3751508aaa4ed082dd5e72f3
672797c55ddb4779,8456f8e6390f54f9540bd768
b8d0b7102a86f9d6,ef28989e843a25b9f5c88c96
f8769a6553eff63e,9ba9f2e08efbe18c3f039f97
d9bd0aaad65cc51c,6b5df06f6a2f20dc2a1f8f02
c033380cc9a82a99,043f4929a391b583555a4165
514d9ffb9abff938,8197838cc97dc0f23d1f63e0
dff163ae33490a8a,70be5470f2ae94f4319b00db
32c1f3bb6805ae35,8924df0f0803bef5fc335e15
5c3e32aa5e6eb634,b544541cb291faf27d1223c8
cbcd96d6448c1304,5a352c99b4f4fa97c5893f07
47a8788d2b32b47c,07ef660f2d353998696d7623
d1e2b0994175dd46,8c7d506de690d36e953bc108
fd55a438f6eadece,f7c8f48429eb406f49ed6191
982d7789cfa98c07,4abe329081b149088e3fe4cc
327639ba9ed2cb53,1d62861ea3d69ed05f0610ae
dee4d5b2b42c327e,7d1d23bf0a1e0c2d06381ef5
ce50891202e9271e,996b4a1147a028815ba356c7
9642718853a86049,692d9f4f95b969551e40acaf
90626d7ae5760144,7cc1eed6c7beaa16bc15addc
7c51c595bfb15c1f,18264df53b3412553992c919
92c1383b7db8e468,6a5afb69c1aa0c5559c507b0
b601385f5a5770a1,5aecbd6182c12ea28d270b18
30551407f7ffd339,37fd614a56eddedf2345b0c5
4a9f7f3ae3a8e76c,d5d1946429ce413e7466ab93
a710c6da7f25fc47,d086b2f070587858ae9d24e8
e6b8077df7117259,1bea5c9e89562ec528dc37c8
4000655c83df1c98,13fefb8a04e963522190710e
73d356859d8a4da2,a4ca80f0cabe1d429e5111fb
fd6bd87a0cbd6273,625b2cb9c5e03015f6675972
7ab58a2a6352a474,754b46b873e5942e080c38cd
b2d453c8febe12e6,19ccce2c2a3e5c1cfe5a3e43
c7af25c3bea862d3,489a5630d859fbe1cdee2676
cdc498ea535bad3a,4669f28ce0ee4cc37ebfdea6
52f67a9eeeddaad7,a732dd1cd475ae5b69456018
cef51f78b7640bc8,0464f7237896ac32dd91f073
da36a6660657b489,99d9c4d42b02ba1e2a7bab65
5653c0c214189338,695581a390f29ee58c66d0d3
8db252ede9ca634c,94cb19fcc3ec6fb7ae19ea62
30bf66bde4e23e12,3c1c7d0236234c1141749ea4
c4d2e792af7615e9,a46b455c8e30f70290617b9b
b1137934e6029b3d,68b7824cd44c64578b9b6d1b
77e21d1e87d6a487,76d3ed99299e4f5c98e23e34
8f04958ab0986aa3,6332f7fbb9c99be7f53e3851
fa5ad8b05035ffd2,ae0b741490aa14bcdaf097cf
6497c54320360ada,2a357b20aabdf4742960dd25
010a23a03e2715c5,26ee909eb37381e4a5264333
c4df9c81cf068476,79716d2802eedf9e500e020c
dce3a9b2774b5518,020db970a8dfc6af4bb3d3c0
c07c483145f3f7da,b0f5b3ef4c2c89697c4dad8d
b8ab22b982535899,b23c33fd1550a1dacac33008
6c29f06e2a197136,1146d7423d5c2124df24daf0
f7828739feef2eea,451dafb8e3e65ad6326c50a0
c8246ffa05f69253,04a3b9e77b54ea895e174877
e523757428aa9223,ece3e2fb019f14c9ed4b6a17
d227b1f8859786f8,d75e299b1905a377a87e65e8
b477de4a659ed9b8,1a928e73e0cd0d3891fb7f6d
906a590fa96aa8a8,c2d2e65f44a77c2a9022c857
3d7cb33a089fab62,7a73efd27904dc999af18a5b
8a799b3f85e3e61e,3d39e2582695bc6c4ced4bda
010f4f1ca1da9b25,655112965d88995c8adbd7e7
009725d66599faed,1f0f4358b1772c1607c8169a
40ceae223c61e39c,fa0cf97b582d9c618fcb081a
38718825bc13adf0,0f48d8285f6aed04d3111383
c5b8a676048ddb8f,24f305100d7df65cef6b26b3
2d79f7fa203546e1,d5978e9a378998e3878749d8
856b0319527f0bb9,ad4ab6107abf687f8e435e97
1e69a973c28bc85b,8d3c8df055adcb799b548c7e
dd2587fea791eba4,410a282af795eed9ed8f4c4f
a573b459ed2b8195,3701c19a26dfb35a11b8f897
27c1aaad7ee563f7,ed9b584b948a6116fa7c809b
077927afa46f66f6,bb963172b9b0b1aeaf05d9c2
00efe6a84e74b728,9a9082d2f8a98ef7d53f8b3c
cf5e3f7755ae5709,5067997c70f1f7590c6d544c
297d70f7ae3e68dd,eed913024e266b227ff80202
a2e9eb632b7806a0,51ff492a0d8ba3581a64134b
0757d0ee083573bc,7cae676269640f5cee16b519
51b75568985ac69e,fd24e9a8d71f8426888be3f2
c8c1224b4064bce1,34d8f3774345c9eb3ae91369
49fcc9ae4dc45c82,3570625df7acf151fbcd5db5
78fd5a9ca14ebfa1,15cece0b9e4262b0004eab0c
e17fe038c63560b4,330e095247139aeef7c5fc04
e1623c132e257f35,159a228d2b91a142879759ee
44d16330734a2bf1,55da2cf1c71a8d89edffc21a
3e583aca3f1fbffa,4160d14ee1a2da8cda8644d8
34d9b91d9a336552,2bf58f9a88c7ae457271ef1a
62479da3dd8a5767,360969beb6f483539b882f79
9f8472d1afc3e864,b28f3b5007ccd41f581f1db5
f92e2f043b97c76f,b411ac3c1d92c2e50691907b
b567c1049f50f358,519303d157934294712505e3
7e6099eeb3367558,2bc9c0a1e2553f5c55801405
4b3ea982cb65b00b,592a3f58f5b4cc991bd1336d
cd529bf0a84c1f7c,cfd2364855b8295ee11b0a79
ee58f28bdeeaa06d,029d81a5e5685f52d0915373
fd53911721e987a2,9ce6c4c318dba45d71b97677
f5d7b1644ea5a457,50496bf0fda9280e067c0bba
1a2ad8d3e0bdaece,fd3e77d4c5227b03a3e9d15d
83215ebf81e64ef8,581196b43b3ee4450af5ca17
93470bc48f0c7440,eb993b9bf7e0831739f6f16d
badc1af91f43095f,6de2edc9af991bd91e73db0b
084104f7d2e92701,a0067345caa4c73b22df40fd
0ba73278394300bb,7f6d42932ad6106491ef00fa
924dc7a3f4457a13,6650fef1f6a8a434c4a4f1ab
03522cf3ce40a223,3453ad1b6b19e6a85513d9ec
fc3fa3d2c2451c01,d2fbf81a4b6a1c7210ef1521
9b3418a0036a04d6,acd9186567c886081f09d672
99accad3c3079670,2e55971214e6d8a4b0d3c176
a49ff9478fa29fab,535f82456193c9cdec9c4685
6045c6a6be826a5b,d5f792ed949b32ac01bfd338
27c2bde2183a6b1c,63e02ec10c59a9d4db804902
982c6662abf4b174,f75d848412e9ae7837944f71
c1b5e1119a7f3ac5,b1120fd8848c4228d233ee3b
ad3c470256712c17,7abd0cd08d68ecb1514e697c
b787b73cd9652e5a,937e32a5ee9192ead6f325f8
252848e70b950f39,e28e9c13675095f99aaa62c6
b47bed8d89121665,9192b1d134873f64bffebba1
c95dbf6e0ea9c9b3,ce4220839c82c8b726397c41
857ac166059e1218,05aa5ba4e2f9166b30efa382
658f3c7ad4d66244,541e933f1e743523bf69eb24
913f061ac5d66f58,00c53c934c9768811739d425
8f1428c40f179644,f83437d6bab8bcacb26ed8e2
e7206506890fa2c6,f33c1d6fabb9f03464a1e747
fcb1cc05059d446d,21ea0d7255e128f67020a343
9534539fee24d57e,6c4e55e9222b2f1d986ee4b6
445c7700128123a5,bf7e587dc21f17e0a19e1f26
54b3f39f75865910,d18b0cdb38dface3fd8c629c
812be5aa3efc7ecf,c7062a4c7f5749385766e370
c7d1526d3ccfe744,2df22333334811cfbbf9563c
a606896ffe18da12,13aa9e1e32742739da160461
c3135735e28a102e,bbc405f4cb07da5f50b73dc8
bba9aac133f38bd6,0b194fc4ade99f2b11cc0cdb
88683ef92da131c8,b178b3847cdc29c60478ffad
62e5242c883eca85,fa4ae6f476d2073fe21ea802
43e058684fe13362,c69f3d121c73568c78292eb4
d3d83b9adcc96fe5,58fbab508ebcb6e7013b4a79
3d1deab8d0a5018c,cf7a636e2185c2462e92bcc0
ab6a06f92a1d2377,ea4385fb816e8fe21c0c26da
8829fd9e0ffed10e,43af0e32a3428503c2dd77f1
b6bc7e83aeaf4857,16e434062bd908bd19bd87b0
afb0728f4728dadb,f85321dee343fc5a14d2f42e
a4d88d60945f508c,b56163e2eefbe7f9c5257968
62b887a2d4fd9919,9b8a3490f08cd716653535e0
aeeaaff15e70c0b8,2eeee483666304ea485a1fb7
1a316aa2b0bed99b,e531f100ead309086f7743e4
9b2e8916a6aaf02b,bd987ba99157eeff24546c08
a5cc4ba6d837efa4,5057caa95497baf9146a8988
89071c698c84bf7f,6277ff2e96907cac0c1d8a48
6dde6fa0512f4902,787184906bebb395bf715c1d
e9341b363423421e,62db19a28d6fb842727124f0
1afa316b27e83dbd,e598e58273d8fe295449fb2c
f8f53fa47303640f,7dff860b620aca7c0146756e
239b6e6cdfac4c8a,9662dc262a276bfedf209aa5
6412428fdbb5fbbc,658173076a1c13cb78191faa
4e4dedb2733db7f7,9845ce30a421bc642cd9b53e
ebd9f85dbd975034,747a45e197d3d314ced90b55
ba146e8528c3db60,7f40fda176abf05158ece4e8
dc4019bdb862a871,6f37f520cf54df9f9c5e6cff
134a7f6d612df7a3,5602f2bf42d8cc1d935ad4f3
653207d4e72d0e41,26d3115ca0d4add3526e3c05
afc50bd15e2f82d9,7027922976f0dcb21d0f2817
ed2dd0e27c1a595c,1f4b0278c4c9f979e1968fe8
0c6d73bc1dd39344,61d34fab8de707dae845b1a1
0f47b6dd1f6a6e95,3ad98768e0109f45900185b9
daac5594b1cd72f5,c4c85def894fd99c081ecbf4
326431640f97b5b3,9ec1c2c49e0fc7f7b1d805e9
a4eb231d59613d17,5ba0e16ebec51de40c481d7d
62845bda3d72aa3d,244251f9a91460aa451e5b3c
ead7629a3be267ba,3eedd36cdfc49e8588d7e9e6
968b04e98af0785a,5b21b94fc91fd9060d54e159
8aeb71046e1f97ac,5623c62224e6eb8148218a2b
ff496a10e01aabcd,8b0995666b8f22a981ee1bb1
c15679bb75711570,9f997b2f6f12068fe4dc6100
75df661ad1bb8a99,eb9e94cf9dc4b1661391520c
8470ec0004cf4f5b,30f911159761140a40561ff0
85c3a89f4ae4cf6a,bc12a96c548b41c5d7e7f461
8ff14e0fc6650fdc,1fab858c5768748cf12b847f
d923217a84ff30ec,16bbf33f804e3dce7352af2a
aac6ff7a3cf5f9ed,436d589e5fc1993788f379b4
174d544a963f07e6,3f846a02af9bbc442628c685
d03904038489dccf,ac395d883d9a5a64ca422a56
1033a9582945f03a,9e29b469c5cfc3f9bf0fc650
c47581fa30f21195,8da45de97a4d2bd43622833d
1a1e0669803e39f6,c5f416b5be5d6690384d763f
c75bf845f1ddc2fc,8c69f54864997ca7c848e9c5
d3f1a429d5cfb6d7,0fc6222954a64fa958d851dd
3f866d242e4bbb8b,cb872e57adddc7337232a247
cfb4fa2f28b69d94,b330fccc2108c6b87b966da3
f45c8cf0eb794152,ac48abaab43837845d7e2615
b9c1ca7ccb0771e5,cd60a39f288e1b544ad22113
4c5c5b3b22a074bc,f7b7cf815686805bfe2903d5
7ccd5f52687807a8,f9923bbf2568b485a1886133
7e6f25f19d005589,5ffbda5b23b4ee2080931f71
32aa4cb1bbee12f0,88b07f6deb5016064c0a0ed5
dded2bed92ede18c,4592eadd5e154d9dfad0f0c2
28fd3c664dc597ce,0f14308ced80f24a4cfbc444
4f5a1a01498d30ac,a8654e040d83267329749e8d
03b0474c26355c0e,02de7a5e0bef5d52585454d6
d42dbbaad385aed4,4766d2d70388979f601dc0a7
ca697a541b9ac385,c1712e6a725966654f9240da
896f255fe6ad89a8,0dd6a8340b3ced024c9228f7
a838148b21f7a08b,211f2e184e680473060e1ac5
94771d91329415f2,c44208bf87186a6ba205bf10
0afc2bc5cacfa87b,cabc7b6a5994f8c4e7df5bd1
cfb3db3b00a64d44,5b3a7f28114ee2022eeb59ec
d223cec54bfe6c42,05652203718d6f0b01158dee
fd9bd19a6e352c51,71b3b71f88a602c6a4f1ab46
e9d93365be2ca52c,10b6e57c3454efac8056c266
567a2dccc1f803db,30e462a674d47cb70373336a
6ca4df15f65b177a,81116231d293eb4f330d29db
b3415ee124185b24,5a9d1fa2b6d0f20947b1c992
6cd40c5791928b17,5e5e2e46292f4daec64017cd
0a5ff15e88b218cc,7cb4b2c12008691774453c49
10505eeb1ab25253,9e3f06d7eabbb40f05980ffc
1f69091371905918,38c7302be7f04a880e84198b
5dbf977226172fe8,5ea098d528c4de07d5d0e38a
da2d4263134064ac,2a3890a60722abe6d0c63cc0
72df3c2fb168884c,889fc8ce4e881fd85b60cae8
23ebcb311e409438,e250268f3981bbbb4399786f
60c67a43c5e191de,254fb7014d420d1cf2267ae4
d2191a23161607ac,a3648bcf5db15c851e7f0454
e6339f468a3fac88,f1eaa99364477aaf5485076b
f8c4810823e1e6e6,dccba67b94672241d19337ff
76bb5d30c0b7413e,3484fc7581e99c79e93f7c3f
ce8a68517c4d5fd9,c243094b1e5f4fe24bdeee67
a55b44053298ec80,ceb6f0c2cefcd4bff533402b
aef9dd3a6de72f25,83c8d0cab75536635b543fd9
804a20a81147ebc7,01c87cab65f1423bd4f0f74f
0cb50b0e25eaadc5,0756cfc49a2fcd90ab89039b
95d14240495b3dfe,0597d555afa0749191ebd699
5f533d9b0d5b5bd9,ce473df70078fcc6d430f3fb
3e7e45a721707264,4198761290477340abdba319
65a6c3bdcd7a747c,4c2d650dfb0e99a4b9e2f9e5
badc760222285df1,741aa893311e7890bb420ea7
6cf1143d5557b68d,cc93b082cef578f63694882b
7661f9d0bcf02553,05abd78d10eba6d83701fb30
6d416d81ce819fd6,619fc02796558e8479f6562d
9487075a56168404,aa17dace209473033765cfb0
bd498ea4c6e107a5,5110fa70ab5b82d3cf138713
7d65a253683ac8d8,6782faacc35284d9c23bf1b9
77e6e00470a2e59b,6207fd8364c6339bcaeb1989
913506a89a8124f1,685fe5f897940733ff4a474c
08c29ba62e591dbc,11f96ed939b3da394e89246d
a403000f30846827,0e6c213f0ac608fd581c7fa7
70718946fbcaadc6,4ea87da0028693a7c339069a
1463a6acb22d56fd,ece0db3d123c6739392494e0
92d97accbaa16abb,a872c4ab7958038de4d1e200
eed09fab7f7785e3,a3c8b611a9316c62e16ce7ea
be64567f1695835c,7ce24720a8f8437c0d88c75f
ec143490ecb51353,481b5da1c5ef88298498eb9c
d1398d475f6d5175,22ce4402f5680f2b73a42fdb
3f8a01ee7e858d72,e16331a64db5fbf7374e90d9
7f5dececb02ab2cc,47af223872874f63a458542a
5dac58f87beee609,1641970ffa67758efe25cf7f
85b8995a631c8b36,b5ee3fba35763793bd92f6e0
f1c917392cd8ed69,d7ca0fb813179adc2ccfbf25
db46a779cff9987c,ed1b52b45b620d0b448807ac
a74cfc07be07c033,90c80f58844923ecf559012e
573206ec36550140,23b3e970b5de02078099c034
bf9e3469470de2a9,b42e229bcd7d9d543e2d6463
8466930ca4f5c015,9ce68f9ba83b689fb3fa6365
53559ec442f22a82,4a1938c7bc3eb223ae008ead
9c774f6d707f001c,20b0af6635387b83a3d260ce
119998d4ad514e52,89f90ecc896cadb61c2cbc2e
c12caeb9faa4adc5,91442144f7c4cb82993c977e
c21a25ac9b66662c,1cd2fa36d84330d8f8dff0f0
d75046ece6e78e83,ef49eeae0660e5217c8df0ec
5f0cf7d24d03007f,ed5fe4ab6bfbbdde08d21073
40f182944010e597,34393dee824c4081657f8217
e699c40eea603ed7,6c0c5c87adbc0e9a0fd41e2f
3fc4deeccc18a660,fa452a65d291e89c91076b4e
4c7ebb56944121d7,d8e82757f8589e2498a87f3c
29df4faa5e0d4c47,6dfb61634545d9de4abe5d54
7b4142316f489dd4,f8804c0775f232e5a0fceb37
ef2dcd05847ea88f,9359cb4e68550b27b1556f5b
aa2434ac029f7453,7371c707b828ca79df68f57e
f8f8100fb73bd653,7776bcb6767455436374c75f
f4e369601ec199e6,33cab71d554e75482d29aa5e
9ea8ff29a5af1a32,9ffb29809fbb93fad024ac98
9deded08c6a7aa77,10309d61c89b4ec5b171acbd
4bc39fdc52c619ea,45d2701fe940be84a9fff6b5
65c5207b3b5f7697,c3edea9d3938e6aff99ffe67
63e5b59d8af55cfd,c964b0e55b46d3d2c6f727da
4ae80b81cac5cc6a,6d4862e444d4f905e057340f
fbd1904d496817ab,7c54eb8c67c42f22d9e43f4c
d724f28180c0cab1,32ace3daaec9da2b3e09f66e
7492f99dd895b36e,037fae7865621f1e5a01ed28
802bf98efeba5ddb,70438c6d3e1d8dc78e929a71
6f27330976b23e75,eb09337cdef1045822c3ab0d
14e5501459924e20,a38aa9a87d6b4a54d55df2a1
cc111a019a9e916b,8affb8aea3491e181fe09bdc
297b9732a32ff058,c46e55601539374a06d29844
ea4a1e80950747ff,7a27cd1891919d87ba72d1d8
24928c9bbbac27b0,d2e3e90a814f94875c13ed8f
f51b135f226bb5fa,4806cf92ed0f2ba63936e37e
a4118f21cbacb3a4,21ec0ec68928a8b030b4d77c
1cc14452c49fa2f5,a0991fdd2478ef908325b4fe
5717fc04d2e6ee40,25804aa1a9e2ec282988b556
9fed819c4648fc96,f1ebb31abb02b4686a3a1164
6e916f19b820fc6b,68bacac180ebc72d4c3bac5f
39bda770ea666a42,175b12c6a9ad344078865137
5214aea37d768cab,ec830598cf7a61788dd32517
1f7034e94a193cc4,f700d0062dcadfb278a711e4
c2fe6b663fc7ca98,7264bee58fd018fdddbc74bc
592569e7e0ac8423,0acc2141712d1c30cd6d9eb2
6b9fb90e76f83001,b54567601d48c9195c046c32
2b1fa4155ef7d4d4,32f673cfaa7f961223dc1a26
d5459254a53e1617,b5fbe11c840e5bf9a0fc169e
9da8c6866f33ac2c,e2e4407489d34e522e3ef78e
4d9dd216edd60082,8589a9b6165896b209cde178
311c2a7357ca3add,a6f5272c15f7f57efdbf571c
0b54adfd884eb432,0b422da4776961836455bda7
c5e4b339ae4242f7,5af844f47cc817f4de9216b2
cf0afed7e50529f8,3a396f3479f7d2a375cd03a1
c1dd3a375b9008f4,53cea2ac6af20a55c09a4b7e
148e1f6e3109f999,6352454b486a0e8c97448222
aab6e6ab231b6e96,c5f631a22932927b1d5d0a88
838b9ac20ae01992,3abaf0fc650ec29c0f8a4191
b7daf0e130fb2929,914854b66cc4778d6dbe71a1
4623c983a74e9c73,92d6c8579730c5a0fa32f446
c98b594a5c97d538,2d5125ffe2ac41afc3d4b97c
2a266f6ecd316495,f01931fe38aaf08f31ae3744
f5cd10e97bf0c4ab,1fa8f6759a0e8f28a94640ce
bd3a5ded10401094,e31549c6ea7b5b97585128b5
f08965f236d23059,f41c13281f8ffb3fad8844be
dfc96f970a8b2d24,d9b247f9630889d813d41321
d722eed67609c085,10767737d6a4527eb6553614
f288d964d41e4808,4ef0599a11ed2590edb854b4
dac1da526b3d3484,ed8588fcd6680c8000d4be63
0a71a57eabd76d97,ad35c838fd060cebb4658c58
b247daf891b9f748,7848ca61e7b4a41ef95b972b
38f457a24d2e8a84,2917948a6eb06aba6260f769
1f8d039722b65b02,e40b500e6974566407732043
b8c19f2dedd6d252,fc255a5f2c9b9f3a84aaef50
618bd62f480d2a83,fd2ea3d09df85b75e118d673
b1a0e67b4b22c126,3e9d55e984ab5ed01b78a3c2
fe361fdf51c9fcbe,987688a04c5cea1cc27847b6
570b7df6aafee5ee,3f6d3f10178b01f0753cb307
a9c78b9fc3b2459c,76bca86eb0f0cc564cb8c813
37d79d74bb16f5a0,80f7bde42aa5583b7ae05ea1
1b2bc9bf481e2ed8,6aaf7c574cc3452bbcea5d37
6e89aed20756b3b7,57df08214c9ddea464c1871f
848c87f4ffd9fca0,7dccb18b73c15f03afafe9d1
9915d02cb106625d,f2552a21df99dfa40228be69
208f265811e10e99,7282d13d96f67c5d7282d8ad
69ed5bc97babc8eb,10e4b8ad7aad12363d7faf4c
2adbeeeeec27560f,84d436a9437d61771d5f87bd
3e7825f887a8d470,ac5a7fea95f8993d506d9219
d491050520a38d4e,6611891cfd712bd1f17bb88f
c93e3012acd41d7f,ef482ca9105804afcb60935b
9cd4ee0ed257f15a,94e696448f04a5c3a2219a15
1fc064fb65c5e68b,0d25150f88e70be947b213c7
c4d598402cdae216,9b30997591c669bc2df39edb
e780fae7b212d11d,10408ef070ba4e64501a06d9
79329e73a9aa4520,b6d6a590ca558d9afdbd1e71
f0457be9570c07cb,b36e515c705a8c89cb69aa8f
54ebf23b0b54d10c,51cd3c240055667c78ad4646
d5494cfd5e06a066,bbfbc8a3729bbc7a07bba74d
f4ec6a8607d4fee5,369348b56236a846f9b0c3f2
264591a2f6f8bfcb,19d1766a9f51b971a784c127
1b5400d7eca8f922,cbbc29a8b9373c50b9df549f
f878a2e07f0dbb83,791b466d871feaf259207b67
6796f25f4db0081b,21adab5ab7a0a14155fb1b2a
a62e0cb987e6609f,f345e6d14889a288a44b9023
6a11edc2f8c52b19,bead7467a99dc646b6db9f84
ac8f6bd16736c4d1,a2208a26d5fd278623124465
eefb9a69626fcd61,52af60ea7fcdebfa054a8e85
fe214f74f6355a1b,af16fbf1f12bb0f74c0c74f7
0697d260cdb039a3,6da88f10a2cad9eee0849b28
98304d3e658a4c1c,77d14f2f908261d8fe3e4966
01916d3e0983ab14,c7d633be6e35e6f024158119
660c359c6e8f8329,bc5f56e864c07dcb0f93a805
6a97d879231e7b0a,ee24726b73f6fdb76e23624e
7d8afc8a785cf6ba,aa1a9664d74e6d51e2830332
8a135fdda27f2026,db23f0999bea13f90a79180c
e27c83d6743bfc43,88c31cf2a41c30613675690e
a920e4c903e47426,9658cc3750c22891a9d58a1f
8546bbbaabc3e7cd,5f818b6c738f3d407cde9762
97bfe2665e6397c0,dec1fb4d0bb00e69cd45603d
38230d49828546ae,4704d1b8daaf27d85b6a3978
d41628869069142b,739a7d2acefab07015382eeb
09af93cea4844337,37cfaf3b50796412c1af3b1f
fb1e2e0065232dee,f88ece17798a90679db45a53
282b4a4346f47ec1,2e39083e9b8bcbe5a70ffb4c
ada385ec952e9bef,4641bbc3df80b1d9bbb73a2f
2a99ac7a8cb06b4a,7b67c54c8c42653046d31c06
98ff45f40b138931,b3f2d779694524fb0295dd41
fcb4c786130b0a80,41063d6fec36095853920da3
5c88a85a3ea8e830,d332cb9c3e913cbac150bc45
8e5290cc62be1da4,d6d9f5001cfd14a6c992c941
24f09f6ab19ef649,eb1ffd6284f6874afcf1ed4e
ff5a5a22c635abb0,390b32b04ae060fc12195e35
8c42feee03e819ef,bdfc33d04de87d031a0078ae
ca9bb7b373e91b17,dc40fcb09fc4fdfa547d0c69
9c5ec9d8c0b8852f,c4362e6dce16ab20a61ff679
52110a86bac3009b,68c07bf71916fca06a0ae89b
fff96f425c4dbdb0,6658f28418c48152c0935541
504989d2b2ed5a23,3db812dbce804b5a412ff046
371a333ef767ddc2,e797bfe8303ad524d5a33259
bb76aa52997621cd,827804abdaa3f9cbb746a203
1c619c955b7a5316,d86d41766f9560ecd64981a8
37da12d32810a3e4,fa8169a0a6f4d189bc21463d
711ea6566963d6ee,4df3f8d35047444ff368e3f9
520132c31de3a65e,72dfe3dd2de0f5c8f6bf0a5f
a227e61e6392f987,5303658ac481e02f88896a6a
72ffc0e94672f509,12f9d5b124d37f39c7209638
a36b1faba4088cac,0d14d75c0bcdac8efffa6b81
ffeb62b8200aec29,f6827ed8327e8adb94bd7689
7a0a17cba22c9de3,f6b706364200f72230f7021c
5ec2c467b26de0f3,192e5fbf74926798466656ec
72b96ad95583123e,7e3bb08da0206e334759038b
6dd731ae1f624d79,f4b08fe5ccac5b9811d0a8bb
a75ee8ef17e730b8,fa1846b7d2518060e14fa5bf
30390db58ff02385,70fbf5df65c1da0a81ffa89d
c0f8e018c46bab2d,96169ea508740d921fbdfe6c
5989ca5ac59ba3a4,0363131e652e16188cd809d9
11cc6dedd13ce537,6bb1d1bed142f31e279b2bc8
baba3c14d21ef4d4,03102f03284e0a85e2acee92
deb4f4addbd6c0ad,c59fefc5d09d057445772298
74f77bffe5c03380,df93f1d8da2208baea2f44c7
5ee3dd3a0f8d17c4,a7ada207bb1049cd159d1fd1
ca076ae4d6601e79,f78c92c19b861b66d8d865ba
c2eb703ecc88871a,ce82422c57937a3c8090c70b
3660e557cd2a1ecf,65bc55feef8581ac62c2f40d
888434234673b111,25dfcf7b802364621d0893d1
9c844b77a9587856,3d7604401e657f899dc240f0
3f71dd16b2710254,627c55999b4f88c5ee39db59
43c97fc97030512b,d9a9d4e74cf6cc3612cc86d6
cb4304b2b8c6f106,def9723761b259b560e5e601
800bbfbfb3b059d6,28485092debc27c015b230f4
7adb0c7f7ece1e43,e3fe131434d888c977860dd2
9f9223eca12b4832,900acb5934440554457af668
f657a0f7926fd6d5,eb667001d8cc4941003faa4d
a2e2ce210a1e27ce,4e9c3c8aaca78961622f1644
ddc236307d86edd9,b4fea1c33d740c35b8e09fc3
02143b907d05beea,002756d99e43219985deccd6
dfcdf5a9d7ff6881,aa0c067696e22010fa17a4fa
b339ece106e30f3e,8ca94442b78009a3dfc0b30a
c3e8c4f1682baf59,a8bd7f120f8faa981411cff8
785b8671bb89e9cc,b505b900e4e221fd7467016d
a33402ef5cf689db,77e2a1159cd8f27ad415c252
bee280979659baae,017cb35da85ab32402046364
fd73b5487ba16231,8590fe2a7c1e651098677432
15165b53fca0342e,a4d8e546903189847b707bb4
c1bbdbead4242ae7,d701421adfe86a64cdf8dfab
7afefcf847839ad7,dd55b53bd7f086f00e932738
20b8db4b3a91a718,47471c93896bf9cfffc314f1
becaeea9f3df525f,125bd0f2b14388dbbcced1a9
c8d74d0c5a191898,eef951dee26adb498b436137
656649e76decf4f6,c6553af934d170419623453a
1fd8025e460e1224,38e4c5268aeed92073b343aa
610558a41f50983a,b244306100e79efaeea697b7
7bd868392bcadf62,4716a81ec0c9d3fe401eff8c
68176ac63f67c31b,8d856de0b4f06bebf251b307
889c2d590f28a610,a7b856866bdcba1c522c1a81
9afa6b3d5a328d67,82fe2e70ca507929ad92c063
f5402a62fb76497c,2c2163107ecc3713cbe3a002
12ef03423993530b,add708e6ad28f2a92a7e86da
ac41f750c257e096,a280fb7e13f0777ba442ed3a
30ef1086ab50770b,f09d0eaf00b2e9bf65531597
99424d9d247720b8,4d19cd3511f1b4076aacbc35
916fdbc43bb14912,40c4d4d2fb5adf90a3d8e64e
d6cca52683077fab,c0437bffa98dd60871fbecdc
006a280a0d312154,e901f73381c02b36eccf6d6d
aeb4030ac6e1a239,24b509c70f938b937f2d6cc5
5adbd451e0929664,78f780301a8405485600f261
d49f21bbe1039040,b1a3ee98e90a15f6dddf4117
a0a59538514e63d4,0ded4d353e88e2d06b590d2c
65641f83ddc05401,3d97793eaedbac439b0a76aa
24a1d5d18bedeb46,0f4d1c388bd3fb073cda3d35
662329d10a3f2557,e94935908c8e09aa30a6c8be
b2a0c92324ba5ca9,3a53111bc9db28616c7faecc
a01cb63371ee5612,d8d176de41a5c712214c445b
fbaad6770ed77c9b,c6997b55e3e72d060d431716
f2dd86cb4a5861eb,04a28139306f6a198947e4c9
9b4505bbb17a7f29,29b28f1db1b9cb4d6436b205
df820807c11733c7,fe8d34f0137a514926a89a32
b86c760dcad7b069,4e6032fbf9916ef5da7a3b3c
b54b8f22025b49a3,212ac844ef427dcf4dfac7aa
7014b3acf274d73a,d488ce1a6b9a3d93d398aae4
2976c7f7ca2ae3a2,5bbef7d02412b59b82bffe5b
0e2771b55eed1e5b,8877511d0b6a2f8388dfd51b
0f8b0b2700d5cf47,8188244d5b8eb27141135499
0aa81afca7c7d46d,bc274f0d3217d54e6bdb2731
0954401ceae35923,c1c41610fd5d720ab0663855
047178d01f2582ed,23b4cedac9d025aff2dd5e9f
41b6fdafdfd3152c,0850137805ec734751c73e70
32dd5c4ba2c2717f,016291b75cfd1e0cc00ad358
ba430470e5bc5372,f7718d6b2952c83ab1b5c9b2
9c038e4b54986fdf,47eb373872b37c1826e67d0b
c6c2e5b6a7bfda40,732fdc25272b2939eee389a1
fb144ca9dd3f8411,c9189f87be3b8d25ac31ed3d
622e42c30e853c99,12cefc56db10cb85e4afdd79
604a67224d93e4d9,bcc27f370a7344e2d94b232e
04246697d1bf26c3,6c614a35ec1f30d143d0dd82
34b65856b0ef6d21,bae01714628150c225a6611c
e004d90b4e24594e,0e971a7cc8cabbafdabe527b
506adf91d2111369,629cd9487f6db224b45e6163
41477e18f4d66873,358ea41c74d2e7fadc336f20
20c8246cae5aa252,2ba92e77af2630903375b70f
ba8cdd506dd44874,58e14f2a64dcd8011650d5f4
50064d7c1d3505c2,35a29ccf263195114bc684bb
8876ce224d9bf2e5,1f52628459fd221bad9c87ec
a42566a7f5c1771d,f0a8812f111afec1bc795f6c
72341e3794a9b9f8,3853ea9b03a3a03b343cb8c5
8d555025c137fcdb,c68c74a535ba18960d13a094
dce7d3b87a224081,d3943bc74e5edd536e389fc8
db515d721e8a821b,19f0b63305c9a99ceb43d2fd
3c6e98e928b2c2db,1fd7829788c988d410ea10f4
4c202c71cd6e499a,f50bc35d12f1a808fd8eda0c
d5aa96aac7f527eb,f3486a74446dc3e4c0959a1c
fff7cca322f1d07c,d71f61d4e76ca61fd67cd243
ebc8c05fff6b8571,276930a9472679da4abd5400
09e34a2d8871fbb2,8afcb62935a15287903368c1
7e894d0cf177ffdb,53dae1ac36d09eabdba06d3d
eb377003b067d086,9c9653e01b2e8458920e743c
3f69d284b2923c60,55f574051f7a86b15eac8f33
1552aea684358381,e10bd350fd617af6fed46ebf
5ac8784b1d8441c3,f3890cea2b08acde3cbd622d
26b0debf5f4ce95e,f0f2e196e99364ca864b200f
2cc4ecd3b54201c9,778c246837cda55d91abca24
284d3a116ad8fa24,7a59f5054e6f6ffcfdbd60ba
127d81d298995c10,3e81fd82b7fd027f957a32b7
c2ddf9b48ff3b494,64ec12f1068f32c8f2ba17e0
99ccfabc738fff51,91f34ea845c163228b69a590
81de8a8d435f9cb7,8e6bc0566a6efd9b603fcc2e
d5aa86cbc3723233,89c729b5d429aa00847c091c
6677b2d39270af58,e958c4003ce105ba87ed2004
f622e340f7ce7d96,9f1bd8fdb50b98742e021227
e874059061223fe4,f3e0f11743f65842c1850642
2ea88b543d496caa,ddbfd2e13f8f3c85a78d2858
a68879632f4b8515,fbcccfdbf64303f53d935113
5f238b0d0530e50b,cf4d42bd6384ee3ccc87d1a8
e69570fe65f9488e,1cbc515bb50fc19808672137
758716abeb5614b5,5a2733c7db6d32f57d1ffd3a
5c1a54f58625d7a9,3dedd9b60d9511a8e3d60b75
e7d9a4e99901e644,95df177ac5e4753fc05aa3e3
b47e49313ae2c983,f7bd89d36d5ab49a42e56977
0aa7a0347970261b,d2d89615191b18e594d7d1c1
6c3fd0b847138327,bb824886ade88ec0ac00212f
2a93ffdf4406af88,6d74dd0d7f2f770f111094ce
e69eda5c93830a90,eac0d228b42efaa40dea02a9
2c8ebb27f4de27f7,c049e4f2531f001e7e700ea1
47e0c01448813d82,181a24cf7b9d2869583b5e4f
e6519d8133d4266d,84ac641493b85a7b3f17d9a1
dd96b20c3e6e609d,046855265f4a23f5b3070ffd
490324f4be3c41fd,1dae57af33d6e2a088cfdd90
8bc08e399ab4c55f,0af45de3c2988304a7746322
0843d7ce3b9544cf,1d5d53106a2e325118780fd1
0c1c47ecd26dc200,06b7ecd74fc6be2d77893ce5
1a43adb4a55f2c45,bf063e62fe4ade87a9553e20
f3a258832d4935c9,4f9f9d4f697d6d40589398a8
d624d4c636196f18,a57b1f31cf79287834ad7181
d808c8c5d2af1826,9c1fa73de43fb24da4aca1b6
aa61da871f87bb5e,3ec1f72c9ec5a0449cad3db6
dbadf6b0cc2be958,9398351acacbaef026693a9a
86acb9dc65276114,169db1bda0ddf56b9a0b8a11
af122155af47d5d0,ccfb5b7d174b1e5479a5caa4
5c0eb822407e89d8,1f540cef449086f0992aa7c5
e5c53c979966d80d,f282812c50747b572932274e
f6a36f3ca8d12c39,a6d33df69d9c02d592cde867
7f77d6c3d5458a31,96a80b66e0356dc01db01438
4c730b004080cdb2,15b043c2c1eaa6f1567ce9b7
d34ee394c70fddb6,116ec085917d695c751f93ac
32b8a0f1a07df01b,088c23c399097423ff6bbc35
e88a113d0f5302cb,fa91fa4c48e9d3cc105f4a35
cca0e26637fd9eee,7c8dae59c4163790a026ee8c
8f1cc7279fb02ce1,c936f7ada7ed134499028c16
971319da5e1c3650,799f2d5f331ee21d0f906d7a
412dc1bed679a41f,b8b1879a9fdbe82b351b1a18
bb65d50febe44e98,1d9370934926de577aef2d06
8999bf8b0f138430,2dc8cc3de2b4c5caa15a3a01
90baf155ac0fe74f,8ac19b9da1fb08de31e15047
070636cf919173e2,b90af5a994707a3d344ebd35
fd4476f2c74fd548,4d7599c42c1578737edc5c82
92282f1c23368e3f,050e55c705d3123a1d9484cc
7ef55c0165066fb4,f78c2ae38c0521beb0ce36f6
e981fc0abc5092fd,0d2819270752ce958cc57344
49c215d3fcc2d306,9964d0736279606ee0242e91
163c7391f683d969,61840cc045986d2971be5b6a
4c0a03dc44543548,3dd8c72bba9e8a174b6aad60
d7b38d2fe6a524ef,dccdd6675af2b488e6117f7a
14661671e842cffe,04ee9db88a3bab8666ba20bf
47001fcc83cd1b5e,5f71825bfdc9bbb928c8190e
c901ba44744b5a91,1f52e21a54658ccba107cd39
4fc224bfb2764c88,48bc57e2237356addd35e93f
34abf71555ff5086,ff50ac2ad3ac2c5ddaa4971b
bed40bbe5c188bb0,33b1d25af173ee5b42205cf7
f32e559210d53a0b,570b5e235f0b0999f592fa4e
9b3430a073bf2880,7359c45aeb2c71237aa021bf
6047871a4c3f0a25,fd249c082da95430ad665c95
24a6ee75db51a98e,283471dd31ef3c6556033f41
35d0dfcb9d11d300,86ebf38444978258c8f030f5
7b825a569f9c784f,f1d344e66a173be7a3c0c682
fabcbd88500c35a1,e9a73efafd27a383dce3679d
5c88ed2115a9dabf,bd212ff2fdcad7ac7a193f3e
33ab0c58c24d2aa2,04be0fdc9e16498866a497bc
cdff28b290986e8d,149b6ed80defc237c9e3ac0f
a7ba10a303f23378,0ac7b4350224693956f2fc9b
4a8960309a157d81,42566969702b53cf8e0d51c1
27825f6302cf9697,487fcb1f41097cc8bec8b6c7
e389955d68805c03,dd378363ecdf7d1573efe5c3
5699c1d4ec5d4f05,9de3f67c69654272bfac0d45
24e48c2687238d46,9c34878b5ddf1d8aa2d8cb5c
9fdf67b2d9b32dc7,ddbb5fe01d627faf94988441
b6a7f7fddf6b6b24,47ad876995724374b0ce7d0c
1ecc647169ba3343,a75abb35f42a43b84d4a73c4
99890372ab5f885e,6679b0624c43e058d163b32b
5bc21c28483f15d1,28c291b1b3e8b5afad803f44
04f0e4239cc46902,cd6ad71cc29300fb265cf755
6cd66ec187b32e2e,71a188d08a727052371aa9e5
f0f02343b8f4a951,31de9526bc94ecd8cc41f3cc
acde50de3d085b01,6c8e2299f945c1b6334e3881
1490d9a24fb129e0,2a2608d53fc4f5b270d4f777
0913bb69f67d2e92,7fe55f0be826ce2b6340bcd3
f5a00f0fb0c2c581,776f17b44e3fc2e805077ce4
3e38c3479394a026,3e6588abd4eda53b6a6cd2a6
c2da63ad505b5986,70f16fba70d7417f8a3eff8b
f619a914491affce,91741e6340673200282471fb
f801b74ad55afa43,bd125d20595de40ef088306d
7044f967a033d793,7471481748e77f79ba872a1d
597d1666b41f862e,24f0da73512f2942ccd935ad
6e4a487a85f23bf6,18747f86c6afe0d512dcada2
d1c1f1866e2cdc7d,a0ced4ae819106e40afbbe36
541d1bc424215479,99b3b00abfb00f11fcbc020c
15fa2a265d4e6422,1b53a81a7431b022404e9521
1a3f03b3301f3089,44f7c4645de527bc629482ca
a285d19a21b9025b,18553644ecc963ec89a293d6
c8de25d4663f3431,7b944a17802bd18b7b756e56
69fe4b07b5193988,cd82891cb8f893c7811b1616
795f05896f23451e,5be122cb89a9aed6a9aac83a
95ab4326f5a557eb,925dd37bcfdb19065e920afc
7720a2e97c18d9c0,423437939597faf29e855fa9
dc1f3f36418d8f1b,dc726c9c015c3534d0b18d91
de677fa7b63b01d7,3003afb5581e21cca22f640c
c5acab015f741775,648634b5c7c426affd633e25
19569093f06a1738,f2fc418142f05f744393aaff
933fa4b77791b421,d3356ced3701530c9937d582
87a6f91e656295e9,429893c18bab5baff20de0cd
8daf56054a450704,1f97f1648c08ad88d220c653
802f6184ba993aee,53387f7c34607b481c7e4e7a
ade40eab5a263b89,29398d4e9cab92a4f36cb4a1
986f75bf59091a7d,575c4e86e057e85f2e0a2da6
0cae03dd597a4644,c27bc0d6ea579381958389af
8c68c74e8ceaafcc,ce93848c50954d6db13303ab
25b0381c2259ecb2,58371205bcd04541a75ec400
9f0f2af39d8026ab,ecf587f744ef028cef24a88c
e82543acbe367c07,8548b138ba8a9d6ec70fd960
e23d4ad6a9282cb3,3c4efc1e1acb68405be3fcf7
57c2b078d411221d,e9109c960eb770d21cc809b7
7c6a617692b2e3bd,029ae0438c454ff5696b3346
82030f4ed417396b,0763a898cc1545b6e2f898ce
67d31c08bed4c635,753f404c703d50de3337cf55
741a95e88572e0cc,6b915694e84a420bb00690a4
80328c5eeb35e8a1,d904d0f3ff22c9b0ffc90ea6
132b3164fbb6d26c,792a22b5e24f29c4e1889204
e49d50a9a8175c9a,ef7a2bafe98dcd0cf8e6d603
cade23e4143899ad,a68817a68486c66e6aec30f2
32b62b07f6400dc2,112383cf78b173052ab1423e
c3439792d34874c1,d9962125b6b905ed600d5f2b
602f145711fa79f4,a72c6d87aab7cf132c90cb68
66c0722b79b6cf72,ad578fe6587612f5c2abd850
65be3375bf87a529,a5e61fce25d1d6437c2d2e53
13b7d0f2eb402432,ffe2c1ef13e694f1d52280d2
0b4d20fd9dd5263a,7b5577e1f06308cf793edf7d
cae952b00d16126f,b0cc0059c77bb766a2cd289c
19621c393588fc5b,c67a40fbe34e70628e4e5100
49aadc7f78cf29c0,1c3897038f74bf0bbf361fc8
8dc672f4a0394c5c,7071973027bfdf66fc3beb3d
9822b08b9e9648b3,efd891971c4b29d0275f9e2f
d1430172613f0f1b,559c6c2f4c55423039e833a7
f7f945308c72b09f,5fcb689df89c605e41db48ce
254c537ad00d8394,9eb19c7f1314f8c0570e1d45
9970a65545297b23,d056b9f5690471cd64db7d6e
9fc237171719bfc0,9877e556719fe37d8a8088af
7174313cba84239b,269eb1829e240ae1bfc5fb3b
2b6cbe2791051a46,137ef3921002e92802b73a7f
89fd2023ad6cb590,8690e7533e465e6ef2d6991a
9b44e2ef3268a0df,c631d0bb3657e9bfa78d2caa
da45d33b9dc9ed92,b794f8bdefa97b183a240a6d
ddab5f194e3d7842,94ed29e3950bf4915d2c30aa
e2da40b8bde8ead1,d1d1f70884df955dcba98b2d
695cc31d0c2fef14,b8107fe2a3f695dd180c1a8b
09e1176acfcfa215,04f5c3fa3b3cc9690680fa0d
3d312a935a182dc4,dc25cd33c1883be42ef62e15
1b7f96bb6d200ea2,945d71d1875227a5c1cb2ceb
2ee3ce05f272742f,74fd568da5f3556173591d2d
2908f6911d9ee96a,e846a26af91a256eab09648e
0398381e27264daa,3445b289c19a73ee3fa349da
933bb7183057c19f,43670280066c19df5512c90a
a0e2d2069d861cdf,a8a7d2d43c3fc9c027ff26f6
3b243e7e4d1edcde,4dcd6bf8191215c46863cb98
1d6c41316b6dcdca,527abb9c93ce3cc462a3c9bc
c080db7b63dd714b,5abeb58aa4215619c9aa4ee5
da59f93fa38bce51,f8dee72fc667195029573a59
beb9554f03f64b07,2faecc538c258f63a87ca27b
f2a03adfab33e280,f8369831030e5753ffe8e7e1
96c3c909b22a12d0,3f95b64b30ab20a90992a2dc
a8847ce8b170082e,ba4833864286f663344dd256
bb151a5df9302a54,7c7e1a4a7f89280411993e17
50d05f1a4c2d4af2,60e034b6865236c4292e1656
27bdf3987289ad68,ba2a0c494a3e53e10966d54d
cf16749b504d52c1,d58745c9c2bfaf9621c46a2a
42a94b4a6b82a23b,b43aec91bc7d8e0453a6f7ca
33807bbaba1e5910,7106c21aaf5261317bca4d9f
1e37c9193207d3cf,fc6a830d19484c2793f4edda
2674c4b4be969c0d,011bb59142ed71e75ea71e1f
2b3c304788ceab06,1aeb771dd7e3544e2a7996a5
d7c2aac5575a7e0f,88b901c33c0109b023ac22b8
80342beaeaa46813,0d610b370d9520bad0da37e5
69cd279875e047a8,b93e155204eb9c2ce0d9e195
f680ce8bc8eb1b05,5b9ddef955521ff6f1f3d0d9
70a21b68e7b7ddb9,6259ef9bc3cf49309ff17474
26d114f8ef13373c,fc16eb201ba9e4272015ed18
b52c0e2b292a50e7,6ab521e65ed5791bc3afaf8c
baf80757aaaa96d4,3cbdff13d2d6adee02c4e963
db7467dbbc8feb3d,0d671dd99f97d1d9d2835e0d
5db975c03b46dc53,88454a95f7ffbb0e393e8e98
47945cbc132ad5e7,13b2e0dfcef37ca77ff3cdc3
d183a738232b130b,21777e4afbf5a13eeab94a79
e4589d72f99ea022,a77cda728341e0cd8e81d883
4bed1071de03e407,7d7d565e79d75ce2f53ccaf6
e83dd6b099a01bf2,f9d090aec92f9abf8a8a867f
f815f23a8de9ad41,55d88abd3f1ab4293cda2e34
aabf724472acd5f2,5c9644dd7467bb4d114bb2b8
17522669d7526853,72d394efcdfae4884f3e3121
0e56fde5280436bd,6b51cfc4f8b0b7fcbf4d5292
12c41c01174e68ee,8e52a7d1380da23c157d5fb5
9a52d2b61e5aa2f2,907ed734695ca4d0cacc1a23
55fb7005571ae677,278db173a52f943176ff3615
22b9730eef4f6fb6,e7ced01e7e41e21b9528d4e1
4a2b81b338cf3387,39c33688bea631fc9ac781b7
b70dc35558dddb0a,93c233eded66df847a3f24cd
d9ee7c33227e4af8,b0bdf67c788afb49f58afcc1
c41434c0ebef42ca,4c41b65e19429596bdb49982
32f14379f7c61423,67501ef30ed4c9e6ee414f77
9d0f3545b04cf622,3bbedf12beabd0883ad5ea57
b9b538b4bd516f1d,0ebcb53d98c1304c0772f599
b08d96358519d55a,9a0091eafa1a1bd00e817f8b
6f842b2da8e41287,bc5fa1b8699a77e5e7c945a5
5c8147bd0e69b45e,e4a92dccf51a362b1ec74699
e07f7c32d2a1d2eb,9afa3555e161e582499e414a
e3cf302aec389b2d,58c9e594d0dc47d93fa2a5e4
f823f1522f23ec3f,defdb5a463bb33c1eb717514
c1507f7caee95ebf,9b85883a100cd4e1826948aa
227fa2f5160672df,21af11e4ac0870d6cc9605b0
a47d591c2472a268,7909f2b783b2be9914840e56
aa9f7c39d4c0b282,762487e2c9dea18adf555e12
f8ec6817ea7c70d9,50768de537bc0a2d55d96407
a5b1d6d598c408ae,5064b5c4d0d103954d5f15f2
589350a25ed7fff7,4c2a1c98ad8becf756ef773f
e9693f5e2878b05d,ab892d3e23b46a40bace9a16
6e0370fbed56271e,c710a5e3344f9437184686f3
0ee0620af1f0b2fa,15fb3a67d82a9cdcd8dc6976
6db116039f3ef4e7,328272f908a6e39bdb2b6964
013f8a335cda1244,3b7c247ffc3302c9be3d5827
8f0ec37244226f02,9c70f06f2a63d89e0fc435e6
897ba6ecfc52f29a,c62840e9ab5b72945382bd0a
d965c44c4c589454,74f9d9128506337d7fb46314
cd7b45220b32eec6,293a05ba728006d48de050fb
acc9eaf534b97e1b,86bc5713e11676646f32dabb
997a51f70c1e4021,d1b39a8a37d5bd7ef177800c
0a522dc7e1ff1201,30d15c7440d948eafd648cf4
37e30d9e1b39b565,5daa815797cc36a59aac6129
0cb7191e8130ac18,abb15d993aff37bdbc62e11f
553dd523637b472c,e48d9e9ccd495bfeed81c0a0
5d76f720c1ebb406,b9a8c6edb5770707f8ed42f6
f970dac3f9db8921,44b11a1eb394def26e8e7c51
5d83c5a539637d31,56893113d93dcc0c2744c363
49e558c7219c3af9,34d78ee1631b507ce1b2d808
0c0bc8de5dd600b2,6d77e41956f497c7bf79ec5b
5b126c79cd9450fb,0820d628be179f0db5ede200
6d769f0c5001c0a9,65317aa31f9d8fa29ec8101d
cffc84a267e4afb1,1a235e9e1af89f849195f6cf
ab0a8abe63e88452,73ec370a94a5364d23b14a20
3d88f92f41b55642,308e02bb7b063d10ce1a67d9
9ad344a487b0076f,b07ed21d690a33bc3c8bcc4e
f400bf6e7ca07a2c,0698f74dede7ea0405854ef9
ce8fce5799dcf32f,f69a5a0a974b6889a41ce5b7
c536be73bf4fe960,40d0fc50f9df67a71de7c7aa
14f2527b9e0decb1,3aeb6e9dc6ce9c32a34c6fc5
040cb6c2a598bf49,eb9a502c51bab1cb883d38f1
ce35a8d3d35ad0dd,ec1dca8f3df43913f8f969ec
20aa334a498f781e,a06c603e97553a5d25ec00cb
d2c9465c91e79537,3c26601f14ba64b9641e6175
70544f5e30ddb449,d01faab789051144e9deb5bb
d10f8133f60e3df2,4edb3fabaf96413acd96947a
3c6203dbcd014e44,43c0f6019b712d083cfc881b
9a36b04682078f9b,bc229afd9f8d6abaaa6c9b9c
df62cf8182de05e6,61e5190f8b76218c8366cc57
7438fa1687bf8a62,8cf37ba3bd5b11481105b181
8248139261909465,bf05aa7c3bf6b74e4ffee483
4389771edc2508db,1cb28ea4934079c1858c5c2f
bf5c31cd78a9a0c8,c6bfe6114f08bc46c58aa731
d4554b8b140d8165,b325eee201f3b6aa215f324e
c107c3ed93306e79,e51dda1d3a60412ee3286ccf
425efb54016ea5b4,019fec1accc49bc3fe2b7f19
ec42a17a6e8acbdb,d7b24da258df3a3840056ade
20cf945923e22406,4a79d315935761aeec98f1cc
b0447f60a988c63c,290a9c66b25af780fe883d6e
63e3ed31e0a5c761,d83374f285dbfa6ec672863d
af5eb53e2143ecda,eff341d8b4aa36bc156c4a6a
5c33cc20cd5df5eb,b76adb72c06db24a7752eec1
1cf3708a9e407543,0d17a3e87c88fd9b19080a6d
9a6862978d6c5e1a,b7f0777939859462ea91515c
aed8b94b5449a8f2,5639fd8c90dedc456853a916
751f76cd8e7147be,69db9f20bef09dc2f78bd0fc
7be87b9b7fe925d5,619e0e9739c91083588108ba
9d0d335aca1bf8b7,18ede65ac0bce7d23ac19956
1e98b191dc893937,56cf225695c678a38b737a7b
affdd1d6d226c911,20b0b92d9414c36be778a886
d743fab1ae72d809,259ddc89b87dd7142510d11d
c7243a8884062bdb,02f9aafbe1f24ece3dc71e4c
71d711aa8785793a,ace49a91d1a8753718114e5c
ca076e97f575b411,9392633dc7056bee0f54bdf5
94c64bf2aaea0a76,42d45d0174579c38f351fc1c
0ebce2d8377a6166,de9a30113a40437b87eece3b
c4c99c5ead82bc8e,b5288fac850e4db30289c14c
b280ee379a7491db,3c91c2717d13ebcf4274bb45
ff7acb2c6079b353,a4caaec6a50cacbabe1e7c09
e7fc258065b5eb9d,b06fb3e0415b1889fa2200d8
c0f518fec1be8cc5,703a1af5062e532b70ef0325
f2e478cc68c16595,016e8e13d3623a09044ff817
a7c6f2f92b5a6e80,013ee6cc439427b79e8e2211
51f063f959f814e0,4573d38a1560c51453c4dfed
ea7f6aa5521b7c16,8256ca8b9df99b4e136a647c
84d25623c9080065,8138808decb93e1848bb892b
00edb1311ffa74a9,f0d5aa1b53c828e2a8d125ef
e3fe5143e7119d6c,0f25531bfe113fb5e1dae89a
932ae496b67a1990,7621ba006eb5142d3c9757fb
861c7ea7b3320ed2,c6e0cd0e594721a8e7cccecd
5bc4453253150942,d703017076e5c6896e31cdb6
bd6c835c1b8deb37,c86448646788d28f4de557a5
6fcba1cce8e1a59a,b75ef130414b86473147da93
4d3ca76da0a86ecf,436b8ca7a229498aab1f0355
6e54bf6056a3f96b,0b2e5b725e2338a81be95e81
10ee35656d26ef42,07414f71d60a530bc1e446df
d918bfcc18d74a95,d53ee735cdbaeaf673e07219
5f9e0817199236a4,a29c12dc04c071b729cea2cc
b45532a414de6be3,9538cf06d66768209a4fb801
bd45671f236aed78,2370999ec8fab3cac3d3c741
4967710d1d2d6862,1fa511b2862cc817ce3c9ae5
99893e238e0ef50d,ba6af8569e1c6227e37de6ca
949847e1b9815e1e,4880ba2b3226e108346e3017
82c30a2c7e8af058,9ad2804665a69a1636adc8ab
f596d60189ab9a32,ba40eee6709b47889ed087d6
1881332c024f6dfb,b73e98581165599609641113
34252993b0acccb1,0161a2efedd5a8c729420682
c88741c29ebb22d4,0a292b441009c59c33f85aa6
e139c49678fdad35,61744283166b59f6b6980799
e269f147d2754559,f5f82fca372e4d0ef0671ccc
237b68a002c73c04,5624df8c1555e28c042c96f9
1515980fcde48f0b,3819c0b8a81bee2745804f4f
5e209f637cff07e1,5beb40e0e3b32c5b94439cf4
cd8881a8031a2211,25a6878c38a05596069e0a83
cf15b0b2b94e08c1,57ef91d6c9dae720502c21d6
ac4b1a220d2e28bd,c7ee893cc3f5ffc1723e4bb0
22dcd6a70d0825f7,902710b54775c6f09551dfb7
2ad57c57c40df8e6,7c1953c5130ff3ce73068538
4e121be269a9be41,c4f6ce7c6c06e2b7af994b64
9eda7219964ce4c6,c5bb16f9525b99d06bccf648
83f32895c2a32d4c,565ad073099aca43020d9f53
991bf96080895f22,5e3802d67d3fb4c5fbb69999
fd051dfa82ef447a,79ebf701ca9c14966d957e39
973fd603c0da7f2e,8be2894d00d477c9dbd574d1
602d0debeb501a24,a4ef4ea9bf02fa915a095c45
d91bbfe0651acfac,c11b8d395ada24f922fc8a8c
a2626d79dd3597d1,0d3919101b6f7d66ba093715
c8ee1e60def86788,415687deed664d51a6a93047
41bd5331a243ab8d,8c31bdd33829d1a3f701df5e
ca17de95383f232d,da504c707d57fa4142651a6b
d57ab56552b1df95,a61c5b5e08b2e29e9f0b0b17
2abb5907f612caa8,bd6e250d25946ee4d63c1af1
69c6e9f657d629df,4ae6e1a0d61667325451c6cb
a3cb12f763719e5f,2615dc0e3ced6cb4ba3c802a
00917563669745bd,f221c3f99e7500dd3c7773cd
52aa028ac9104ddf,fd348fbcd21e7ef5240ff568
4a5f9c5219fcd8ae,7d729b4b0fedca1171cbc53e
5826e9b28aed4be7,98365d7dbcbae656fb934ad8
fed350fa6930618c,60733f1d70200f569898bc00
82468d4cc1b5280c,01bbc6e063e85c7e8392a7f0
1995ca5adf557de3,e8fea104070fa1490ef0d1a1
d1d6453669f08f04,5fbf35a27ef6aed4252d1567
5638959f80e536d4,072f4088a1dd30744d945a2e
d9c5fb0708be9c5f,9251b1cfa9d606a3337516e9
5be579f031e0d659,08c816751523523710b94473
1e6be80932e26784,463a90b0adae96c2b3e93e35
0109e2231743cb79,de85b3314cf2e4ee435759f6
a72196f1a3ae40a4,67fa2bea3eb594062eee770b
5b088848e47e8eae,2cecfc7edf252f15cb780e00
d279d3a52af12634,903023d7b2ca436097290374
a67fa1ac0cde73b9,4f1c4d0d6b0238bbf9bc6360
7be4182cc9874b65,c2ed8b9b29614d008ad1a6cc
70f5716750d37af2,afe09cb647f4a63d044af45c
1220efdc7bfaef69,8ed8b883f68b7183110f1f52
f98a386d919ffa56,4d0fdac21b6dfca6c67d2fce
26c90d681899776f,87a18d708ac066a48efb8676
85010fc539cc92c2,65e36574b35e2daea3c85c70
fa0416adeb80cd1c,fec09f4fac01110e137a71bd
4fdd6c3a3adf74bb,22992a8a0825bafb0cd5ac06
71679a2a75c80bcb,265a212aef604cb7c76190f8
95b273575697e255,818f6942b93a2b261241a3d8
2408337a1ea78ae5,386370151cb0f20ef48f8c89
d4281260553fff3b,2fd224a3338f64c33c031a9e
a91815451bac2449,279de4eb4acbef2b2c3fae75
6c7a7f23a958d602,c96e604b6fc5e0e71046118b
e8bf8e04ff5213c2,ccad816747a746d66f4ae2bf
4c216c645d2388de,e7cf7d8493f0bda22b9e4ef1
4c1e7ce57a88c2d9,e229b8248b1389060799d511
e429ce97431344f3,fa752123c2f8fd57b6d0d6b9
5638e72554401c3f,d4a3b7b88c21dfd513602fd7
de37150491162f64,3ac6b24be927952c6b6fa666
f7a10d18683044c0,51d0811f905740d257b1a8db
a07f29f21ac1e64b,cf0256e1330cb5e4925193fa
740c6d543bcf1cca,f4157fe80e4881ff283a3ce8
ef4e5932a0d12f10,4218b6bd9dce4d0e1c27aa2a
7614a6bef39d5489,957987a1d29262955fac3ca6
6dbc9eb02c3baae4,effc27bdb9c028d6ba3c276c
5778b3203aaa198a,7613484fc99a47ec1689ba26
ce1cb4a59d5cafae,af308e40ee176d590f62ae43
505d3e5dbaf399a6,0b16af9a9b3e62588e7fe6b9
36423be1e4c55000,a948db74f25207b0edc95598
3e23ea6a3c3ac10b,8ae38d4f2bde8fb00542982c
83d19d241926eab2,a3dd713dcc46470b531eb74e
630ecfdf7e294693,51536ddcbb81415d5fa6b4cf
d8848f851c9a7b39,608a0d7a3832d4a273ef741a
3eaf4d959f211665,dc34fa5270cd2012248f36a9
04ed8a39111c1db3,41bba52445559b0644d5ad1b
12d397c57a224bed,4409c17d0b4632afe50ff55c
057ad357157b7454,4147c907c5d6b34315f72e6d
d6b20c43656f0edf,d495243cb0a0f50d62c9f7cd
b96f9487e26f9681,e6563ca602949afc04c694cc
b348d24b38831edf,4f38822ef57df011dcb13e9b
2fe654865be10d55,768bd83d2c4ae69fddc7c1f2
81f119982188696a,b145ea7b419c43b5728aead7
e2ada3adb85d6098,2b9345297c51c548ae83dbc3
ff116f7797a9c9ee,653c35d428457bdd58236706
13c4ba9b59b43121,9e40fe6f3c878d077d62ed74
f1dc8d93316211d8,89a14cc87b312270a51904eb
6bda65a3d4712640,d1098793b92af4046a5c3215
ce49f4dbab6dfbb6,823d2d5a5773c55d3ddaf1a7
a0ad8b1e56e4a4da,742c6a3896260df687e5cccc
06ca6b9a8686205e,9cab570e3e5e49e6044d1b56
b531739f01a4fc6a,6fb5ebb585d01e193ae023eb
16e8f2fcdc6734a0,50dbe4575b2016fe3c5cfc95
d918a8e269ae7404,a93e0150b4cd4dac7f4b7e43
cf7eabf5638be2bd,beb3ffbc70d46be4414e0651
18cf31565f3fa858,30f97f5ecef7e21df098640c
4591a3a5246bfd6a,b13c9a2bb2d2b5b1be377b2c
ade66188fe932f2d,5c90d3d6263d6f8b1da413e3
d7c11432d14ab45b,8f482bd64c0b5680b45fac14
42fc9be6bb994a47,5ff5714bb9cea07975ca1880
a69ab470105cf8ce,5124c42e4c2bd16e03624b1e
46828866efd3c160,46335b7e1fe3b85aa5405fbf
086f031374440dcf,f5989695906fc031c29d5184
2ab0de518528f907,41d87da70103cd9eeef39b01
1093779e6f058bc0,a2edc07eed5e3d25530500f6
c034151d83a19262,bdd1f84b3cc4146c0aa91049
4a2084304c6e8172,ba021dd37159d21389dd075c
1791c84fa6b23a0f,ac0dec012b36ef7b5fc64259
31cb4dc97035a1c9,2497174812d5febbee3104b9
148ace5881962eb8,c41603e0601ebc39dbc499e6
255fb19b1933aefb,3e76fe392d380e3ad585964b
8048d969501fbe09,a58acca5be5eeab39254eba4
470a881495859619,b37a64fe07f7ae20a6330329
2b28a0b0ea144c2f,f6cefa9ff0981385ce7f06ef
ac873e3871a873b7,9b0e5a5e5247b388cf58fbe4
778e749b605474bb,c0a321d53c91c9f31bddf36b
f9e2eda56fa79d0c,e6009c64bf6edf8206d6b551
bab2c33f8887b4c9,ce965ecb208133bbca4a3f3b
e373987f4b8b3d9b,b332aa010a6f743140c1931a
fb8ecb3eedb23d4d,7ac9b272104622c14f34d9f2
fd0fce801a42b068,175dbf8fb975c66ab69b0e66
46aca89a034e37b7,4253191c6b5d93286c17faa6
f12b96f83cec100b,7080f88b47708be43dd78f19
b09ede130323e44e,7668bfc61ee743155bbae3fd
78089db1994a41bc,b295ec3cf004d2dfc8bd532e
7b1fcb4f662ea0c0,3ae7490c2853e85596a41cf5
2f40d8aa9cf8377a,0f7c7abedc489400aede3e95
3813e8fd7ed7a2bf,e98d740b6998e9edc6847af1
2442c65f88447abe,abfdab6c0322a47f0c9c0bf9
ca77dfcc96992a7c,0a4b82ea408a9cef24145573
f430ca510c0d45fd,ba8cd7ef33af67d5ec8dd682
686b4196e6c2451b,bc3aa01435cb7e067101ab8c
ee399c76759a1ca6,51101c6367ca05fe5324cf4c
f7c469b441bfbf32,3a2cafcf8f41f0397945ff9f
a650684f97d1abac,bae54039b5b3b6d95d165908
59ab4251b0f647bf,3e6439efa16dcfc67f2d76f2
1eebfa880278a20b,5b046d8e74e2830dced0a9cf
6532a654b94e383e,f388019d8e822e25e0f846cf
46e2af85199e7887,03d908cfe90dfe360d63f873
35a513f9e09512b5,5b7fb7d4180ced987d762b91
4f37fe77b508afaa,09e3e359af406aa4fd08f159
a5773d4658efe9f6,4791a6ed1d76a00f88c65bff
394e42e1de022596,3b458b86cba932a845912e84
9d6ec0f16bf2302d,61c5a9ddc130198bb7b47a3b
dfe648ca0b372fb4,6143ca9f594f76d8d99e6bba
7300881e4edec62d,a34cfd80f10fe3bb6e9827cd
c95b9f30fdd2df3e,a2a3298ec7630c01c1ca40b1
bb3e0c9d1668f28b,c62ebdb9878e56c590005d43
1bb4899af62e08f4,ea786110f967ce4305bee79b
c3e648153292da60,87d7112df6d4cf2af8a963c9
768a29909e2a618d,32c911b8258b5b898e2994e9
ae41d788d0b9b79e,bcfc44cf26f1a471e7147da9
fd88b69d3e7208e7,4988b690b06bb7d3aedb885f
4b04866f1e27fcee,24a1016e0f262d7da284b156
30d0f85e8fa4365d,f63dbd1a2fbeb5cecc727694
204f0ba72c38f556,f3ca8c293c968999d89e7b2b
1dad45e923ce9f7e,28b76a86834f90e359358a8e
6d1ace6af89fd672,221d1d64a26f45498801f622
e8401dbf0950e688,68eaa9bbc3ab60cbf861b98a
f163897a045f316f,8cacf2db4f41589f57b63e4c
1b1ae7ce8bf92dc6,2c3d1c669796db3a848f44e2
01eb4103bb00ee40,e482c406ccb7d45d735062d7
35bcfae2fbc79df3,44902b850b7b7700bfdceaec
78e9d102b4542a72,961d800055f17c5a1c9da120
732534a4b2b1ff23,2f71b7766ab8d4367c026f14
5ee5d40686049633,c458b63ab4ea52a81b7e0d9e
17201f5ee2ad280b,8f3e6a3695ed94ec0b48042e
0a5d517fb0526e78,e03f4bd16470ab9a37b6bbf8
44299a0c4f806c18,ddfa3d271d4708c46a701c5e
59df43d3fd699e6a,eec34ae31da3a13f1792335e
0c2f3d45165290f9,8275fa38b142ae573cfdf0e8
32c8a233cabac773,bdebbc0cfe263d4da9bdf3e3
17a2cd72d098a410,3b4389ac3105f711d8dae94f
837ed5c78199e6f9,71c58cfed41a5ef2915be62d
33d7d99c4dc56fd5,b98d54fd9486f79788012b99
a8e73e1891b8c04c,f5af683e8cb9767db961408e
3f3ee35117906e31,69f760467b5c023329db2fb0
6c92d5ebec1c06b7,98c86ce6ae4440d6c50e8150
cf5718a9f4ff4468,fd573974689128932757c83a
d9d45383464e9257,2d618c88c6038b5a5c56aad5
4938a151b433db11,f1185417b4137f14dcf31839
d28f69b00c7968dd,51f21315f68f26dd1d1f1015
19f64c78b99c7851,b9e545963230f7e0f64566a0
7d2fff6246e73e0a,9217c20cab47d99a542a2d7f
f72f9afc42db97e9,439cca8a99aff27ce32ed9ab
27bfda83d59917e0,5d924fc9534ff55626695698
87d59a3495bb89e8,f5d51ca4fb50c9d558255c98
1f917fa56a3e8bf5,26463049603d59d2a4b314af
cba7552de8a5987d,01892bc839db754472fbab30
48e83d4e2b1552b7,b19bf90c8f718e0c69c29c5e
281e49f0919558e3,6917d139c620bf01f1f6e781
fad6587886056bea,d570ddab77b942a9598804ef
b286e3a392265361,a5bff357dfedf7a0da5ce207
43b6e2237d57cb12,b3c666e71fe681a9bfac1464
c1b0380bfd31cc15,a476a7224ed071abddf977f8
6e72ac41a9a73ad0,d1e46c017f4418a23b7fed3f
6bc56ada0ba1cd19,9a44ea242ce6f22b638e65cb
8934dd184845e6e9,078fff0617cb6642374dcbe3
2e567aa5a589009f,fc0aa20a0f21aa7016673172
00b2c3e98a4408cc,be55eb1e20f7c780dc53edaa
cba0cfe6c38d886f,0de828c728a14e9032ce461c
23e7cec66310378b,7965c1059338658320bda369
c9fe7566faee2b1d,dabf891de5cec0162bd95f5e
a0e99dc6e934712b,a0dcd6a983b528d68adda672
34f13af38b5f61d5,f7d9e28be955b410c93dbd9f
953146a743461921,50c1637b3377186254d06925
caf67925b1e4996f,052420d3f9b546686e70a929
831de7818356bcfd,3e412c0c6ac9ff0c41842cf8
17a8c25f2a196c2f,2f3b000cacafab0f6e10e194
87b60c1c31df7c55,38a7b407a82cc5e953e72234
7f4d432c2e2b8ead,4215867ebb8d64ba8065751b
8314b682c5b6a4d6,7d03757bc9360fe0ddf5df78
5d38f0a5899f4c93,12365b2d8bd63bc262045ffd
ce59929f7bf0723c,a215c0529f51d078338259fa
a6fe1f564e1b22ff,0677282d7490281ba5220886
17d117958d1376cb,3a01aa70c6cf9dd5322bc215
f1df804dae766b7b,ddef8be97eda96a00c966944
a1e8d227f39ae232,f5032616fbb3b28c03dbb603
4dc0f880644c39de,b67692d7f15558d7b2e9aba3
e36fd9af3288f787,c40e36a40999569507084d31
59029b565a9db71f,3e3635e5358b7fdf12af99bf
944fc2c908792e16,ed69da29f91c1ad8a73d92de
5492db19bcdf4bb2,d79334c103f12a08c544f897
f0d35fd5dbce62b4,bd4eb9a127408c0cc969e65d
7d9d34f8b6f27461,bef12788ab2f88fda0f53f05
1dced6ffa145e393,60ff4d6c5ceff1311ddecfc4
79f6f13aff17d356,86d887631f4e431dcd2ce9fa
f479b68d8ddbf68c,06a7056f05beaea93cf83ce4
018cd7355fbc290f,dbde22bdba823d7b40110891
1feb18de289b0db5,dcd4be5373ed7a6cf8c8b868
edfc5ada8983d939,114ce32336ece09cf7bd89cd
3495a0215a4fc031,7440933bb45b2fbf6c20526c
b3cd0ace5a1e9727,de54f53043503f1b5f4f7876
f1b6682adc1ff325,44f748598b8fd65892c6a35b
beb0d6b172b4c259,0aaec7c82ccd66e7fcd15b6f
19a9f123e4cfcb1f,ca012bb5fd73c18549496194
4f26f88eb0f2377f,813371751b55c59b26c11981
ac32f32ee41c0871,45e5323ffca1ac55c7d8ffea
ff926aab184325e8,7189d821968826b774210326
410a007e1dc9eb2f,f735e13df4d12bb8cd68e852
768a45ccf91462ad,2843fd46e89a7d49947db123
97c5604106ec995e,c137e994594b2ec73be95926
7f23354a6d9f5cfc,24af9fbf343afddabe7ed1f7
999613f3597582bf,1d89f538a0ec5c1479a440dc
9d079b4f406016b8,bdb31c51f21c630ad2264b12
f87f4b86d10eb288,ee64b93bfba5dd79780dac3f
347a189c3843683e,b8628a5bd794137b6ec1f608
4390ff46508e1f34,fdfa0fc84e67006d3d433fde
35aee2fb79ff53a3,763b6b28591dd312124f1c08
6d2d3f422e3d52c8,dd4acc7a37a1712737177343
90487f0e5ab849cb,dd44548c9ae36841725b54be
0fb638d8f77f3af5,ee7d92b1e29e78203e071af8
d39b63a606a7f134,c4a784b6f30d3ab5fd0efd46
633629fa4147c683,824242f588114b23f8d41345
1032e23a2d85cfb4,a2428734d94ba50c3777d5f4
6c1225886310fc58,ecc631b0d2768cd4adfa46c4
6c8dd5fe961c8299,a6b82fcd216921ffe016c65f
cde976dfd35c65f8,09a8258ca4cdfd1981123fe4
0e367ccbcce45c35,7d9e5f36d576bdcdd4b9c4b2
6c57f7323e304b88,524a84289eb5bba28b3cff9f
0671a4e925f50888,48933eacef407e6fb2aa41f4
8d4e3ba1fe5edff6,87c869540528d8de7d2d4e76
f53d9657da43e0d9,9aea898d328267e719000650
566a83ea0bfe967c,12bc37b3386db610801c14fa
ef54d5c3e95d6896,d0bf395a140f4758f5b4b61a
886d9afa0700cfb8,646aa06149ee8e13ba751b7e
2a5e71c348cb99ce,35b5f9359f70d38f68166551
7598eeaccbb8d477,b723d4194c0fa018c9a35ca9
fdc7c3177bb8e2c5,0c85bb19b35ba678f077b094
5557f41c7aba73c3,82df6e4b9671466783cbf773
a43db27f7f1e3458,6771db85c2ab9e655fd61f31
8c563cabf001ce83,920aeaf2ba81dd281610df8f
de6cfad7472fe1e0,980eeb9722506331c53f0252
1123cfa64af23a7b,4d2b720a50eaab7fb3cc4dc7
c71138d4893027c9,c1c3aa275f1fa06f7ba9f6df
6d1e6f5beab4b46c,621a3f74fb7daf1aaf0e241b
999366dee935287c,d1d5eabc6546c6658184c8a9
a5b0ee0178b3fe91,b33d2d6687d664aa2b7666c1
0a7ecbaf62507eea,a7af394e90a585815f289ac0
c95d783166b1828e,69597ec6cf124763243d76fc
6fa60bfc4ae9d73c,9a866be3beb7a202cf61ba1f
3e6e3ad2bf95ed35,62a31dd3e91626e1845cac6c
b919e8099c151e53,b3657f15ee338fee307659b8
51f9e0247f01f550,15eacdc6f9e90dd5f285dadf
dabe7f624c1b23cf,f2aaaef2ccbcebe3c5be7c01
4a8b7612934facb6,0cc4d39ad93d786e92c491c0
a77112b331cc68f0,d55403c1ed5dd41b1fc709df
dc4ba3def78efbe8,d6c54b23660e83cda3ffa65c
1d2a0a1a344fda27,d1da28644a0f3e8d48fea0dc
aa49da62a64449f0,06f3af264956bc8adcd805bd
c35b77ad3ea844f5,2d21db9d02dfbb4507a9f176
8350f4b562b598f1,7b4447467887405e63b4b370
9b6a671bdf7e055d,31843b0a0d89b39d4a3e698b
ec404415e1eaac3a,98efe2a67303bbaac176dd43
e291c9cec557489f,dd54b43fcfe3e78b04cbee18
98ec493abbefda14,bad96ee24eb4e38e04c8c98f
d3f5f00693a1ebf0,19b9fdf141124cb4fc03237c
a8cc3c1cbb5e9a52,4bfd7e76301347f66a63fb48
aa4c30623098ee46,2a07f0b831583ab7a60f3e0e
1ed1086e1cb4daef,d48ba6c4e38d9b95b2508f2e
22fa01e8fb72a629,0df584e0881e596ae24e17e1
56aa8a0196b2e882,6c39c62b51ea47ea06b1781b
79d231977f62ccbe,bd657283c2b61f9912e07fc3
1914472dce117aec,f05c5462d1f425bf72f7e9ce
cfb245bdfbc791b2,2e64fbf55158e23ed7631a18
b214010bb3d6d6ca,b3a1e58e57d1cf41104279e5
652802dc82d3bc16,1eec83fef07aab3dc624f2d5
5133f2722537c95b,071c0dfdfa73b5da9363ad20
57b957a7f775ac42,c48668a9272495276e4e0f16
a4f91268151c8031,46d3ef877719d30ecd52d970
f13882f2fff9bc2b,b677a236fa77c2a0146f78ea
1a7f61c555c89e46,75b37548a0481839f648450d
3823ff9266715a58,53afd868dbf77734633bac50
8d6b9eb4935b0a3d,ca1bd192f095a94ae29f896a
fe78d4d3728fdb9e,47fa82c7149fc83d93ca2c20
41585190f823dfa8,f2ce957401a1aed7e4ddce38
d43a89ca60eda71b,97c780da3a0a7c592e8e755c
a73d9bc77eb512db,b8e5a8509c18adb6ac1a10ef
62cd1ca29d6b0e45,abc47cbeefa5ab29afa0f687
f581db847cee2bd6,3667aa871521473891dee046
fa4172e406ca00d4,8a374c792405497e8196a420
b08db676aa38854d,8b42e6f518ad078336f99e5f
91e8384980537ef1,1c9acb2c7264d96d0441f712
836ad1f48f210118,b10bc313f43d3915717db14b
6a83fcc5fae1b4da,72373e79b78be100b8aa7d07
21f97c54bbf076ef,6918a62e704866a36d8720ed
36cca62e169574e6,28a8a39776184f67840648ef
d8b4bc23f2876892,dd50c5bdc70f2425935e4db5
0c6ab0763df61203,c2f5aa273b9c6946b290a067
fc2f4ea63c7d393b,a9ef344c4bd04dd04672b071
42be70762ded8a42,7f872438786191437aed857b
5fd37145aa8da8c1,6960f894602fdb4ee6c19178
c9a55e0b3c74fc8a,e2b3875e66535e611f201a88
0df334d4ce62aee7,9aaf58c8413a1948852d9df8
f057c62e833c7a2c,2d00e94d08a072e4db1b6897
4061b2bbb262dc57,03b7f535cd76a85368eddfc8
d49a47d5adb3df20,d0881b42d77547d10329c881
af08fa99275d104c,58a3dfed33c577a0bb2a34e3
9aa30e4588c8c744,d15851c0874518a592bae2ec
2c2b21b67844caaf,c7bd10972348b6b82e101097
ab3e95767db6a91a,f8adb1994bb77a789f27dca1
cb0cc0a17bdc48b7,9839ac919caabc52e9dda51f
c6a399c1e2a12cc1,484aaa2e58a0589cfcf68221
c8425f3dce28c620,312b761fd9c4f744792abdd2
ab2d5d5873a81b20,0fa042e3e06c96e5b41377d5
eaa36993de109917,aadea16979a64b317e401dde
84d0b7bcff512c7f,5017916bb76c79a15fc07360
7237abeb149297e0,14eaa0bbf1a59046595c92ff
860065b12c7fc259,0944c756ad980514f9d3c6f7
1cafb9b2396f93af,4c373b43adf87bfe3b5d6595
a1f4dad25fa29f9a,6c895d1a782366be90269cbd
c867b852c50eaf0e,35b46d20378dc83ed42fcb3a
27b290b52de95f9d,d9fde8c21a1cb07536f5a617
68092e7d529cce45,c4bc6218f9dc7c3f78c58ef5
1a3197b77b273749,1a2a91e971dab6faa3d99290
5704625b5fb34282,5b2186375d44d3a5bb630d09
673f4bb8a2e360fe,827f80b0781bc6c907004b1c
b498736d1e39e727,2825f2d0ac8254ca99c54f27
cd43765ec24a4889,42900bd0057904b7906ef708
4765a0489336f6da,2c4d0bfec529f2bbf673fe48
f3041f59eb4655c6,c1f7ddb75223e770a03c65d2
7ace11628b307ef6,f0e0ce87bafccdbfcfc64efe
c5ded3b64d5dd49c,1601cb08231d1efb94ab5fc3
fe15d7ef1b990c1f,9bb3c803e7bfd362c428bc79
7422f420c3d29b25,49d1492be1ea80dabe33a925
5096c80bdd14a0f6,5cb48d3bd5950fea048b4edb
9f37f5c3f13506ec,9b3621bdcdc6d28788d469b6
e2795535fbca1e4c,8c85de36694ecf589e29b7a6
9a2fd885e7cc3bc2,5fca95e8bd691461e278ba4d
60c52507303b9683,482191da5bbbbf26e26dca79
33caefdeb5d54f24,fadfd59500b0b49ff7f975b0
3309f2f9a916c849,199b58a5bb9418b852993705
2aa1589b5d7e80f7,37540d90e45eca849a4a698c
0c105aa295b3e31f,6d414f7f11c1834edbbbfc9a
ea63d3d305f09644,a1ec0216223a54456e5d0bce
20fdc777b09c46c9,4ba4e4cd8a2f208e2ae52e05
1f78610a59a91f3f,2ab48435ffee2100f06d0d5d
60990dbc2c32a3f2,ccbe5e7009a759c2cedf7d60
834787d029c4baf1,df589789965b29f160f41333
d6b25067e79de2af,2af6e95a14be2f45594272a1
874390260b5add08,c35261e09b1bb79368a900a5
fd2055ece51d8e03,4f27f9d686f221e4f1679848
efd7658730f29dae,9012fadda319f7bf60a0788d
b2884c82e0d69450,4c93365ee6c836c29f114da3
0d5fa6f44dad7b11,1a9c6e58111d5baecfdf3eb5
dc37f4cf77910c92,8bedd36f8193a1b20974560a
a1ffa68a67b36b87,f6030076792d53dfd903dc19
eab3bf309472b2d9,fe2dc90246d306915593736f
79bad204fdf05363,4c058c934d849db033ef4c4e
7589c47fb658ef7b,f0c3b69dee1321229cbc6a94
a93c75ed9d3c976e,933037c1f154d6efaa308f5a
4eb3fb5fab0311e8,69b3c96807a96a6a94f08d38
c51c00d50d8efe5d,952a77d5e155ced9213b0e1d
75bd72761a77c42d,048abdbf66da8456c1dac7f8
7b09b6f7276bd1e5,2856f74a927204e3f88b1992
c0ddfc25cf4ae163,7355585d82146f86b03646b0
85ad31b0cc2a87a2,e245e578982d35666c8be42f
35d0d6938118ea06,591365a1d72a05e112ea04ad
216f328c65c3d5c3,9d8188917e58ec49d9e9232f
02f70deacd2f278b,dc973eafbbde80f8f3bb5741
0c0231bab6c9532b,4624d401c8d5d9c6e4bc284b
e8d089330c7967ff,6957426dae791b9ea3f96db3
bb0f528003f2f2bc,fc2d0a90c27b559ee586274c
bb034d9517a72ca1,3e897b8a80cd77bfdf813490
6c04a62b7c171621,3db4eb3f2c26348bc63cfdd3
730321f5f47131d7,f3dd28b8d4d4b66d5a5cc10e
cee34bca744f4972,221d06e86987e72d71edf580
243190a44c6dafb3,06874fd1cfe36d5e30b7d6e1
1ae98eaaa8690548,d820fba130522d605038958d
7988e7c0a8f9c15b,2849bd04705224adfae04cc7
25576fb1457d566e,3963a9ab86967c8fbffef0c5
877c89c8fb6a60fb,2ccf9303bea25e1dff041a50
f53622eca6bc3130,68ab54acffc317e546b09c54
892faa47a6c54582,82475f5c1d75064ba3de09ba
295b13035406b2a1,57941543b1e686c794f92f7b
78061597f803d135,fc951a9107c47dac83a60826
482efee1568e38bf,b6cd027b1cfa555254019e92
0a9abf285063b1b6,43d000aa3020843a603b0073
7da8412d47ddce57,8fa42503f6d8786feb6d5541
6fc52512ee9c2e7d,76cba9e51bf8cc9b74464053
7ebe8d1e2ad1965b,8f00ce7086639ddbb591bc08
e40456a5412a877b,61d1b0ea9c38f90d30ac26c4
f85b00f2260bb952,b63825768c7bed0661d12aa9
8527dbbf43b1788e,daae644a9dc188802c6db171
c2d6d0b588969100,b4a47023e7089718780983c0
37e2e7596ba641d3,5d90c59767f8c3653a76985b
1b912b3d9425b192,0b8819b30478d4776adad59c
194a8a7e2288fa17,a09ebfe6d5d18a72396af15f
fc0edfbd846e9d3b,76afd4ea7e99d02dfb06b4a9
ed89acac2cf9be6c,4fb9502dbcd9aa7332826453
f1254ec19368aa33,32292471c68bdfc263889345
672c7cae174ddb8b,d5d5cd792e4978b97f1b0401
af31a1956ea21562,cb1de37af00af5de513f3d4e
dd57795844542b41,2b7380db6784a84101258225
e1b442a244d620ec,d71b992bf7e83857397a7b41
3473726d5d3c47c8,e8e51786f0be899142114404
8a060935074ff87d,038a269e893dde4c53ebb362
82b66d095978cd6f,c205c0ecff301feae012f3ea
08cea29e80efa18f,e095e96687bf154016a007f6
453edbe41c1c5af3,738e0048f037cfb2a6eb974f
79145c66fa566a65,de31749b916b43bf3100ee7f
aa9dba94aa8262d8,805c15e2d45081ddff12d52d
e50f6dc9ab0ed708,0975fb86028c69421be3ba50
2b25a66c83f278c1,d1c920d8f6ff1f931b738e37
9054ac7c28a531b6,bd969d9f5740a0179d8ea186
bbfb946fc870388c,e81e5ac07b3c32cddeeab778
8ff22ba51c4385fb,4380c1cf5f2bc11eb1aa47fa
93bb5c48f52744d4,30d637d5f016995fdd344211
69631e860e6569c9,82578e902ab32f52b4c7ea5b
b539fa0b2862a9c1,39d25e2e730c50ca37ecc3a4
34d4dccd4e3bbe3e,4e6acb5a235ba193c3ca415b
f90c79f27a7f673d,2f732ecbcf1de9af5530ae75
fecf486a77c3ec0e,94adf9818e946946a877d888
ef174f5ea305cfbd,089982840a024673615edfeb
11398feaff380948,78e3cc8436750f87d492fe6b
ae5228beb21f5920,bd66e81be8a20f152818e785
0557d59042a3a003,6fb3e21fc9a2259c42cc06f0
a8e2fb52b960d155,3188d8ecf58f0b55798591ec
9bb31ebe47e2d0b0,9c42cc76dca2285e56527648
8a794a65a8fe9707,e1caf9462f33383cd679eaad
a8c767ff91226552,f70e2eb02b3deda50a670e53
6521d1d29d39eecb,363fc0fc098987a961e42973
26efa10986c96249,101de8dea8a1b49d3c0e42c3
157c66ba198ed759,d3cb2115dfd119f9c23c0186
bfa9ce3d961a206a,1d0555c75ab97aa0377ee8d2
825f29b88cafcda4,20021cd31713f1981f7fd705
d5e0f85c9746b7c3,72189e76a2b9a450bca572a3
1e14e758e788ef0a,3b5d92c130246b9d60803e54
7e1b7f214c6e84b0,0b0f8462a7734ad20e8f33e4
17edc711534471d7,814e20d5100ff2e75693b3ba
2cac59ad9816bb93,b355eeaa7042d63579d0367a
93267dcd128aef82,788a831e19524258d6afcf7f
7ec90ff49b5b2fb7,fee3a26b1114b87131b923f5
8a497c0ac51ced41,b1bf56ca86936bcde1ddf1e6
c81636ef3e8b2498,8f6ae0db2c59f2856678b60a
4690fbcbe67163cf,1deffe08d3579b9c54beb0c6
ff8cdf63ad0f3beb,d6ed6845d0b29aaf93f77048
bc00d2aedeb7d899,437f8bf1b8c0262e526c8d97
59025596ee26a8b5,49cd6377970548502fb4a122
5d8c7b41d24cbbb4,626dbc9f13e20eda5a7b6597
cfe08ce42bd1262f,a84afe0d45ab0a3eb97bc8c0
9e86c4dd6060ff15,5c5e5377dd7ff6a38ce9db6e
05e638997412d088,4c70a04863efc1bd92d55a8c
18be85e0aa4d643f,f184f9aefa86f4313c9aea42
be36533587fe7178,7cce059022a863b70e7063e1
946806486b91cfa6,eb4432d60616a4b066b059e0
995a7f18635a1a71,8bb5a613160f60ae9710961f
505a54b4cf83fece,44214fc7ac1b17c34f0c385e
98781210f76299f7,29ddcfd2acad97d7cef1b5f2
087cc4b833ed0ee6,d3e450507bd1e6e8a303c3d7
f2b3f20e1f2ba489,76b5be47e1db60817dc4fc54
631b82d8dcc58567,47a6f8c069f3c451fe6d2cd6
f62efecdedf9d004,5c458e5d4997c13cea2d5c0f
20bb3e0716a12d2c,d7f9f874852d0b9d648f3716
7a6df4e3782b2c93,d5567420b4c5dfda3ea7a44c
5827453503c92b36,c70a20df03945cf5928020d5
a479bca6a71df6be,9f610a8b138997f861fe979b
3e194a0158d84346,480a5b92825d01fd445576d4
db71b8f4aae9e4cf,2cd879c3dce7ce770b117671
4cf1355d1ea8879d,7cd2b4471dd110865d3668c6
75c259c7c004f56e,d2351a74be18ef0655849f01
5b9c49c09b60549b,be36dc97fa2621caaa7ecef0
7547952226cb06f9,5b14cbe7d1e50b21d8be7529
fac7db00a1b460f8,c949f0e354cd257114577475
7d5512ac1f4197a5,e38e7f93d75f8306324cce30
570bc57b9f801108,1f4cba4a68a88bf4507d843c
b3f4eb7dfb02af24,a346ce46d96aa11852bcb4f3
6baf7e0bc98e7378,44a4ef82fbf210aaa5c7a511
f160c8d8a491950f,a43f6062c9f92d2abf4997ff
9f4799b0a74028de,32cc6973c77bca2a13c65af0
aa4409e324310f64,d6f0e61cfa2c8aa0653612f2
a6575366914f3d1e,10b60bdb35a899034573876a
1ca78d39bee35731,aa0bb4daae0a6c74a70a40f2
4d3b20b9fc465f17,1af1b3e91a20e54ea60ef8c4
473539bc718f6803,a0f78ecd263417d2429b132f
c8c41c38eddc2528,0e52431c84c4b59c4d5c5edc
a6b829a850318084,e421e3610115e8641383f906
143dcd235ad5630d,2d0e0fd17eefd6d900e534d4
2aaef2e0f9784adf,f4a381914351a2342fd12a26
533463c931338d58,77c08e234003154c9848bc44
ac6e10bba65ed897,77c11395c349d31443a80b84
4a656e03528474ea,bff94ae54be97631180fcd11
3428f857806b8604,a8aab2e8165f522c0736f545
f4498860d81d650d,bc3dc4cdf4fc516cb25e95fe
48b269f8d99594ec,99c8cad8b43d35b19449fca0
25a486ab78374ab2,4d2a8a6221707a4866ebddfe
335091d8f22c32e5,f5640d70c89c3a496fcaea57
c82620ba7d5c4256,382b7020841491653f2673ec
ca84cc8ffaaddffc,942f0706c64945df05819fa4
2aed2d43d521c9d7,5e078664a197c89e81574402
48b0eea543de7258,13ed95e5b0a33b9079ecb74a
6266ce2516b2ff99,1974fb5d0944e46b9907af9c
5a2209b7c63ee45a,b2a98d456143cd476d054e49
f5324b6f1f3a15e0,dd1edc32b3c84de301d261ff
4193d604aebc8bd9,563471df571420bb0a57ca47
6a951a99a36fe971,92c9cc89322131d27aacda6d
5fc5b465ed7de4c2,d61699028715aac5771a4a77
6983453f41902652,d41de84c90c8155ea5a03fb2
49dcbf948106c895,adaae016db488a5286ca8b96
ccf88f6fe5e65616,7fd05cfbb0923c6f856611b3
0e329c4c6168acb8,32e6066ddac5417a2ef02a4d
05a50aa5b8ec084b,788348ea8c667ee380ab7f2e
314916358eb49d88,fbf4adc66a7aaf73ce20f402
f7585566d6e894e5,ec2de0b57df018534c7986d0
accf8f7f072d5929,6d38f4b0fd04ad2ba433a6b8
3c077df52771a6aa,38d6832369a9afcb0e59e8d7
4db600f39d7f1b96,3ad07caa60e737f5f45e6f08
6849aa6cc99613c6,1a7e29639c6673ebf9a5a6ec
f4a6941c0b97d424,0ca9e520d0843388d2a2c981
17b610747a1170fa,f5894bdcfe56d7c07be0bf87
d58ccfe11ffde2d3,26a936c89ea0173898644a11
8d66d44cfc8ed1d3,942dc3f86ab06ffa486f85d7
ebf35121df733be7,308e66b5a5655dd60c623135
84e8a45cd56e7a9c,0d6953bf56ff9a708b433d9d
d752b9fa02630e05,156b54c7c7cc6dfdca0053d3
cf61890488041bba,b86a08d740c6da8583fdf6f8
8f5565179a45df91,f0826d526334f804a535fb70
ca84ff633627fd51,419ab8e27fbd29ac68acfc6a
d58be0b099300569,5dd2281341ff80815df10282
9e69c4992b2363cb,a6e47481c91d252d94e7ebdb
643a8b4881586b2f,018a3a12a58ba08fbd503bfc
de54112740086663,34b189c86d010d90d29f5dff
2a57fe612d5a9d92,9d1153bef53716a7ff3e84d3
d0637284658c8f4e,d9bfbeacdafee51ffd95e701
8854944486e7f216,babf92ea3e97e34b1c87923a
427dc19822b84ca1,650daf73ff05a8e50b07314c
7a4b22af93eae4dd,ae0e0f29d2e93586a8044277
cfcc4f49a052bbfb,623683354636d5e343e3dab4
371a8a6d81abaf59,c96096edfe39c311fb037b77
106d4dbcd95bcb43,dc1e7444712d73d259431b12
9450f90fb1990a3e,338c3205fd3f9608781b9da6
e8c40d6e299fd418,31dd183aae4e42fc1c633c54
736d3810a6d9f12d,0a8a2b9930be457836c71d8a
e707e407c0c3e824,2783cb1b4d212bcc18a05c6e
6524f4bf2403135f,10f0ee344dfe7a7dfed6d85a
9563cc6ba81230f6,0d9c77f5e96b9b8333adc612
adc7d7cbec846c06,5ab29261709835bd6fff4713
9888fae5f0359542,5a51b7b9afdbd6f87cf72d8b
c3acfe86f1a14e53,091a5f45e9064c351158a9f9
b00c7fc60e91c4f7,5fea33a152c5bf1a49bf48e8
77d2c5eaf5ace712,03dc30c1796d3582f4f99754
08ccbf9c2ceeed85,18580b0713ca5d7f834349ed
fe08e63fc8307985,0eb5e0879e460d5468d376ec
ff3df139414c2139,f5666a5488f947bca1048c28
2ead04b01564dafb,39fee416bbad479f6db679c5
a97117221d7d0390,9f0d45e719a275855a9861c1
5f2157c0954ee6be,0613b01eaf1e7260f53b48c8
ac2393d835ddc34e,3b79f7289b0505a9480b90d3
f1c2ea2c5df5fdb6,1ba41cf1c4eebb2b765d8a46
eb135a731201562d,d99d160fc033ab47cc51ec72
eff5e05ef8f54868,7fd9558f8997a56d791243b3
b7030fd42461ddf4,257f061da6e76aaa2e4612ca
9fc16ef153b2307d,cd23ae26a331c6d378653b17
29bf3e8431423e83,f2d9c2d938b681e39c74fdd3
5ab36e49150ee200,6b9c99eb36e9d31feaf72767
2427ec4bbe479251,327c205f8121619039c8b88b
fea3d618fedf7f0a,c88780f7396a2dd8bc5f92a6
5c4bb8fd64496d3c,0bd99c549659cf7704ab1360
ada99bdd0539d040,ee2b9ec4314c018ddc71fea3
e41861382b961ad7,b2546793be0d06a3115314f6
18c062663d3cebc7,4d143094c33a19de6846a753
9c03a50a4d10d222,4d6c0eb05f229f3afaaf7864
9b1c59434395c610,d90fb9455e88ead548ba2c2d
b49988076ea8fadc,6b5ec87469255c92ceb26a54
882c6edd60ba7167,947f72b9f99854de361d42f0
c2c1329fd6d1d7a1,82b8e852fe59e151e2e6a951
748c34df88e02602,6b432c98199d4dc053e0694a
b6faadfe01ce6a00,e9acfba52520ccce4416ecd1
63947f6016da1885,b4203b8b409b70c8a8178711
80e601642d460e3d,789b67304343b8c95c671555
a30bdcb55d869408,9f9edd3913d8057c8b6b0de2
52ba2ed0f06a7162,30ed90841facfff2570ce0b0
ee87b74dcc957549,7275e05206fabacc4bb4c6c3
65452f1ee8c87291,5083a4efa1e61ef7a16ee5a6
49ef2dd54bb4bb74,7eda6dad1c6f46ac3f79af5b
f2c918c1f13b390c,73962dcf90fe4b7c324efbe5
781651637ffbbf8c,0955a487b57b7cc294afe1f3
4cfe389a1662f4d0,2c7ba0a09871046c6b3e9da5
b3066255839ba0e6,eeb5815d4fc3d297283e14eb
b981bc09641d76d8,126158d6b51fbc7849920381
5a4322ff4f116734,6cb047af0b65c044dc042de1
353e3e212bfd3e49,7177b9cc36f8dbba088dbf21
dee419e870cfb8a6,86fe42b0fdfc283ac6c6a44d
b337b99ea80de59c,5a2e95f885b5f280a802c365
20ad5e9ed3d0445f,6e449545079efe9ae81ab97d
0f9dab47e8d3dec4,6e56d0e7478324a56b521729
a3be05eb54f33fc5,e2d516ebd812eaae58b9179b
f43c95764ddae19d,30ab9d3dbadc6d22282068fc
59d474851eff424d,91f6be707ef4c054982b698d
e02f7fb88990593c,4537639146c539224dfdca1a
53dac308dbf9be6b,07cebe8684ebb46e36a414fd
c11cd49d2cf9c3b0,552f50d5c673827d757fd275
3883e48cc70cb28d,3cea29a37d67aa7597664b97
eba83b250e401585,47d3b955159b642c65d29a0b
f7fb74c90463b0cd,ab3271b1cd08f5ec489b6137
6daa78e4d3a07ab8,5f725aecf593b677713ff6d6
eb944f323aa6cc65,403c179b665564a0afa478dc
0f4da739b5aa8d96,50cbd49e6bc1c64696190066
19c2d83bdd2439fc,66b7738f40cf28d3a80b6f0e
26a8627e0dd0b860,52ede1af1de6a2f502ea13a7
3efd6439cac1286e,a4cb168d36314421040ec06c
2cd8487e43a7e8c4,a3f988205bb67f7ecf1712ea
adf48cd3b052d455,1647d51ca0bc7f4d3795d17f
8fa20ffc290bd61d,68393b13044b3569fdaabab6
46003b1ce1f08c4c,ddb1c449bb9410c475f0b4fd
575802eb13d519ac,9c2c119e37489c7e1941f9a5
c00a081988ca2300,649c8598c30e9e7ee97cfef7
dec85fa9068cd25a,168e17a0868f31d013c3859f
b1a8eb0d01b8f767,f4cd76f58b33f725f7905fe2
957652c1efe10adb,e7a83ad135a99fef87278afe
1d236b570def0e3e,99490682e6ccd404ee94fb0e
8a843bdba3764312,e5733a22f115f7bf28734c5c
724b19ab47386b68,c4ed5201a5ed2235707bda37
e8c1a739560dbec9,49d0efbb74638f55ada7456d
a061247198e6b4f7,000503d54dd13d1b331a0784
816aec959750c179,0bb16edd89b307d62b913304
ec3dbac7fbc88961,dabfd21a7d472b7ea2c2b4a6
ecba0ce17d59ca04,d00cdbc81e9cdcbfde329a4c
ae8376e59b3f9570,512c1a170bcc875cb6a539d7
db9e2a857101cae2,5ffc49733c181dadf4980d1b
e3b36540b382603f,fbdeec68f7dedf8837ade5d9
e71997813c354303,88a7d67db92a96e183e6c477
4de842a7dffdbaeb,9777242b7f930fd808ff3b62
9ef6911de1eea864,fa7a9ab3b917ae1b11ea8044
eb6c115c77f69370,29978f91bba0886c6c156430
e7238d020a2da2f5,9e61d49ccf5a2aad896e30a4
8ef33ecf4576ab55,39c8e4cfe6870c7e1611d379
f651e782c91f0bb5,c36cf3fa2bb80ef1517a7ee7
c79b67d298c3c0f5,4c5dadd6a6ac2bb931caed91
6d9097a4a80c3605,e9edff38744f18cfe8c53937
7b9aa432c3f35723,09621d2178599570d865c6cf
7661083830694c94,26a4bd9088b60cf68ab61b82
9bf04425cd83a83a,15fcf1d79fecf05de727b023
8339b535054f7241,c21afe9785ac541eea761e6b
49eee00f19d4b16f,f65d60f8faa5add7f2ec8c4d
25f561dfef296416,3a16fb54f43ea03922bbe193
985b30af9a4e45c2,9c5f2691c7d5aabd4fe30e85
7102e9f930148114,55444217e2bbd3990325fe8b
93ed6cc2bd88b14e,9f6236b9e41dc617c15687ec
58a1b65fccc72cf5,6d4f31373ccabb942dc39c78
91470f46afcbcd4a,0264aeabde1e7ccb95483bcc
cb693c2b8ed6c88d,e3c03703ba4dd6ec8e082245
a4676305a0698f9b,9c48919468747a6c1a18b1c7
a6c7b31f723c14d2,af1ad364ee617271d7151920
eaa70ad747d63bd3,7b8a70736dd7828b21d4470c
738fc38b668c561e,7119716ae866605022a458da
1542812e92b99f41,a22e036c07b37f2196cfb254
917207cf9597bb1f,139bd7359e931e9d37cc917d
c0fd29503001ffe7,08fe4a367e75d2178d5ffdb8
71694b2c9b81cd62,5d25e6156dbc5f19cc56b589
16f4d2b3e1aa6f8b,01a498a7e71655fccfc7465a
0c814050a6107751,09511cf12c0c968b64fedb9c
3df0f1bb640440b0,3c8a1e64ac64c2da25b5d23e
dc3e6bdc7782b734,cd5e7e77eae19570d11bc80e
7b8d97309fb7f7e6,a727de15fa1a7efc175a602c
9e096d513ec86423,4b7296a158f08047eafc22e2
08426763fda4a016,a73c3825e81344db66485fda
0307ae9a1a488347,2a67543f5f095d557f407d81
131c992a7c33e62d,4eba2bf40d5e2cd82f9efb73
7285d430d593af1e,7ed375be2bf8015f00ffe28b
6a8c93014b55fe21,96df225b240fe28594b476ea
cb0e25e208e4e9a1,8027ea136228048a40976733
25fe978e60ef1797,ad900280bc19c57db0519ce7
37af3eb5b5281805,e00b93cb7652b1780f86b440
29403c90c2262e53,0a2948358fcad9774fecc371
84a523ba48d12e5a,e7f3b514832ae949db169796
1033903493450f89,ec2f88afce989be3b197719b
7c9ff65efe2bab69,b61efef176c4c681045c41b3
c30f37fb404fdbe1,4faccdb4c90c3386b0a86149
ee36e9e714b1acde,dba94d5796e907efa99ee192
915f40d1270a1163,f92c432e5b3aeeaffc87ff94
043db43e6e51ab32,2d1aeb020e2c6a94f34783aa
132826fc37ed8686,7830949d3462eca78d5248b3
5f13b0129263c730,b8061e3c4048b27e1671f651
232fdfa5f7ef7008,c7967447bb313d98fe3f24cb
46798720e50d9c18,03211bdaae6a725deea18cd6
93dabdde0834850c,a13d945133ec6046d775022e
313c849088f546a5,6a600aa1d14aeab58b441aa2
b938fbaa03e80c6b,45979bd4ec81d8a14ad3b406
5b92b83aa462db4f,cfe8a04ddc4a6ee3a3f794be
978c76b40aef4a45,5a393a8415912aac9d288c2e
1aecd1cbd8059b69,0c6d7684249e2c707964055d
8ad6eadd04278a77,8d7e007c780df0b9c963f66c
04d5704bdfbd33d3,d8c59a0f0cb869bccf1e6d08
e1fc2a9fa7392fa6,3de5b43bfe533fc0dcdf694b
893236073efd8d78,779b9b05ff4384f63e714a78
007954ece3ffc48e,237960c8877e323b9ba7fae4
a44eef42d6fc7905,ffdffe5d7c90f5c15d96075c
d226cfad759d43f5,38bb0934a96498bb39a059ff
a71719bc95571dbf,74231f92e997eb2b78bfb6c3
31c11b90fef660f1,73686ae85ec04bbe4dfd50f4
f7fce3835b961cc3,a753cf0fbcb8a2289d9e68a7
f428487bd30c7600,eb1f2e26b43dcb8d3368cad7
992570556b19bda2,a1aa00a41827661ddb8312ad
b78115c0779b351c,9a0b4c1251ecaf5caedc286e
5e587638462d8863,2c353129f44e8f075480e9ab
66a110b3195caffb,52def4b727f986dbe081ca6b
9cc1d9167f8b543b,5cdde8a240c7485a6b80d9fe
c28d1715fe41290f,03c337cbdbe079331530eb19
d1c5e43f00f867ed,4ce66b393901375b672ec3f4
96a738d455a4244b,c3c2b9ede55ecc3c5f42e7b3
d94c0071cb8656cb,e0b0e54030d798dea52df9a7
40d1d4f07cf0b04e,b8ff35ee3fe5c3738215ceae
bcd7b7776006435c,85ae5e2eeef18cf7f0ce7314
f5d215906167bcfd,dbd527206b3ab19a85bfe95f
336104ca1ca95da0,172d40673dc0ab0cb2584269
3804b04b452673ba,15df79985fcae7c9d431013d
fe64b1c08e01602a,d33fb499866f464b55c8114d
5da71c9a672e624c,2aa96e7b0361088d9ff412c0
5ba35464d227cc4f,9a74ae21380cb5c0889037fa
f20884fcd583ccb6,5fbcd5abcb76290c4ba96099
1f118b4297ac29ac,77f7a1bdb5e27441e60b74de
6d957687e84b74d6,a4a8c6e4bc42dfd9bcdf1285
7d99c60b85a62919,c7ec60e7b1bfb5315ba60be7
44628c6d0ee6f42b,4b9222e2b037c5fed7c563d4
7c7cfedf46deead0,df636f68cc62136792101e20
d56b993d6ec4c48e,35cf3900cd4d30a9ad616404
79f6c07d92213b12,2174ea1d9f9bc91364f8aaaa
79ee0f6f65ca7baa,54b9f6a6a7a7a1667e4b208a
d3585631ff694767,bb858aee4755a73969af33fd
f4629944f21e57fa,57954d98779705cb8a008e39
7884d3e85c084b9d,7859ababd986fe0ebc1dff83
1cbc66ee1f769916,f8e508ec098818997dc7b751
3569e42be0ec773b,85c80976dae68b8d90297e9c
7b6ee071cf9147cc,813c266501cebd7eb98abdce
408d0a87434f32d8,e69384992e6e17fb0eb32721
650b96c1ebb5207d,719e55584aa6207eb31b3114
8bd15effedb86a45,49088072428d531d08d1ae25
c663046f34a348f6,67718a6d1e10d5ce3ad9ba6a
fabde2e5ce22f176,89a9ae85413c3377ac27d294
a097d700b8001e27,8a74233d7e43d5947da7e327
575b8783518cedc7,8885712e20d45fd221be7d70
2727367108d4eb12,9701b0dc0408f61e2f2bf4b0
d18d7fa6c0502c31,2b4bad512d2802a17e230a60
5b251cd1b6798906,db25704e1a42f5e7e339eb25
639681a3210a25f3,2aa2ddd51ede1981931e60bf
da8e398c21ce1fbc,7893d6b6a2b381d03a8cd3d1
4a02f72066a0dc8d,5fd941c7f87801f1f594f78b
2ca8c410b7a7ae2e,ab6083e7ced6268a616c03bb
a7fec522346fa719,681ae61f934238dafc84ffbd
e32b08a3ef058168,3bcdf4f56b6e19c64752bb61
694a1e51411d67a7,bd8eae48abf848046ad0e2a7
1df748f500b967e2,290ff440f7a796862af07061
4d10d194c08e7ce5,03e7ede087d2e6a2e652aed1
625f3f9a5f1fb38e,03de5002379014e198e22640
9083d7f2af50910b,460cf7ff67179b3914d6aa7a
a6ddd396bb2b354d,144da5d29f996292dee7afa0
7da26824ecf24ab2,bdc0c73aef0493bd05ab8385
5211dd3fc96743b4,cb8e7424281b73d29d58ce17
b51ac92a9564c3d5,7474e11c34878c250fe89b2c
0ed63f46a882ca17,19236af0e2c54b380d317f66
8ba0909c0774f4d4,628e3fa47f04c63bfb41b4b0
d202acaf7c08dfda,5eb25d7e3c005aa37e8ad204
afcaba17cb115cc8,60aab2c41a7692728bdb1eb1
93f7593858ad7038,4e1cf4a7b4a537750b92490d
f07c2391f3389f86,62f667198225acf6d62f3827
27c931663b16c7d5,5a361d210e5bbcc73fe8d8b2
ecf3c82dae1f6731,605d64884a3e729c52ae521a
a763bac7ce83f78b,c6af3cceb9c8b14cedf42a16
45543f4feb30295e,dd7408a48a4ac57f2b47c488
3ecb3388a2a26912,6e066338ca41c5cb2112766a
5bda94dd0ac9d4ff,0aa13f02ff8c2fe31ec62fb5
c9e1422dffcc61b4,1b1d0b6d9e4ea8c17982f6c5
91567e2365d51aed,658b8363ab8493408fd8ca0a
e1cd553ab0a84f48,07463a359d1a6d2b57161737
76e8a0f13af867c8,f82e36b2af749e04f18d0d1e
315fe2df4930c6f1,9c834912ad4b0056c0568f45
738c0cc774b2fb50,bbfa82cfa7fe937fb903967d
3a8e127dbfcd35ad,6ba191869d66fd7b9cf0e3ac
de3c12ca7ee28e2d,90288f3fd96c515b4683d8a3
5db6394e27c44ae0,418bedee5590dc106fe70380
e835964ded56cc67,a7e43107aee5250b9f3b9d39
91d0e628686f21ee,37d21631d039b14aebc64d86
0b85bd433a99e2a6,d0e12e05ff95488818f71d9e
ab691a13181be0d8,2b8abda72757a45069ec62b7
0ce3d5e4465b1ed6,1ff0cb5190aaebdf0415c89f
d608d4fca09204e3,bfcd20ad6fdb1c293c25a27e
4bd2a3273f7e862c,f85429886abb04857901094d
5ab48ceddd20709e,6e681861c72f564adec6611a
784feaea30796d7a,fa8517e6e5ba6cac3738f2e8
bad223a123f5c56c,fa6104e54c326daab1665a21
28e09095989ef81a,fd8e5eabc1765d4685ff1350
c29eb8e393c1d254,321730e5dc5a82d9074199af
8653030a18d40929,876c98411f0157d994a37a03
7d0f773abab476e1,4ab338c550042fe57d2c48ed
df0fff95fb6f9418,c9d0a68ce6e816da70556310
7b6de0c6eabf69f3,db23ea67a7a61e58b4410e8f
43b2de6ecfa85b7b,878bb3b75dae08697df4de8a
d16fd03230c64e29,f1639c2da656f7ecd56fa691
e011c390f9dd85ad,999c8be62baa1823c02c9fdb
ad56bf3cd696b69c,5e65dfa1f43c0937086cd153
7bc1c22f63c2b7b8,c0e2c16ba8183e8580d514d9
61fadb7f4c53f806,b02ce2e43104b59fb6d3c65a
8601a7545be99c76,5fe83259f4b7f1774cdedc17
ec7350750101942e,c4797b2ee726af0b7540e05c
eb8bc161853a706e,25c3b9daf7d69dcd546788ec
ba2087cae5daa138,a201b63d98d4a73945240083
8d5c70f713eb50c5,a6bbcc0ab77469c07138ad45
38829813c4030db5,55dbdc6388dcd67851e55c4a
30e4597239d3dbfe,323a2c73847698300dbf2d18
546bcc9405ec6fff,a16409617868f1cc5ee8feae
c74c1c8478e2a538,4bb75204480872f81fdb668f
8dad1cad94812459,aed2b82e0ce4b1e718d0da7b
ab99719cfb5f0c95,ccb7398f897c739ace750954
78eacf035a1eaa43,31517507c5db8c584bb04840
15083913e5446622,92af0b3450f34901171ea06c
502384a39effbaed,073d7f7521315ddcb1c332f6
830bd13fb49261f8,afa1d73ceaa258e1d608a564
25020d34dfef3e19,15479e3965a8585f41d6ed27
6b51ff5bdb09fdd1,2f4b62514c447035f4a5adb1
8f0752a9b5da5f3e,71a4bad0f4ef077c09671d07
43b52f913c466559,071a0e2c66149500389669aa
b203cdfcdbb07dd5,c3c051f9554fa37322d0f926
5b3cc7a4253f97f6,056c2592dba7cdc61003d4d4
d7d442f5f995a83a,730cde036ea3a90af2a8b702
395deaa2c23702eb,a541a0062909c8ba9c5a25ef
8810d1defef80cc6,36145c303e1f1bf0b554dbd6
85a1a3b2823c6948,58e4065189941441ceeb38f2
afd5db886d0ed09e,09128d1dbc01632f74bdb877
db7c60bb3aaf2d1d,50e15a9730d3e0e43e8653e7
5dac4d4938508abd,81b187662bd4f613b86e80bd
48360d5921305021,09df8e9f1b1051e7b1b2ba2d
25a30ed8ab9ecfde,e254fec0f661f41206d1022b
91096c44baee48c8,8ec783ef2c1d14d90dac6eb1
de93b6ab2b853b49,b4847c9d3796fa9d5e86d81f
7841dcc65d33435d,f1aaf577f0baf6e95e02c276
2684a3f0b341732b,abcb3afbadca0712328552e9
12e447afb8afbf4e,1af5e47762db3d1f05e072f4
bc6a67d9e26de366,b45ac31c22cc65d2649676ed
6cb8ca494ee21502,725b84be6aa44c9e4ea1752c
6127c66cfedeec33,09ea5c2dc7a615c5f30b5bba
b0ba708eae87d0a3,aecf1356c88ced7bceca3e2b
2830eff3747b9cae,679a5d9994eab9797c28388c
6ceb5f85d44459f0,00fc696bf8fec42b08492ae9
3e4a2da5163e4512,8be11fcf10f7aa5aafe3de9f
a6ef2bc90301064d,1edfe65867adcd81e121d62a
d8e9b320fa0e6fec,d2911ea04da240bd420aff35
9726af575cc5d8a2,45e89903b7c628f72fe949c4
dde6a4cbbf05bdff,b2d33b6134eac35c113916c3
ef7f1b43803ed719,cb73ac72033cd271f5451bd0
8ba543cc3b95f79d,48e2ac804ddfbc8e2e98a0b6
7685c3b152b5dabc,71ba04abf536662263e28468
3acd5372f6bd6cb6,51dd93f8c25d5f42f0142649
50e45bc21e299b01,80010bdf8bf9daea82124075
5b651f1c98563811,4db19350dffc8e1e3f86a9ad
c5fa269a9c97738e,72222e4389139aae2fd44afc
d5aa88eada0649c0,422968406087503e9f831a8d
2f7103277c8d9422,5a5047b2c1009d3ec99474d8
559ce2ec3a715a1d,3395b33c0ce1d8c6c18dd265
4b05e73180b362cc,6a6289e728d6cd98a6f1c77c
abf3e62f3b3a7f1b,0a49c025b6ce4a552db11b4d
431119e44924c74e,6eff775a603984abbd939ee9
998d40db217f068b,bd000f67c190ca18c5ff5044
41be787bb51fb124,5021b9be6b95a8d95a66cda9
899688f5b908d532,9bc802937cd48a209389a26f
4483b999866cadf4,56c8182beeb3e09f1b784c68
5253e95f6c75b607,6022e4694bd2bfdf6b88da91
5e7e497a58c90be2,3841d24914b43e35966230a8
c79dcbe163f6acbd,5b381c19f700354f339bacdb
5de86e60b7c88f56,b8c907ae39c709d9de447fd7
56b31790e2e834fb,8825387bec3fead59d4780d7
07416981d984cda0,36357773874900846bb09422
e82baefbf4947a24,cc87e5a210843c33b89e87ba
3350cbdc5cb14406,644f664b453111f707463b3f
3634b0cd1e4bb6d1,9838da979d0239e3a507ca3b
5369721c31611b41,14e5e5f921b01b3ef8a9a000
6320b8c0c618d240,9fbb6694a6d72c68f27ec784
b6575532ec858091,5823562ef6fdaf3021ca279a
1c92fb85f3c415cc,ebf76e6c0526e45959d159d0
2064a54b1fe4c57e,9af5b592844ed48a5bdb0b49
52c4dc0ed4a2b74a,1416ecba6383921639f75bb5
becaf3c7d5d4847b,9c8482c2536448370dbdfb66
f469ef1edbebb0aa,c3583fe3d7909b59f98a2095
72b8b857a3027b45,df4d93c6b2d6210ccd3f7bd9
0443bbf6fbe79700,3f29af9957319aa09f36693a
cb4c601df6e4f18c,0e2cd95c42faddf39c5cd291
8b4d89b6c5368cbe,2b8d20ab3f090215c57d35ba
a5258bac789ce6c7,63a87d594465259857db6971
3c0514f5327b32fe,6e52c041fd39dd63378ace23
0d8381c211bd614b,52185901fb8aaf93b13c041c
506dca92fdef3143,57549979d94575f1db7dbca2
72491e93292a4234,e90ccdcf0cf96edb468bfbab
ce6ca60f755528d3,1adcfe20eeee263eb76f11f4
87aaf163a7cdced2,4206f8104fe77dc59609cf16
2ab2b702df71f7d3,44b44d445ff5dff7730a2f68
0f8d054a38a8b4e8,11db86aaae277b6ceea7328e
a825170875facb05,07f9876a6450ec77dfe5b376
ba7dbeddff2c0226,eeaeb6844007a0a2a8e4c4ed
7e3c7ce2cc0b5d77,b4b05e775572eafa97e5b1e1
ce3bf918407f2247,a6004283be3b07ce93030a8e
5c094fe5f7f2820a,4d31764f0af5e2ed3b5ef5eb
7617b7e9f231b8ad,bd433cb47eec950c93e6960e
2ba754589571eb24,35169325ab81cbcc14a0ee7e
9f9cc0043826a61d,3f7c84ad5ec39791314f89fb
1e67124201b3c3f4,33112b600e2cbe77b2cc5e3c
e3a53c9fdd92cb4d,e61dba949d66093dd9f83e31
ace7cd9ef784b3ff,e1e822cf07bdf31e61abf850
bbb7d52b71ffbc6e,f5d825f088ae303ac77bf98f
203114dc0a508cd9,19380e2f4d4029e9648baf76
5886bb5b74b7269f,c45c56e8ba9b559cc509b9f6
75f59fcbd7b28342,50b8c33d84aeb781a06402a4
41799c3606cbbdc4,c82a28b04933fc7f02de2728
807e09a4febe651d,05b5dcb7b2a023629fa272b4
4fb2313feaa33e6e,61ef17f8a0aa6f8a37a89fe5
a23f4d96bbfa969c,295f3bbf2b1783885800f415
92edd8071bc667b3,f86fcc9c9aed9a253a5bd154
644b6fc19df468d7,777c2c6edff9c10777555951
553435bf5a57ff33,6c80beb4fbb9067eb101b798
d92e3e6651f352b1,7bf1f0e217b22bf972324405
35c9a20cdd758e17,b7b86ebb554c16a6a4d5146f
119b085f73621c23,1db6da9bcb31e3549172b23d
43983a4b32222176,a95f704e9a2e01d7ef6ed499
c6ee7e82d04432b0,65e8175ad49bb9b61700ff42
e0c4329fb5ec1bc6,c1d277ea1b944225efe3547a
ae38129435b72b1c,ca2399f962ee5720436c5352
b222f31bead20c09,f7dff00196848d8098a5fb19
5b07b525857edd5a,6a1fc9a90e7fd0d201f159ed
0e49e3b477907ee7,855714810188b9ccbd323e7b
91c78fdf991eecaa,4f58252014fff60a2f78eb57
ba51cbc2db67db93,5f750a2068c9684681646f48
c4353f4cf3e51c61,4066fed53ef2090d53b9e2f6
70fbf1278f3fd25f,a9ce66aecaa3f29aa4a5319a
ece02e116d2dd0e7,2e349226cd8a08fb5a4009d0
1b7ea160f4f67393,cb5b77b62c79b540018e9570
5397c155069ebaec,f78cfbaf8e9fe158a5a62c75
5e69122db63d2c9c,a24e237c72bedbc900d5014b
f25f6e88e62c50df,8dae079bbb8e1320383eba14
3cd15e6f9be32cdd,8e228c79c3d8c3c829da7323
79292143bf899285,60e6fe65f8e0d79c90fc6601
c281b83da5a96593,7c88e1349c6698ecb57319da
8f3c535bd5952b23,77af45d6f689c809bd9d118a
1d35907b5e6f7404,7218bef8ed2e9c4c32769daf
5005fce64739c6c2,9c91f13b3c261921561d8f6c
31424f8aaee5e968,3ab2be2737742131a1152062
4cc4ac099b5c7b5d,2b6c6ef09d16bf6004b5423c
5b849de58cf12bff,1be04170ccb1d601438eaffe
f271949bb7397b12,4b7ff3eb050b7deabf88f144
567821266fc7401c,c66c1b592af49ffa00e4174c
41f1da4b6f52e507,49b132d7d353ec69a0cc4084
911418019795f325,1f79a0babfe322536a58a253
e07f76dde15746b5,be66a65c726975a165e22baf
a50a9d2fee2749ed,95c80a9f43d5b36f5a175b37
1015e426d738a32d,062800cf265835cd3744076e
5902fefd6cd54539,a57e8012e35e007b0252b575
e5b4ce64028b6e3a,745b27a2d899547cf56a7252
ce3c6a98daf29161,81d3e36ee47d361ac06969eb
0d04f09c8f41f30e,48644155f6a69d845aa8498f
228941342423d74f,d0aa58b9e2792d5fd717fb98
b75f673122b974d4,88b1a33d41f55c093f142c8c
c2d902651efaae2c,f11ecae8717b30afeab0965c
66f1eca4dab56995,d7be0b7cd937d13890ff2314
a07df3f56052e3d3,e59025f2c289f929606df970
0b750e12687e477e,ffeadf3832f65d53e6e17e6f
601653e01882cdb2,f9f9d3956ed07fee75817102
8854cec4ecd8834b,421a2b91a3117e849e05c29c
b4944f5ed6a2c0ab,86804aaf125f45f93161ca8c
a8c9e2a748bbf1b9,bbc414595e3c5cacc1229427
58b09f16d41e8df6,96e7b30916306fad3b951fce
54de797079e1780a,40808b527686b06838e9f301
0f4965ea2d4d5f0c,05b59508706aeada174695dc
e606ef42c5543328,ad483441a5fb644f8c33fd3a
4612414809315a2a,001254a81f31bc5f97d5d79b
ed4843153b5b11b7,948a89d8900003a0935278ca
e461d070b7de6dd2,fee42ef676879d145c48b6fb
c33124eed7dd87f9,d06a1ce9dd60d083045ba1f3
746f9741a162d89f,1ec63cb1d29dba08e12c462c
29ca0cf4d04ca130,6e960dacd5eb9444ee8bbe7e
1a8fb037eea9367c,c89dfefe2d857312f059443c
3e5f7d6e4058476c,49e566530b9b0ab183e049da
6a158abece725577,4bab76c93e05dc8a7a11b7b7
3a135e5dbab14aa7,7855b40a4bf9e14c9777745a
63c7d9bc16aa87f8,3b4480fd6e2fa770d8aa31f4
051d355b61975c5c,37505a472780ee23b5a003ae
8198528c388b2107,3de56a91577763cf2443586f
6aba0bac875660a8,026ea5dd2185a8878f696b51
276f7b92ab949fa2,af35cbd9c7eae0dba4b48bd5
9198803e21944c6c,bf557291080ba1852522ff1a
20c5ef20a3825edf,41e1a8cea35b88b35d52ed8a
8d7561c10a07a7cf,1f8223617e01f929546c9ca8
f32286aef105245e,2f7ff321d983f92e9dfbf319
b9ce50084d0000c0,fb74e53a7914d8e9fee819a1
e48c68fa4710d75e,611353825c58b887d3c3ff9a
aface44a575f768a,5edc9fca99ee542f80ff0bc5
a44ba9ccd4bf1201,f0a0db99ba2ffc01b4653081
76c71b9c8a4711f9,9c557fe92a8fcce36fc924ef
9099cd5329e6ee9f,aa82055c3edddf5ccd811306
63e2a10ef74da67f,4b91258a053ddec308bb05a6
aa9d4b954d09ad49,4df60b1a72e1bff16420a44e
d9de5e6d8c43853d,e6bc0a157333337b0c1e1551
e1be8995640fe53e,ac9e940666e51713e4d4f8fb
70a27cf5e17e49d1,338578b987d4ecfec55be5f0
13f5617f7c944334,cdcf0b514cde6441409127bc
07dfbd53f53a420c,62473cbd149ebcfccab9920c
75857fb16ebf5443,840b78ad4f80ffad67e85395
c0525edc61c74866,b73bb9eabb5e529c8292b39a
b039891587d364cc,53683278403802d77395b684
6e259cc6a8dc97e1,f074ba059eff05f516d5ab5f
e686d8abf2683df8,92eb3eebe27ef78e038c9e69
3af7136809d96a41,5a087137bb497e4b46f52cb0
fe0c82d84022f389,e0ce6d97b9e3bcc388fe867f
55f99a43beb04ec3,ccb289f7f0d7bce33268022c
9a4554ded602fa0f,4d9a3f4e06fd0c3b272a6b09
dbfc23b45128c7ce,b7fda8a862703f9fb2a11b87
57f4c0f800bc874b,e71b4f1d4e5108dda6528032
f1f4ed30aef50e97,c29fa08947274248ddc5b6bd
d14261a3bebbd4fa,c52e84312ec80aa1dc9ef7cc
a79536cad61c6e17,a632eb86577283d474c7f436
26dcb687cd5452a5,9d50bbddb41f3e498b12eb55
1889e0f102328d1c,22eac16fc60bdc011f475b5c
2fc3e18680c4a3ad,52fc64b13dfae21113386ef0
766d32fbcbadeddb,8908c7b858746026eb9aca7f
dd40ada769b559df,76d07d1eb604d2b5a61d423b
47f7a43aae0dabaf,c3355daa2696999db6ca7843
91660cbb8f6f9adc,24ff0d5416f2bbdf0f68f857
eee9a382faed070e,f32f20f079b8d3aa8cbe3605
9d4be71c854f2113,028d701c488c70656ffde8ed
065d45adaa18790f,9a22e200a3cae5856be65cd7
fc6ca0b6483b9b0a,2ab280a1f9745a25bf4fea36
a7d5550d62464c6a,0df5a84327cc9c9dede90366
26168ff1a2bca7d4,15e7d98bb01464ba814c9907
ecb52168ae0ea9de,42d897c54485c7de4cb11f77
74bfedcde42eb224,aabf08d4b32ed397e8e6bcac
7de2824be7dd0a9b,57dccd400f4779eb61124579
57fd35a1baa8eab2,b540d144aab763efdcbf1c31
bee7b9899b7f0a4f,dd1af803c5e515f1c23b690d
696e9229af54c036,3a09750e9f2e170c0bc58e9e
5c568f606c9f9b06,e2d68a2510b8b20973c8793f
585ebbefc067bdb8,13f514b5d235d7567157fb86
cfd1054784527408,4948072d040b8bc74978aeb6
7af57acdda3b21a8,96de777624ff0e37ac2df1bf
3f645663ba57664a,505c525abe0b16916ff482fb
4925310957bd38e4,1d0d11a8cd5eaa3daa2cf146
cbca1dc3100ea865,b59e13409a35ab062f67e31d
3606ce6a2964e715,f103482a4918dfce15b5d934
51166ec7652a7a69,0be45a5d007660d24e031b9e
647dd52d44b8810e,d076c3a6e247726d42d06c41
832d081727045c8f,848258732ccb80bba44aea07
1dfca8d789c2e8aa,314692b1887124a4b4b8a238
90c74f06731dde54,30ad1a9e05620c4f5fb6c06d
88be152d4516ec10,64222a5f1e85274b8cd3c3b3
193454dd358c9c3a,1f08a0554e50cf8faf702e53
6bf211b930ffbf83,80d65a51585ec5e690398afb
097e6706c459290d,419c7c463aa4f3faaddeb82e
b9f2d65b4af067ba,875353e0ee96bda016577cd6
786027265434ad2d,989fafbe504572524c22b07d
c522d28d7f63d1a5,3520f0d0eaa72a13bdb7e03a
55ef4568b5ec7f59,798bdf3f640c78b344a18fbb
6f3a47dff5ffaa4d,ecdbf556f3a99c377a72c601
5002b13078842c6d,81accfba4b753236378c08cf
bf6e97bf86653163,a35be27f6993e2a17f7a9984
a8b3488c25033276,c74871908d4608d2cdbb7e3b
99bfd59f6f6ba6ce,0247b101dbf3540c3db346d3
c22a442a3401859f,2d6c2fcc320a124f61cffa79
3e72915051f0b4ee,f2af3878945c30e6bc15c500
29c6d8e9fb192be7,93d3cae49e638334a7c39521
0ff977c1bf2eecc7,0ada6e6c725c3c80e146a8c1
103fefc6e4ef4564,e57e2e72f5fb1915da006056
dee92f6e65d9edc6,5184f70f6796e66feaf8099a
0ff098f6602fd630,1d5ccbe6a4d5db307c6d7c8f
e3c8bf2d166a7a19,6d81c75eca6c078b393b2ae2
5fbaa7b3d6b0b473,07b3c8a74c6ee8b5b61056e6
4aad7f678868b69b,ae4052a3688189a84d7881d9
f8909e4924aa26cf,c984c6599e7c4c77e9a4c388
84d5b7b40db424d6,6d185cabb80601bd6c58f6e4
6d0d68836a09b420,3eafabe323ad9b2287eccd2a
8a2388620c6d3bcc,2bd10445b24c614a9c1d73ab
eea32522f0b7b907,593d71f1396c2531aa6fbd7b
d28dda53eb9cf601,6d35366b53dcc9e39aeeb14a
033df05cca5e5e43,1129c83f8af031575a154cf2
a0c2cbad2fb9c6dd,82e775e9d6ccc574f3ee9117
2ae6bc26ef619536,4df72c477d678829d45e19aa
7fcb6146f768754b,f8e4f00c941feeef44d29afe
a6f92cd7d739e6df,0184f3544f05381975bae2bf
7b81ea3a9e0e43ab,04b2ed2ccc808747e19ab8da
1e6d5930e5e98bf1,316559dbed6a77ce477c7bd1
3b848f49d857ef21,655ea019c96b68319a51f7ac
c0d4aecfcf7d821d,fb3005d791886e6b87f6156d
da4c074876a150f9,4524940594a3f002501df96f
4af31c3eef5e29db,062bc7e1676610738446e9dd
6f32d87a7c414a9b,210fc7ff8d8dd01f36ee934f
60c9cece58c6578f,b74936c8973fd281a2042bca
f994c535d3ca78db,ab84b531660bf0d33609b75e
7a3e9c2496a991e5,444c7f6a2b53e093582013b4
4431d87042a2daae,3c743238269c4198906f13d2
3955437d8155f142,b3e7a3e83f0939a474c30372
14ab1085f36b88c1,6055ccb98cd83cad353964a4
389be3ff6aec8dc1,8fdaee078751637c128be3c3
8e7b66f25f1dc4a6,af8369a79a7b01d57819f90c
72b41c416fb30855,659b466a8471e051e9f02730
a8e79bc11b3ad6d5,97182c980492809d48a724ab
7f564ea99f217012,9b7c212cfa2d3a9903833ecb
bf641ff5865126dc,9315c2c81722a04b68b6c424
4eb77e5d30fb1fac,e3d37c492848300001f8d6d9
572ff664347b769d,b53f2e81f344256c8e564e82
2fcd502f559a32ae,2bb540f8cf1ffa67380eb3d6
7d85512a8f2d529d,116820a485697c859138b132
0ff3822f52d79022,714c453d406a151b9ca9d431
2144855172d2449b,f41c6e26806912ed9cbda4a0
5811aa25698330cb,25047161eac69d0c723e2bb5
9dabec13d547bcd2,4b1722d3d448995b546e26bc
c4fc1b861f54b746,c9ab4d172fae6bf9a761a948
e88485c8191b64e6,8339038fc42256fbea7b55ff
199315808216a4b2,eb4c2c277fffa01bf9948a8b
5a776c9b2f633d5b,ae8bd0deaefa23bfb31da735
78c68165eb195fea,8df45a655ff8eb612e33dd7d
d480305a18a3a6f8,64356af4c465847b93d98dbf
06ee224f0fb418eb,69e7abed6c1f0be53b84043e
7e5090405075bf8e,cff0d12e0d7083d2de12753b
4abbd98f2d62c4b2,886980b1a5d93a3d8b5dde55
77a10f3fdd46300b,5cdf52f45b207a39874195c9
659c39793fdbe21b,c0226c9c10aa36d7d1e154e9
c17490924a8a5924,8b1c5eca079f795db65fa327
59980a730c12b44b,bb4e711ab4be410d1194821c
894d432e7711e223,76954da82e969712ae9adaca
905b6354d5c97c07,d277b3d5aa6e6adc003e9a2b
0721c5d8054b27c8,091f51c61282482a1413cdd3
0522c0279d08d68e,6dc358f6c259c8c79e8ff8c0
7230958afeb3f98a,219d834222a2cda3c77f1800
7f4b27cb472c96d1,552ad37dc9bd79bf32e32787
990f6423cbb011d2,77b953b26c6f7c3e83a68bdf
f45f26bfdb5bbdf1,7cf26df88ad1c2e1605aabf3
6b0b51992394f1d8,4768dbde2c49a4247ba9adcc
bca8a2e471c1a599,c453bb304d919664e8614646
a2b91ad07929d009,1a80e3f1bb8e0bdac6c11184
30f8aba90837f255,dbd146b431715e96ff53d921
ad2f820f4628f871,33832c8f00df4b9dc2f6bb13
73657b6c53ec7495,341e5433e5c6c6e219a1ad68
489b07120355e285,c2584a779f967a9a297a66eb
38752918bd9b1d10,89b4ae820cf7cf0218fa663f
44dc8c6f3971d705,6e0698d4d81a4db606c20ee8
6079cee512f2482d,c8f59ba5dd41090c02d1aedf
b1961a5600ddd69c,30ca48742569becea6cc0a07
69cda46005fa8da2,e0e682c22fd26a3abc7ced4d
c52d7d0cac4f82e4,99372045954660c619b12b43
b0a0f6d430ef1985,04326d0c6acdfe254ec2f31b
4de489ee630a73e4,d18c55c130a831bcaf045364
19fa3248cee012d2,826b2059f7a8273dd8cf3a68
bc6766a150106db2,099b6386cef3170040562a01
d30a718f091ad7b6,ee04320578a7f4063ff4900c
cc57ba47847dd50b,cd7b91295d9d278570dc8386
0830ba9299504b92,54458b2a48726db973b8f426
fb0ddb6356bcf215,ec876aafc3ae8b0d73c7758d
a9ee93f70ab960b1,01abbff5142f545231aa7ac0
296e96b9c233bcca,5798102daa3faf36377b8236
70e63e4741964d76,ee45f31ae4e287b65c6840c1
68afac1e53a89648,295421ca304d7e438a850850
3b79a447bcbf4d1c,811448890806f4fb6e65e2ad
950986425453ad8e,0e77c5db71233b34a58934a2
c5c7a784734bd3ea,5cc432510e055d6fbfad4ba3
8ae1f53c87a687b7,a6faa8ee193732f29f4f9838
e080d8a6e0e0177d,c3d6745d2c31613c756bc3b2
5aafc03c9b5ede35,a8644499991e125f0e190a3a
52ae2537fbc26880,2eda2ec54813ce95dac50a6d
2d75b596b8a536ba,b4eff3c0b9f521646f8ed5b4
ab2236e6c893fb63,cd763c40a0ef2a1240130130
d53692933366933b,185672de29ae57d173a7b1c5
f97b37740c7d1c6b,334f3e0d30d096e02b910e4e
a5a223b023a74636,2de035eeb42fe38a0ade6aba
49fbe9d606ed75c2,0f1432651312ada067046ceb
1366158bb8bbef70,585c26ccae929382188f25a9
0c7f96bf359e257b,a302de5387656d39ae2f1d8d
4d5ce5930d5cd74b,cdd3f2a6b8e8d6bfa8b4bf58
5eae84ef09db71b5,20430ab0b721a565fa9ee582
6a903df1c58bf6fe,f1e74e96260bb85e1fafdf0f
b0c26c96289aea5a,4b24fd615d2c8c70297da304
9f250e9e2a12c0c8,e3129334b256c8b2baa289d4
a65651f6d17568f8,3ebef7db65dc9fa5c0782e11
d1dbfd3a4061d250,94cfe4005695d3f38bd98015
47903416bc86005c,19e3fedb025bd32f3ca316fa
88d5873d089c28e6,949bc53cc715ea2a5898cf57
9fa4bee3afec9d7a,8a35cda3e63cb73e9b6c2b2f
0831f8fb853647af,fb0a9dd9104d25c49cb7093c
27dada9311a77880,ccea5b6f09abe48c8dd5c569
d724c51859d39dbe,de1d0c2600e0f201c0c5cc73
49030e105d4fbd5f,35a354bde98a1bcf9312927e
c5d0a4ff1108f2f4,a69254fca077abcd3a56b5ba
0f1448f54292b8d9,44b240f808116cf4b89e9329
a18ff1f987b18566,2a23648103d76f359254fc71
5cefc68ea3c0f7cf,6ff3d3b27040b8d0b59b96a3
df058db6189c58e8,eb3fb95f95563df1095b18eb
a5b2cb6255b3e3f6,369b4152fea283b6297962d4
531bb6ccfbcb85f3,e3e5c921fbeb01d9651d920c
fb74bd2be23fde4f,adf679e45e31ee96aca31d02
0d47dda21b2d3dbb,441f8f2b493146298a6d001f
e604d7a98c5f2a8b,516bb91568008c4edc20e7ba
f498b5698f8bbd84,c4bb926d2428458ec2c1aedb
c54b8341bff94ac9,216fabf7069c005a4fc3372b
3d5b9bbaa3a34a6e,0f3630408d99e00a934ab610
71404fac6152b841,fb5129b29c475cd063ae7ab7
3524794894657487,e06434439a7b7eb58e361252
3af9c41c7b3b6031,0588e48f4637da71ae944e55
1ff05b309a127702,2c978766ce59c981e45335b3
db9b9a98a161c5f3,6f5bfd12a61c9ee8da1568ef
ecc21ab228e84673,58c5482d9500e02d8699f817
acc4a5a733fb4c31,99a7d2b1230ced8954606a3d
8c2d37c3344e2858,e7113f58c2bb7a9633817a41
02a86602636916a9,3c76181328a73be78c490ccd
c811113c62793b35,a10b73f1b50a82d0b2f4aeaf
413e3ae48018d267,24bf7e44f5b133752dd7b52a
187de8b1e370f7dd,d635584ef2c8b99c111ca497
3b2f2e56ed5bb45b,78126c7847431e2fd9abcc7c
55afa3a1b0c0ac7f,c340bd075d91819dcc475b40
609107092d3b1a5f,41733e79146d4fa4daf48c07
ddec492c1f1818a5,8ffe176f944759c9f6032ee2
cc4058bbe90209f2,d252c7ee81902d0274a4c69b
efecbb4b763e2072,97c841f493dcc5d75a0051ea
96957901496a5250,93edf3d71ee4790d34edebe8
2d7ce74c554620f0,9d228738a9c18b589a6d4a42
31a7c65e95aeb1e3,681e5d434c7d5c091f815b78
66ce266105ba5af4,556f96bec34e4a32d8bf4865
7d80df5f4cb81577,82fbcdabd976114dd14e9df3
d24eada7c4b72c73,1d6148429fbf8e14a9793d41
219b66a60b324ce9,9b90225d8ed6f23fc135922b
7307144354d78645,66711a1835cd62477e561c61
90062ac5831de497,24509db3d9ae663514f4ee43
49262fe8229f5708,f1d546903ab65e3218b4f9df
48358757a987f9dc,56f11b75cebe3579d02f9bc6
5aa2e90ac74057b7,cf4774a10672d118677e6360
ea4c5281367b53f6,c3a2ac6ed6c8d72079328fb9
1323392f384e8904,4503db8c068c194f6f6236d5
7071d64150a1704e,24b1beaa5215efa9c6a5d778
900fba6b0482e099,5e1217039706b5e1bdc1c3af
f0512276279f38e4,fbddd0f78cbcbc88fd1b0328
6a43ef7f23db6f58,d19477292a945c7db6d858c2
18cf8de105bd6552,dd1f2af654af149d74a4ee37
d78aa0384d7b7fee,c8920898b017c92a31d6d1cf
e0301233ff2fbc54,b150013c98d40630433095f6
fa146b9c40f3154f,62b51f4b20269f22958a27af
f87c20ba98324920,5a110e0a283ad6cfe055f67d
15dbb35979fec675,f21d5ba6169a3e87b99dbc7c
e0750b2165bda625,bee2d3d59234265286624d26
52d0355fed2ec0aa,4580a3a498a44b9dbbf07e85
c2daf99ff7cd02a5,656645d65915a0f702717ff3
ddf4acf72b907fa8,8efbaafa5f85f5b9b712be58
8e9c824df35492a6,64c663aedd39397e1585d000
38720f4a548252d8,ddc3f3a5fa3a1d5e3086bd4c
c87460efeab45f4f,5fbe0719f405f93941a65142
1e072b51bd4cf0e2,0b22ae215963c72f0cbd5064
592d17bc8f5f1923,c7b1b63c27ef83fe6c28c93e
3ecf32cd3981c7cb,7fd1df5d6eb8cf5e009322cb
a77ba387b5166b44,020d22e8cfaa305252652f46
4b624025bee87ca2,f6748cd1fd68cf822692d3e7
c749b0570070a3d8,ea256f26ef5a1c80827aa707
1ae938eea60cf072,d50642d05535038f14744337
9c01533e71be5586,e70f089593b5da478dc7dd63
515df69031f985ad,5977cb33099d4a58e03a3e9f
0a7a56e047d38726,2936ad2ae00a1026cf3158b5
c4bb5b0a367c1ad0,3445605225beddfb069d5325
101caa724f6fb9fe,a8f3947c1171dde783b7ece0
5c47f26e22d6ec35,521ec0ba5268af3b65818218
9067bf200a77fe12,7b3b689beb2e68b835f21a45
dc1092476dfc07f1,1f6103ba5dd3de153900e668
a348a9842705b666,05e54e7ed0f0095d3eef37b9
c851910d84c8ebe9,8f970d01587f6818912e343b
59edbebbd91a6f7a,73ebcbc90c968d1c28d9618c
a6bcfafedea9a36f,1a49b4c444b0d3e8d96856c7
3a0baec5411e6c65,0a040e425988e26faf1cc0e2
a654c9cff8a6dea8,2518f0d00dee8fa8b0e0ebb8
d0d09fab50a135ed,125b5717a1b6a8a33a463193
1fbe7136309fe091,15dbadfc48de6608af9f3c0a
7f7eb58193cbb6a8,07ab9c6f909b0b230fad234f
80a7c272492bac02,d4dc6da0da3db6a923983117
f5ebe93cbad92f08,06f6f9c7fe7ef781fb7b0860
16521484f4f3e8c9,482ea53f6729c264e0634b88
6c82a946c3c9484d,129ea8fd4e9408afb2c12865
26907119e8dbcfeb,0b92ff5ed96e41a36ed3287d
c9bf19b4c94fb6cd,6dd7626549988439a6b93b37
55fff75ed663a65e,831c9f988296d705e230956d
036059671868b184,a33c4ba84aa8bd534acb1f75
98a2f8071840d2e8,63947bc48b4a8a14e916cb57
5c957d138377a791,6a2782815cd218d290cc0097
45748989bd3bb220,d165e6c7d38f20955087be88
d322f884a5eeb9bb,c930f0413e0975ea0b11f2da
368ea6f622af46dd,c1d08edef5d13e12633577cf
59f6480f63a82887,05babbf47ca952ce5f34d783
e50d53db4974b0c7,e518667536fea87c7e8459f2
15148eb352c54697,962b04766e14d620ec16dad6
44df8b5bafa160e2,9dd36a01aa6af1ed6a9bd098
adf5005bcbbe16e2,88b322a38e522994c8ce7d16
803009e187bb3aa2,2e2eecf76d0394708800da2e
85164b1a9df6ea75,1bed815469d2719457c4739b
4b7dca80af1efb83,b56e5191993b1a1ecd1ecf74
a31c5181af362e65,01a718024f097e686721bc57
1088ef13fbeaed25,c0d7b1bc5a14c4113925eb51
b6d1ae8e2d1c62bb,935034d4eb90931bd30a1fa0
f95ce073acd7f14e,50691404c99dec39d82aaedf
720a032f7010c26b,5852df07a0d5b79781c9b6d3
3281aa303c191201,834084b367933bfa79a08b8e
e5fea3e5b60c446b,d9d79441930285e3ceaf52a3
976e1e49ed670a72,3cca86a597406686a283f440
0cb260103d46497f,78820e0873e62ac20d3c4611
76df73cf1fb0cffe,464f179db65b76927f8bf334
46a72300801ec1c8,edaace5f53964ed3da76b78d
656c87647ae51218,bfaff8c35ed718403a60ef6b
0993e076caf520ac,deea8eeac0f9437b5ee91162
c90d6e3ed946e42a,364dae349f9b3a6c34d30611
bbb8f594616f5b5c,2b36d90782837e59e508bd51
f4e5d0a5b5371c54,c45e24cfc1368d7950f0a527
ea41decfa2f1aef2,baf3366c602bbc07706169e7
67a346cef617e87a,96dc67b513a63192ed0a358a
1d1c6319a1888d7c,e98120ccdc1e14efd45708ee
b6584dd1a3d809fb,e859e9831a177e3f06d769d5
0c7577de2b71c6a5,f90a3b20402a727f9e0d755c
2e93ebfaba70e99c,2bf6f7bb6a0150907127f1e7
3a13ec55f7ba9ccb,6cc5629b9395d510a0cfc0af
5e5aa6bb1adf621e,2ee37d74ae3435ae1e431aa4
04d014b3bd8ea210,5f6341fff17e1c1a0bd441b8
c5424a7e089154f2,ab1e1f97d56b8d79f3723832
a8419fcff84a8e08,9017c77b9b5977b3048a8294
57b98509b834be0c,375cd7f3454944a97f6ec490
80e3fec1ddc456ff,0e9f785b9fd950386593746b
dd807ecba7385b56,fd0810f45bf32adb448fd6a5
20ab95101c1e3cea,ebb62e6403fc711b03e1d0cc
c5573cc1c1b45e84,adb96f9e1a7b79e5b555a05e
cfdd99571e4e60f6,6a0b928442721f5d9f6184fa
6e663c69ab985450,509e4b7fb87e695f79344d11
76fde3cc956c7373,5d86f805631224b3cd0aa287
7a93ed433994a863,812928eb11df3068c8089f15
91784414ba048821,42b1fbd7265abcbe93fd8569
18b2d558bf90ce55,f57736bde87286c376686206
6b23492f6bf2fd31,4e5e983d1ba3748983c8b637
baea5412f2332f8f,010677365a094d6c3e5c21bf
c4329f34d8e2a9f1,ded8aa11861abd42f7420669
9473223e0e5e82f9,ecf378be1c070d86a6b43678
30bf7721ee463f6f,733394e7c47d68f750b307e9
19115bcdcf91af4d,216a328c1824dc63072c30f1
e898d9f71acc1702,671bd12332806da08512ac50
df5481f24f134e86,3fdb80877ff4bf9cc72e277c
81775e50746bb70b,d58a5c3066aecda1479c9225
b530d28827039c6e,3ca49f96645203586e2b06d6
d8c2e3b113dec453,1adfd1a93f6dd88dc9479843
ad41ebd63f9e2610,41ea1b2560237a9066afc7c3
d217a1021fb6f643,bc047c622c671484d1247225
7c84b2ae2414121b,ed0886bf9849a5824157f8aa
5da5197f2761baef,f3af68fa32652246f593768c
560bc34543f7e4e0,d583f693071a7305ef79b4d8
1c617d7de8c6e7f9,7eedd519965ef63eb12cfaaa
12921f70d8730475,5e39571d64d0761fde784094
47e52d70da778f88,a02b990dcfff873db6eebe83
ac6059f2a9dcb3c3,ba564dca1ff1996bbe561b2b
78e51601e917ad84,c7b04a92c2b90be592efe199
fdecc771205c48af,03ca02468952a93a8db92191
43a9a038d1992993,3fbd6ea47739400624af268a
d8a537c9f09e9601,1801f8fbb8fb9f3786dfcc6c
97a40035b1068e23,c9b58d906cc5a5129ac13069
d7d6d9515fc6262b,eb8bdce91f480b916fb6782d
2772c55f5256cf2a,735f7e2c1b4189b2344bd136
b4fcf0e3cb4329fe,7737e4be0d3d2de2c84359c5
b4de198f5830056d,dd28cf02e925a83d3e3bff70
45e0060ef5d38ca8,f10920ca63ee48cb38ace134
a5df34165e21072c,9f52fb454e65ca687110b9ae
c919675db5957b52,bc13b0b63af4cd2735edbdb7
40eca5a83ad4a802,10536c490614329aab232593
582042bd335f710f,42c42cfa519453ff99220baa
a3d535bad5e304d2,436d2bce29c582c35cd63af3
206e15cd5ef5d073,e9c32e2c6e438b43fa5c2c29
7ab4b43dced6d213,d38209698c48c81b55e0bf9f
abbb633637b3cbaf,7d667b75bce2ff57409d24cb
7b73030e83c69576,00d945f869078b28331c5a6c
2d7e5c286e8d95f3,f3a51548ee241882f8e936cf
91e78a27dc144ae2,88108609a50fe47de81d529a
e09626a2cc1d14fb,d72509f8b9c8ee5fcac89b83
04e53644c03a2118,4c473c3ede7dfd4513a46737
c73d4e028058fc84,3341d16bce00a48b83e41819
e0a456cecd25a9f0,d8e7c1c7e8dfc5137e691203
0bb78b425548c6a6,0b00537d753b315389321570
93288e12c7f93ed3,7b2de7145d3d3e6e3c3d3582
9db1a0b3fae0e9c6,e026dac4e24ad56520693ccb
67b70a5837cb388e,4d75109d285925d801bfbc37
6d51b7d0d68d9ae1,b842489bbffa73687e2b595e
f099e2d21d3ed35a,0c526a1c6c0320255a1b30a0
d04ea9e9109ca419,9daeb76cb407d5b1aba4a37b
0d65fab9db86948b,3f5ef9b7f08024cb514d8f83
2685568a12865f91,e45b2417d12e5b2836ed35eb
58564896af1da026,31408eb745a4d8d3ed6d2e29
5597215c0095e075,ea34b29717074b9855d20961
1b6ed53d1fe6383a,284eb35c8b63184062f994b9
f734353c30dc955e,2f48083921bc5c1031fdc695
990442c90b70f3df,97db31264c7e612610d579e4
e13bf373d208f256,a19c39651a6bcf9834e19a20
a0fe42a81d6783bb,a617c295c0d9a8d9d77c0722
fd377369d2115fd9,7bbf19035c0179fcf9c49453
105e6567e2d60e03,4d2f85f93a7bbe2b31d84a3c
6af8d0bfec8222dd,3ad7ba5a16f864a23cc7404f
83c8f28384bbee4e,bfce608562e56481460bb084
fcb86313518336f2,713c2095840a733ffeb0720e
78ebabeb15a9e56c,e0d243a3a8fed28bf122276e
00d461cbe818f09c,7043814bc306666ea5d3ddd2
79eadb4c168eb6a5,2a7a35546351ced2d1e4e503
d11a15021b9d1fa7,c04d47174856d96e95d37e53
3cac245ed49bae8b,c23e46747449c9357826cb0e
29e1ce36000b9bad,324122cbfd644a062b4cc811
9cb298bfbf8ffa96,54e1fa6a8d20f814ee50939e
2764c3de6cfab46d,85ab307dc94d2dc6d65ab12c
92f4fc5d29b4b13b,0f6c25b3157988eda26b6e9a
c45f930a2f1f427b,c999ca01f4d7d8aa01706ff1
192f7ddb1090cc59,e8f2fd51be24963c258de8e5
48745e7f4c301b3c,a5edca6858535d7e766c298d
bf589c270987329e,d1e2349451ab6568798d0342
cdff1e38d7401cb2,4173d85b798870beae403f3c
84ab28064e4c3856,c2f44cea504faaf73b828329
7efdcfa01e6f2fe9,391c47c0e3a6e554f5b87412
4f02ed2cc2d1a6fa,4ae3366e38c16edfdcdf1ae3
b99425df9015122c,cf32d2a43f826abe0917f060
280644f22b385a54,5778f9e12d8a4dc67966028a
58a22f9c9cdb0daf,369487f5e2ce5b01df139b7e
3d989ac1db54243c,d76c1897a1bc0527d06e5763
f91072343e1a0e9d,0943354d1d92b2337b9060ac
0a31e6a8983928ed,b863eaab64bbfed86c7d49a5
514472fdbd1ac6e9,6e44f904d6e0f7954337d162
35d2503ee2ea56cd,36c6e929d999319da729728a
f4310310019e5587,dbe2be601636b071b0eb14eb
8ac22322272dcb4a,89bac4ce5d5ff53c06d48e6b
cf7761ad7f9d12dd,87c005617afb580c87e77a72
248a46465fa44838,5212044851f87a5ea6b9f462
c9af21b603e8ff78,639e7359a167a754cefc94e7
1af48cf73cb8dc1f,ea8d24944bb42e52baabf569
6073a73960cdb66c,4202eb567acd458e17f54b5d
b4872aaa0914979b,81e6ca5b2bec41977a4be130
5727686720e8211a,8fe6e5313f4d7973f34b7795
b6fb936f604ef27d,d22d0d828b1d1b229d4aa315
6e4ad4de0dec543b,3025168e49c0048fe3ca2ac1
76ea7c8ccd903a8e,0aa7cf0622d878a0551d77e1
6b3ac5e7080ffdf5,10eb27cc1ae38097e9fbf718
5f3fed44382c7eca,87e23e59390bc17baf146e52
a38a4d59edf3a6ac,c5f8d9a6b430da4567f2daf9
b2acdad1e319739e,f1dcec605f69335121b9f86e
532598c080b680be,aaff388770589032e706d12a
966555dbf0b1b1fc,5114228e53af11f126f7a017
3da047c3ae59ee5d,e0ca7f3d3297ada430b7f4de
73062dcdd0b061a4,576e6712a71723f7d0ecc5da
80729d2eccbcd364,d2b802571939bd37a34b0b03
a7f12558601c14a0,78eae476022124624d4b4cea
f1f70af186287c6c,a2d45ae75d9a3931c3a99ac1
c4510656b8199f06,3c3b518864310bf9d7a3e424
0cd958773e56e9d2,dcc07b08cbf51b960d885c5c
ff3b702b442d5d2e,dd34cc466e86f2a569948281
6e208d346c4d7106,79c2ef7b2a3064a1cd63c5ac
d14509dddfc95748,ca28bc593a5e79146cade4b3
3f6972ec86aca6d8,589d9ec044b9a5e8e51837a5
78de54379d9bba29,891344d2d48f128492f5eae4
9b39ae3b066c178b,6e85c2ae89697b56ab5b357f
0d228913d1720ff8,e0cb02f6f9852ce2ab8a09a3
f9e01f6a1fed002a,10e56dd293cee34ff7995eb0
6fe1950bff13ff1c,3201127544838d36655d4bb6
d42ca55f29dc1386,ed52d3a95c627fb85d9f09c5
18e4dc166916f6a2,12b58fe0eee42df9efdeae66
4e1e0eb2077fedec,999c77a7424587af7ef4649e
e5da4c503fc988f3,850a831bf3e0697108070fe7
aaf036b9ded69a68,237aa9d76bfb9e2bcafbfe20
6f462a51e762f0c5,e6b50ec9f63fccce9e191d17
e9ebecc587237272,52c881995203738ad288d89c
148b09bef8799ceb,9e6b3139a1002ee36596d8b5
dd65b2398e3d5d1e,dea49741b8cf61cb3e3ceec5
fa9f885b176520f9,0147645262747ced35a613fd
ed1f382e1fea4cd1,29a5235215f89f88fb78697f
d1c7b0dadd08bf0a,8a229a8b697842363f94debf
e820034e07a86d01,817875294408de9e561f7812
3a8c7fb9f1aa74e1,40ed3d22cb7f38191bbd2f6d
db25f9552b0ef129,c15859433a6f3013436db075
691b6725383a2e96,c3be43ca9698a1b226e47752
d3fd845fdb5fae5d,107f21d13b9f8dd2743a5c95
3225c915a8953d32,a09d3a67d4597332fc873a0b
b2bf25dd2c13223b,5f388af895a7cedd72c0d018
3ad891aa0384ae71,c1f4c06ba142a08a5b2a0144
22d8fcceac5e744f,0846d35994725510f48eea6a
88822bbbdc9e17f4,242eda0261145223342e1022
b5193a3bc45a5869,ab41b84ade34c45159f2e272
0ac303bc58e1ce65,a08a1e204c9c6ae475c8dea0
9c91fb6b01f91586,098568016bb997f96733015f
a132408b27b4da9a,894b4079984586dd114e6d75
c1abe23a6f34de82,158512b9942e7da8162b9726
72946dece900e9ec,bb92eb3558cef592efa6e00f
f1c249ca8e850bde,58b9a0692cb0bfd31ca6b92f
6ee843ee557df3ec,09d6b17231fe909b1d94d2a4
ec0f2460423eacdf,58805b0ac4ced64918512187
8e425d7f4b1ecbf2,90f13f2f883e0a86b68ef3f5
a06756f4c1ecf6c8,b5e15fe17529ad19a2ff53ff
ea91fea4f9042f3f,8325d62c1f02b53861b55f64
245be574ffdbc1b0,16494da9723aef3dbe50b153
7866980b998bae77,05e9eda4f8a24b7740eb5aa0
63757cb57179c66c,7d5b33acfd3342ef49b5f17b
e7ab0a026e877679,9d31782ec3b474e5cb450aaa
011d85bfcade4b06,18a33445452c51605fc499cc
1880ab4577fe5b4d,57e80bc2a016b03f5890956b
d191574bfd89feef,42b1b8b93d79560b6c322384
7e8552770e7fe0fe,d1193a0007c320ad06f05cff
09ddb1813fb86030,b536b067acc14fd6cc8384bb
da8d686abf0a3e67,be4c156a7f831fe8f42d7833
e96c6a761a25896c,13960ecb9aaa85c848710f70
d6ad6bb7edb35626,c5f7a59055274df3aa0e4945
e3ada08d987677f0,52d2b393bba97e088df266a2
8450d14d2e723865,327c564c6b042251989afcf6
191d3c12a3d3d16e,aa91a489095483a3e2ed0a5f
a305d859a9e21780,e94230d636f7ec1cc6b4b424
85b87a887477fb8b,637ae2437fc3a2826bb40500
594d36b76c560449,233a5b0602d70c0580bb8c10
5a7a25c7251af6b7,c428c7987d82869a7ba3a637
1cf8088bb8cd7fc6,592965005a4b5a0043307451
90319bb102cfd682,478b21fc249c445d9c76d77a
e78c1182e2a101f9,80df28a3fdb3a381e44ade88
580343219215c9b9,1aee3a5f5f8e53d33ec52e5c
5aa35b00bf2ec486,17a6a5e33b0179be897ba9b1
76a32dca926944c0,fb7f27de8543e258d9d66e26
a75a66850952adcc,20224d23340024125c0a9188
51ac4ee9bd8209cf,ff5a57f6969900ed0815fd03
8ade9a2f885b686d,08c76b128ed0c8d381a22cad
cc8947bd3e8a0f96,71fbe89a79146793df20e18b
a0ca09eef5fa3aa9,16e261dc5a80864e618d4acc
9ae1d229d3e7a08a,f0f4c07182406b740d1ee457
5ae82d41b135fb2e,3b11fc0730137403fbaec5e8
46d045a87143585f,4ff51b843bb10b77c52c264b
0399c1539b5b682a,46aa3c6f08f2043ce0c3abd9
8fc493072656e101,5007a1405f242fb465a475eb
ffafc73707513489,dc5990ae4f71ee43dc02539d
6f4df3b885aea626,cd8524004ad96c515b80936d
411013c07f91206e,f31df4970817986ae5a6b623
a4dc8a7cb06aa439,aa328e14fd9faa0cb070beb0
6ebf673466a93e41,cc0fc7947277ff30009e6bab
a1dc6fc0a083003f,ed4168c468e5264d54def487
6d5b808b42937336,ad9a2cbde290e485a9264678
4b5a8456896e15bb,3a00e6ee4f7e313f65130191
b59008076d9bf48e,ee762d8c21eb32c842529383
783fa197b6bce581,245a5cf9fdb844de8958c18b
e86d541ab72c680a,4a68c77d5972657520eb0547
e61409a5dc863802,22089318ff40186745ef9094
f4399f28b1ca7bde,71b3d36fce30cb3febc504d3
fb547ff4802ae0af,0e56cd55f0b3ff1f4298833a
7e20bb9637d67206,c356d07f61ad006e58d1f234
f3c05f955ba0588a,343fa696af566421e0b570e1
2f53afcfe6ab0f8e,38661712c86c8dea3c4dd370
17dc04cb7ebbb4f5,90b86471a891bc4e97524554
81bd03eccc109e5b,d205750ca61228eb923b0f4a
5a8d77471680e45b,278f112702c3850f67305419
6a750c95a81d137e,a9f1d2087e761abbf5563bdb
411118cb42cccd82,f9469a6d31aa2aa3bc156abd
9af33f34a3ddc46f,ca875e53d672f6e0c105931a
6a141637429dd3af,7d9893769cc2fd3c0398e4d8
838c77452e11e52f,35375a89cb98611bef523ccc
9a9ed620b509f236,a6dc0ef1fab523bb6aa0408a
3b2bc8605739a095,43b024b7258e9265bd9d1540
b19653e753ab86b7,cb52e9df8d6f5977a799b20e
a10b8f699e9ad203,b76abe1ffb8cbedccb06b60b
9af6d2e851e8567c,665d64ffa58307e413fd006e
c03d9f1d4981e23e,d4b40dca384b9c027a72f896
31cf9c533101afb8,f128731c66620b01cffd05c5
e5a42d0d6987af43,280650068a87b73f0bfa5611
42bd2396dc55b2ac,0401e0043abfea30973d9271
df932a2eecabdbfd,9015299517f9d0024b0ad659
4bd36f4ddb3afb68,3bb3b9a8cbdfe4d281c8ecdc
06af87e85f6ec93e,2664af7e6a2d48bc2c271c5a
c4799394ebd79290,4a9e3bf0767b0368a47f9391
fc9fb728ff366887,7271d5198ea70ac4082b3581
cda0909613da2af0,41e68f1936f0cdd03bdb5cb2
c0a2cf223301e6fa,71412548006ae7047cdc70b3
9d5745de19d2ca9e,f5a8537f0eb4f74b897c4ea5
7568bff741d32107,054bbc51f3165ae01c8fe807
2b2f84ce329b3597,6feba8c81ae1f8b2634f6192
36d2fff5ced15b0c,3f37b3ca7732f837ad579d9b
d6b4941a33dba345,b4bdb0ef0c9bab1e7e82211d
c0d511c0ba1b2b9f,a1b4bd2f8272d72c94d53ec2
f946b560c2501947,c2b82ff042261e7a21b43b6c
1f1e5222cac4d059,ec0b5aa7dd554e835ec06027
6be00fb8d00c4691,2bb5471972c5b2c6ef5b1497
3409e979408c4f9a,86440a589d211de24b375058
6eea6babf332b9db,93affb37541cfdfefb17244c
834499febf1177e6,695b15bf5948f267b086ecbb
0a5cc9f42efbcd42,c997d25919a4c76af28cf141
aea147fc581eb9aa,75f5f299cca76b1d83080986
3afd2f6cc7a47aee,04fc4ac46c62efb934fac311
f50dff420514044a,c69728657c3442cf4151e833
51c94a0da7c61a1b,ed555fa0b34bd30365964523
5314e0b2b1d74de3,a399ca6794583c477970f2bd
57c3f9d0ceb88e5c,de6dc5b7a8282a62e6810a66
75338502e167ecb7,0d917ba478a2b1fc65121e76
2c8346aeed818cc1,d7f1fdefa5b6996c7a58bfeb
df0011d34f662c57,d0b2f747ab5a85209069b340
24b1bad25f490289,46e11518ed1562ccf6167870
f6ed847fb1b18c92,223a7ad8ac96459ff6ced8ec
2455b9f20c237b38,cdbe8d820e3dbe20824eb244
2f07dd3a137a224c,bd36a1bb86543a7f71a54d53
7ac2d58896bc17fe,7bf0dda6b2b7ea98e94dc986
ddfb4d964bc3d9b1,01b69a7d65579665605668f7
c4a39afac71dca7d,6b59a820b47590df232ac265
1b1e6b57c49dd86d,5c080733f6fa3803e685b08c
2936c8025ef9422f,9fb9780497cde1924e0f717f
ca9ef921f59e8d56,a9f4618bd3891053319e0bad
91a6691238fdae94,497d90945d5552753642eb08
b5f68c330d1e92dd,9e9969ceb42e5e6f6ad65377
7f80bf6b26699576,72b39c6387ff06ddc7d4b515
df83d057803330bd,d422d3c3aa34506f0b87ee34
8a274176e7fed2dd,3a36017c7a836cc8da34fac6
6611cfac455946b4,a332ece4745a2896865d399d
c438477b36ba4f8b,c7949747d88a9c207d60e833
a9cca7bcc149143f,a117397909df5290ad625bec
a1172ff1f644786e,39b2d1e767b6626d60332f20
5bc27a35dd8ad37d,90917fc3163eebefbaf3bd57
45397c55db526d7a,7a8baf5f74fd43a34c1e74d1
479e6bf2c7d1d364,a8dd89c7814ba1fe26849938
d2b4c20e4915c5ea,ca13cd268f63acd8dd3534f2
94836055e16a5ea5,4694f5bcd60d02f7d8a9c1c6
296a453bca8f258d,154aca429a448a008914a1bd
03b3e2def01b423b,e3ff5b9edc5e87062fc22c07
09dbafad1555d08c,85e6fce65b9cec1615a412e6
47dcf65fc6a6bf86,f6905f0716455fcea0434474
867c083b6d026560,7364d40d89275291f2d771e1
661e3624d53bf158,58fecbdf6e4e0b32d334fec1
2fbdda711035907d,66039114c7cbf90d82876582
32da62fea60d2df4,8e36ed3a763eb4783fef0e5b
8a10393d97f13beb,b493f02a4019b197c05f35a0
665666cb1d7ef9c3,36c24ad79454750167278dd7
802c15cbac2d4c30,d2d8a0bbf91aacdbab17bf90
9c27a28530c1c333,ab31b286c7ae6a2a8cc61cc9
ce60ba6adaf441c4,24171997907e804832644870
651c1f8e56d87545,9937dfde94ddb7a3bb743d46
7f1b57c4f2e0f81a,25436b1429b6d64d09b51599
486ea89a5dedd1c2,6be37c133a8140a4ab48a4ce
58535d0bdca23d8c,254567a61024fc3ca3f906be
cd972446ec2da268,935eef8ec0148c71009605e3
69e75413e64a5044,88ddd514cee851a91457c12e
3a00a98d675911a7,8da44ca4bcbec7067d932484
5f37b1890cde1092,e9468f91b8c775b82836aeaa
4da88837bca99b43,acead24947a05a5fe3f4cc2a
45e57d5dd130c1c1,dc8feb7c53807c9cf66a9a42
2a7d63ecf17539ff,e30d6fbc4a01acc390a34c81
8e585dfb80d8b2b2,0615572b71bb7547e50160de
c8d7c8db0e5a2f1f,e9955f661094e9010a48ec5f
72b3f349038da087,6b907f9bcc5226b86ecd8670
83da95ba69105c94,068d1fefdde5198445ec6d03
057e606621eb17f1,ba67b89fa72c2d2ab21804b1
ad9c6da7f2851779,9e4abfdcfbdeef8203c70593
d5bf2ff81d34acd6,8ed519c544c4fd5a03206d0a
32f5d0d8703a1804,80e5e26f7fc5866d03086ee9
dfc3f4633d0c663f,9008bad52d0e248cfd5a48b5
576fa7cac2cc15af,877f82fbfc0c7b2e5f7a87f5
9282e377d8d9d8c5,86e1396769fadd3d49369566
22bea6c57c9ab23b,b709274f24cd6f59d74790f9
8fa2e527a7872310,283e841937a6ceda5de751ae
2c81f2a1c9a10770,44a1438882b30821a2b6cf89
aac0f96cdce8993e,51dd33b0ead25ac48549dfdd
954e5ee34b49c3a7,64862ae5cafb32633927dc55
9eff1c75c502116c,6e61b94ab5eace71003c008e
8a070334aeb94057,f0893c08bc9445f49d800446
9304ad69a4ccbec7,0f86ea5fe12ba3fa29b52158
a59fb5cf25411c06,188fbd193be067712fe95b92
60192acc508d2f15,6cf4e195b4b3c83214220f02
9bc8a1264aa47290,81255ce58ea24dd711e20b7d
f57f2b5c270466e4,dbdf0a3875e43b7105e96cb7
ca5efdb7b660d312,cbd1ddff2f9ff490b1cff380
4e172d71df3cfbc7,6dece9627b184cb70967c6f6
5e481ed88df873d3,b2c7b247f18b22a788400109
3da1f5a33a7f6c78,23db437ba6778b8fdf1a87ba
950deb08850d6159,862654cb02a1459f90a6ccd7
dda4982b74a76703,c19f2344ec89943c26ea97ea
682e9f0ad5b6587f,1ffb8f80b0110491a0abcf1c
abc0e71fa8336fd8,de4297d681f4098708cb4abd
20c080b3659f56bf,4b464bc6ba81ce533b193a0c
5fc2aad72aabe24d,2dab0d2967d9a30487d5467f
8d8cfe1e06f6817f,12370830b80947704de367e8
e8120a1759435c92,602090190a060ad6a2e0b843
2f8b476144d8aabc,6d512454a4067c1ff352d566
37994ad098a3cc1d,9682a73f3c6dbac0a3ae6900
b7dab7d88310adf0,560f1e910fef9716a67dafa1
5c70b1bcfd06002f,f8664f3f75ff54204c6c9369
069729ab9837e91f,3fc27cf717c926e94f4e1e53
284c5f7ba41de922,efba06a0315501748c5d40ef
f5aa3fb5b229e39d,bbe83f7587092dc28b204196
46bfabc0deb5b3a9,b1b98a2ad7ed8b92fee71a7d
c57ace3c0d051cbc,6d8a2bd86c1b8c27c3c694dd
44c0766864bdc6b1,9bf644783ce9c1d6539a7be3
97a81a5b1a923e11,5500e4a87370903f137cd60d
7c978330838fd51c,b8a637ecde331d4cb8aaaa08
7f364e69f6bee33b,e55ee6f5e2b8efcd90293a08
d8b2baa5728fdd48,c52f57c6b71d0ac55a486c2c
b6b43d935af21338,2736d2fca2e8b0771b3133de
5e1706b21fbbbe97,89adf319a9b0743cbdb97af1
0ea257b3bfa7f8e7,a2e1db95a42c164bad5ad711
a3a054761ef45fca,8560e524cd50843dbc6b468c
e78a13df804b527b,e88ee5a449a9cb3c26cd9763
33dc62d1b4525d4a,e2e8c70113b20e1fa251f20c
aa4a9a255152a4db,a6504be62b6496c07f8faa5d
941598a9eb746ffb,b4ebcb4d69309dc8a41ca358
7cc5c47025142429,7a28b846ac08c4d99b47b2e8
c5ee6ccfebd94ae9,6c9ac96cb44c81a393ff8ed0
ec3a34d91456280e,4fa9fdc86b215f5621649067
8d2ad6632e08a7e1,eee13eb582b2ea7dd2507882
d84e35ce13c8805c,7857f6904355de70a4e5ec7b
23f65d98aef58907,9482f77420caddce92fccda2
440e14689e2fbb94,10004100232906bfa00805d7
9fb98c55548277ad,e013ff68f1f78a1ca15afbd9
967be00f12ab5a32,c9244b69b51b21db16002368
df0ed1d428c0ed63,69479d3d9226a04605d9e182
a607a57f60772466,31ab767927e441ab891dbf4b
ad933a9014f257f2,d6a667a6962a5acc00329111
a1753a6fbe843c8a,381c753df12032c571bdd3c2
ac5c860dd125c0dd,024a89df637fb907d7dc3df9
086511c3278efb83,4ad45e12ffd24ed47b8566a4
a8e1435ce7bc0dd7,c64bd1b6453fa3f98220f3a0
3dcf93984bd6739b,3f3d1b925336535f8cffb1ef
cc21dedcdff066fb,093b025dc096a5817cbde261
00c40f2069790210,fc535d86f3ac6ae6bd18b618
a4e760536f22028f,1da7e2cb39f5b84a3c75f9f1
001f0b3b7928c9d1,92e5797138ab7ea04393b423
a6b24a5a3581d50a,71b4d0e5405415b220dc2335
acfd6b977616ba6b,a44cc946191e322dc6e388c2
a9015dc6a5398958,65d4c2f000c67c47e9bbb8c8
322985cf6c04d821,d3ca2871d811e3e0d9b70f5f
874ac512f9374020,a4bcd408de497f67686672fb
46f4611b95918f4e,77775233c8dad36949f18b61
9b0c6be9a792cf2e,6bc7410e1cd2e1bdd1fd2db6
8c09aa4130d518a3,3241bb1502706a54e3a7b4fc
7f38c423fa429f23,5cf495f6d4c90bd9582a1194
68937186f1f5a073,3c68cd5d8f044f490f751556
7329965d84a36c8d,691fbdf7d116f4b7bd134554
78b34a65fc5660db,a8fc694a06b1df50401f98ef
43c13f1c14ea44db,8dd15e19c9ae2b64a531e410
28296584b03993dd,5e8cfcf3312f3c12f4102713
441005f2a8684b22,fb8e3bdc71467ccdad485ed7
db70ef67ffd28e1e,ce4ed9e2ebb038623520723d
ed3e200431b4d700,5de8d3b7c63fba188c7fa706
6f0d0559c505f36f,c28650db69601e0884cca994
c4467faaf8bf9803,b552cd502f112c9751c6f4bb
76023a951820879e,10259aa618b841c85cf89cf6
937852d3f1649500,4d7db160437f8c04cd7368bb
7214f209f8fd1fff,e2dc27f2ff1ff5bfe1cdfdc3
0c89c53d9bf587a0,66926ba36fb6d0437a763b1b
e6fd8f4cad8de583,3f04d303b7ea1df6483d384f
573e245c12716a34,10c5d492baca698070678771
afeba20aa46dfb9e,e242ad1ca6dca3f8a8a760b4
cd0d82199c7b331c,611333af32d2715591a05407
f1becebd053c13a4,7c27b5ed6b9b3e49df5e4429
d9f31c14bbb974b2,ed49374125d4245467395ff8
bb782238f49cad93,23971c23690a6a1e72ee32bf
c18b37a5029ff87f,2c1152922e1da3abe6fe5b06
7cbfd2cf4efcb8ac,76881dfc5ae1a245bcf8b88c
d87d92e9283f65c2,581414985524b6e6a98a48c2
0667a15656b52716,5914e3b0e62c2a07b6cacf05
15d604d71e109ba0,c59742266d17cb83920e007a
470843209e854ad4,dda750f6e738e9f19a2fc373
9efdab33ed50bf24,b82682661d28f61bad2b2d25
d7c66900166c4650,d3ab1027e9c139f093f6081e
ebef5509f5d3a4b6,94af25bfae340b324f6493db
053d5d60300526cd,a3b408370d01f1d2bd4d35fc
82d9d389cfb08b90,147185f2af54f9f2d6a86891
7ce955f8638005e0,b28db1700fe4edaf0c683b68
110c363ea9944128,54f8f7a43f6bf2031a40473d
0a5def4b2e373a3b,16482b141231316bc5c3b1fe
bd3b029ead7bbb55,44f1d5257a116fcea73441ca
1ca1392c351bbbe9,8cf20da3c82fb4e088fbf364
f3553103c181f007,65d3843cb762ab4cded02082
587501ffdaebd609,6e4da2f4529f3918a9ee1b34
35da085164785b78,a8129caca682475ba88670f6
27f0fa399982dcf8,2c981f2ad0c4f4289c8c2bc7
5b2274155b8d8675,a9d5b14d9606f45cbd36a90a
ecf374da2edf8ea8,b5ed8d5a2670e3f276d54f2c
a55a0794e0734ce6,b22e084bf67ba95a6926753f
1c8413d1f69f0ba0,f2b1b834c905ff496c46fc6b
3db2708a08303893,89211d5db23647c70446f381
583925f57aa9590b,9688a8dd2dbf56192464b5fa
c9cb0b7576a3e892,d3c754b9c08124fcd22712c1
9d527177b5e2f83f,eef1e4658d07f72f2a21c2ca
8b9330e042cf1d1f,f0b740612a731b6a473c4a20
a3e34c3eff2cf91f,dd425864e355a409cb20c7fa
5208dee0f3ff1ab7,bcc45746c030f3c8d6a672ce
90ba84eba87057ae,37131b54e0fab9e8e55b053d
225241e03a87148f,bc3276f384b2c4a3c942fd53
ff0416af324259da,3ed46a94925445cdf151d573
4beebc45e059418f,301a31e1ce2060785d50293d
3fc3833b1439015a,aabfeae58d6d374ec12a96b9
74c3175c927c42b7,1e78f506b04a5047e446fbf9
77978f0ad86593b3,a2b19e1f5f190228c3dea7ef
0a2bdc98c82d193f,26d2aae42664e5ba6a449b48
6127489212937d9f,d1ca507c8358dfd37ab9d71a
ee62218cf28088e8,3ed7ea1ca24ac8ebc34346d0
d966a6a721f311f1,916104e3d604b5fe0e81559e
a9f862855e45e0b3,dc0120438b19d423d2cd4998
f66231a3c326b014,ed789b417b42b0423e36191a
14af3ed8cdd591b4,618940dcf1782893ade07c8a
ad1b0335aed83ebe,25913f94a0062c59a9dbadf6
320927022fc980b6,a6bd0bdacdc3ee5bd21ac7f7
467cbb0c42abbfb4,ba0d5a5e8fa1f552915fbb4e
6333550db3ec68d3,abd608dfe02ba292ec000c01
6ba70a5ebce12bf0,a5f5af17736088bdadd00b9e
706d4bdbfc18f8f2,1e76732b6e3ba10e8aea21c4
57833b42a8a80d00,adbc92aa3e125fb2f8c3ba14
da438615a87ecd7a,74214c12c78bf90c0b35c73c
4a0fdec2e90d6ce4,4dcfeec764de0435a3d87178
641d4cdf206aaa9f,2660cd8879b71c47fd2f07c7
9ea51166936c85dd,87a9d0e3eb99be6006aa94c3
4f80c052e4fe4c73,4e9bb86ddde0eab41d214089
a8fd986f1a1401b3,1608faa334b8eef09d44843e
e006864ee5d4571a,ddcadea8c2bf8fc588a616b9
085d71cdef661744,72169bc7f56d0546a9597ac7
0203fa48cc4bfef4,2c642b3baeeaae8bb1e35f4c
5ad07db1e2a6055b,42d064bdc1b6c77d35284e75
febe0ca741404c01,4eaf041660b8628035611368
5359b28e92d5d30a,ea9a0c552a0dde08b992a156
bf5b002847160589,a1a504ad776689cf36700cba
649ab3c2adda8072,b58da58d3350a115bc697a14
aba1a730e7664dcd,913f9c52d3abb48ae44de795
3fd2a9f4c69a832c,c3f4f15bfbf2d55de35b9b99
2a31862b71789cdd,f13fd7d42e03ea8906b1d417
f017d5661b83178b,7d7d8f55eb697a31ec4b0ad6
08f2b06edbf43ab7,db2dac257d710299e54df679
965eea03b6f3a1bf,7ff748a74b203795ddf691bc
e044f3a708f9762a,c523ace24b0af58bc3711a5e
bd3c3121a090792a,90b1bad76c80ba2f37a74699
74c0b0dfdf844512,7f4d5bab2b82fa0eae05f4ca
865b8d1b86775f4f,8a1012155388b877993f78bc
f2caeffa4dd31176,2742759e212cf1bc1b2f449e
b061b7fb8ea20567,efd39e4d40593923a4aff22c
ec919e1c7385912e,350b3cf66ea7b308c733d75a
f0f931e8ae64ed27,c36ce26b714d98f7541bddfd
b1e2ea3008f77e4a,87e1c24bd492535e89d07b9a
1fbc8453eb8525a1,7888c9da5d424be6b422a4c3
bffeacfd233f5b6f,7dc0116735025a05e55d342f
a14c199db964fa15,4079b4145e221bb0f6dfbbc0
6a4e93ab1626b42f,71917c1914ebd8f3ce64e153
13f24d3bb01a4553,c2d82a2b1120853a4f3a725f
7b91ead8a573f19b,9f3e9ec0a2d21689a625430c
c9856fae9633d420,6921081080dee822cba51051
cc1057478b8ce358,cb7cf0140b2dfe6a51e749d2
c987fa079ddc990b,a9f97d3b10a9d191c22a7a71
e060c5d287335164,bc5885f7bd17ccb07b9c31d4
5c1e8b4485f9beed,9d5b795e356848f44c60569f
c30af5a859403877,8e04530a3eeab62b83ed356a
9829ba373ce487cf,aeb4679bf4abd23a67bf4934
30ef45bef3c150b2,f548a83c1d2ae206b00815e9
6b73eaca4a8b85c7,f0b97ed6ec4a85c4b0f6c135
41de97fabbf0f156,aa3517ea4a3248a3803ab7fa
b8fa891b7db4db3b,4068bd56487b94ebfcd64b7d
4bf352f59134dc4b,905299257a5ed046030c8b0b
a2fc92bde6bbde23,94228ef2f272f2dc7e118b69
f8ffad556a5e36de,4dae84c123466afdf695abcc
3f7b0879c5faa379,c36d223152f31abfc450a4ed
b238eecceb74095d,309114d310a11a728d39ef7c
ee54ef277b54fb87,c5c02a25050a2f29dd74cfdf
46517633aa13ceba,53a13e155efac477b697adb2
4366e8c77315da43,2e616b49190aaaa807163c1a
5484218d45c88acc,23f7ea50cc6386af4d11c279
b40dee097f203f82,9d2f6508c4b55deb0bc85cb6
f1b8837af43bd57f,d2d23c40afd0659730f2b4ee
e03cb1e9df861ef8,57140e4f2ff3e487f68f4485
f749df55614c528f,833ac8f7f0674e6ce77bbc3a
a993b606f440eda1,5c4bc91eda436ee6f89b8e37
2e658e669e340438,ad2889f419feb21a0fca3fbe
ceac422589bd7404,57611112ba9b520446603ac3
94c945906a6ec684,0f900741cae794b80a73b312
0126288a13a83576,51c4d5a5f28d8bd43a267d02
8506b4e588c21468,a782764a9ab9e66305f3bfa8
0a5f7bb63ade8c12,af8f9792c8c21feb2ce0cc24
3a7d43a753772998,26c872d994bf86c1753cd3aa
a56162513766279d,93f2892598a95635dbe1a39d
37cfcbb8a54193ce,596e7018b381e079ff56a3e8
0b59fe9c060eb6bc,bc508028baaa094d8dd34567
c66657005713e8df,f8fda51c49387218c9386dc7
6dc068500585a3e1,f20df48e2c0d409836e998b3
6ab05216d2ade405,62180207c527907274e10883
c27c384df834a5ff,2b96a20f4c0bbbeb38bb318e
80abadd97839e0e0,3bc3136a6995542a09af1247
46ef96d99241a41d,19263e9e06d7cf962f408686
c2aad213051e3d8f,ad1bf1d4f2ca39098a2161d1
0b76870f0ad69639,669eeb384ce10435de9715c7
7d0b9748bc045448,35fb15fb71e6122485859071
92236cb2d5c536d2,6b7026dd7763d3ead5c66689
f60ddec825a1391d,132e32afb39060c07bae5312
ee1723ef2300472a,c1162a204596c469cc25b296
a1e788d5ed178112,93646fafd07e95d9d687eeb0
d2133d44ed93d580,199cd7415367b05c31199bab
51ca9b6bc9b4dfe1,4f6ce303686b13ccf44081bb
39e2ca0acd8da792,b9af18b1eef7393d19722d3a
35a66638bc534bc0,6218c98f49c863a1ec41b0a4
38b61bc5b94b8c76,7ad7adc31ca646cb0e2b780f
be8b45a515ff93d5,972c954e7d570ec963625261
7d4702e636704777,aabacf2c1ddd10d88ad46ff3
7906da0eaf4c041f,aa6e5849647f7277d93d2861
1459db56b1912ca8,d2e9382661588558d00d67d2
69cf362b96c29287,0cbe55b8d1c33539cb6ed0cf
8acdc8abe403b407,a7b04ba1b5da5fd91c2144b7
0062f6815a9763f6,da107f46b818f5489bb0535e
af98d0761be132b7,b05fe6c54eb291e55412cec3
566474d275512b74,eaaf7bb00d1e4f77ff816583
79c3971bf957734c,a4184a0a1bbcac86b69ecba3
65ff4c4ce5afb8d1,1c8f0f77fe86603fbad8f5c5
768f232871069a55,c00fc6fd9912f035ea014d89
6414eafb9dd7f07f,6ad24baf94a19f8d6a9f15b5
3f8c6ac92dac0e98,9266ee442ae5b864324fdf72
457e2051ae50a7af,d97ef930636a6d850a99e50c
896762c8093f36f3,c173bea7b4d063da266be05a
b05a243e9e0c60a9,a4160c462c1f040e0f2571c7
67706ebed0935667,436e7fa32a268954fe8f7275
73ad7adee2677836,8700c00621b9b79ac1c68bb5
d8dbbd28d50d4acb,460716973ffbf0fdd0b63602
e3a186322351d6f6,f604f5357f593b5f2920e414
6e56321ae3928747,7070b56764ed3dbb4597dfd9
9cf654d12ad5f342,690c52589a133b5fcb3e780d
1b59e96565fc2ea6,675a74ffa91e4a4ad016c652
9b9313c88a89fb29,a7fe0541e213131b071c6f15
6dfbb863ccda035e,ae38f7b5ece4c736b79cd364
73a2990b52b5a5e9,e76725bb26189a55a544c64a
d514ec575bb33311,5c387fa3c7a1a7cf02ec7f25
f85271307a8576f9,2eaa50e9a0a60978eb9bef35
aa686d2231ce313c,bc306510a9e0e2e4ef393af3
456043bb36d0de90,f870242b8a51e90d9dca3726
c3e5a204ef21b4cc,028d578de7f0cc6e961a64c2
4d88b4a728b195b2,2df31754a670b45b67a201b8
02fa0ebe2de9201a,d6013f1e1e8ac7c35bd20f60
f2eb3d1d8e16e6ed,f07c17de1cd0406f16fe1085
677949205ea47612,8e9063daaf2758495b9176c0
e0e748862cbd0b84,f4772bc0c44612e88a8f17f2
ffdd8820204bd6b6,ab11da47382f8608eb19f2a7
7e79ec2e0d92014c,adc369e4cb03b6acdec961f0
d58a7ffb4135cb62,88fd5e0c6bfbaa0855d5e8f5
f61c4fd62584b51b,0777ce4cfa5a775d722df0db
1be02c65c2215b4a,94a9fd7170a9240e8a3d86a3
0e8aed709bde7ded,7c8beb89b9b20edfb228f141
f02b0a9a84761523,37354d2cf7d552fb59ab2aa2
692eb5a14d4e5ac8,091457775f09c66696f5522b
c81f1b7a57ba7340,e94370eb1a0a28cdea2434fb
106b7a625eac815b,8bec6ad371af880fab61e66d
7e0441e222b4329e,5019fdaf6f06f223e58e5f30
b4701dabb38b8933,e8c83a5922a9c034aee692ef
d45e829bf20cdd61,6e179a2ce8c070eaf69a3075
15632c2069f6b498,fe35957443edeed6b2940226
d6689c4e5febf962,0704944a77aa0f48a19a1470
934c57d2f999c89a,a6f454cc672775b6edfab854
8c237b54d6105af7,4de5f4b69d324e4ad63b0436
145fac58c7a3f561,d273e53a53aa7f51255ca364
ab8cd818c30bfb94,e0f759e30a351fd53ac9d4ee
702686d92d910952,6d34cc58ee1120e4365391ee
ab8352fd09c01f52,cb12f9a348685bcd6fd20bc7
8a61c0b02d62f1cb,01efe01e25fbad806e9e5853
7a19107d3d11702f,525ba9d21c36d6fc585eafa6
c64b802f7c59c64e,3df0fd3c372819337dea5b63
82612b2fba6332d4,fbfcc862a5b0b252c31e53da
d88083323cad812f,2e45e376ddc36ba4beb3ac85
f670f8c223f60c59,746ebb476d57aed9019066d2
65910676cfc70b29,1ca2894e54422075d223fb76
748667a3ba6119c0,618710c73b8beb865f2fd03e
58af3c4aa6f9bbc9,998647c548ce07fec69fc6eb
6a0f2e626f40a719,73cf7c1ac8b21a9e44864659
832fa2644afe52ef,3c8f837f229c0dd7df9a1dc4
6f6e9673bccdd021,a376e33e8dfa61fcdecc861c
05bffbf9129bc789,6f5e83c5d09c7ed227fa6e39
ef45b3e154bee817,db7e9d3d00a1aa90606acd14
deb7e5e61223a308,a29390eaea2fc21c8a762cc4
aa1ecc4d0e9cc04b,1a6a065479e97f70560accb8
3751fd284c75ade7,6b298e1d31575751c54a4f04
094eb482ce18d6d9,d14903b30cc7abd964717553
fa76b19991375a34,d045d6f57b00e1d9e52a5fee
c8980b72c083b5fc,e71254a4f75feffd933b8be9
b813564fd5add38c,eb7f2d9b500da56806f1b6d3
99ea8c38eacf0f90,25d5c79403a649bab302abd6
6b47ab8fef81e573,fd1ca458a2710759cd641d87
9262a9ecb1ef1a86,294b908ef439968eaa942646
aecfeca5d2553e05,de4023491ad0f0cf8f63bc4b
7cc4f16f9d73bc43,ebe1265b0d87e3769dfc5cdd
180b1e09cf1ed814,b27480dbb9af563ad2447560
fefeaf73c1b2098f,8844bb0c9f42de96b295ffd9
f61049886bd8c768,14b059d5fc56dc7e90d026aa
765d0f38f7dc6d73,1ed16ba24b45772ca8e9790c
d58d68f92e802d16,f9f199f862f18061af7e5b29
4250b749f4fe5077,423db90570a12a8ed151f9c6
6f72693516a75a1f,2809288e188b3d6db9b2aee4
b09a04d3b5cbdc01,5c96516ba4b6972b621d0b93
b74a82a369a87819,ead3b602e576573631eb0abc
befba3d58aae6f42,e35a68b9ac5228dcc4a6be69
0f6d7beb22f1a636,9a4579497216779fd16695c2
38a61de7bbf02903,b1a08b1412396fe0e3c27b14
07b5e22c8e8c51da,572979a78895ae603329a6a7
e8371604c79fa620,e8f534fa98130f321018316e
7b1ff14afd817a24,2fd6f575daf97441bdc91a5c
d83498e4f642c055,ca46a871718919c9ac955730
fd0acb81fee12388,b23d98f6d61acdaa47c9c590
71dae218b7cc2566,775d41857a138873e86aaa71
fa8fe958f72afedf,2b1dbbb84d777a79b94174a0
b5e57944a8f976b5,2c19ff1dae23379614f7c990
ddf44523bb12abc0,469b7c082acfecd357549bfb
c630e56d9816da4f,8d9f62693ee11d023e0ddf7d
dd87929ebc905156,611366d93806f9cb9c4442c5
120bfa68af7c42af,77389d2d99f282acfa6ab0d6
3829ede752c33469,c3c415a5a41a9923a4b0c55c
2cd746415643d8f9,f5ec0dddb56bd2658320644e
0a307d60e99ad36e,c511de6b882a12081518a925
ace13314a3c78e84,a3ada93afaa4035508e761ba
c6712b8182f88cd7,1e13996222dd1c9717625c7f
69d5ac0e9baef5b2,a260dcd335018d51cff74f33
7d6858429ed9c191,270b09dd529d2ecbef05019f
d2c6a3e5170d49b0,8d7bd974534a0567c1604af8
7159416a59941f70,f71e73d433a87d7bf563a45c
6f1227a5c81f0689,a48b08b1a30fa2199dbbdb61
b2b69b3f5d3901cb,653ea3f79bfaea5a87e2108e
6d15fd0b281c530a,2dbdc79ad4dc7a8be77a2ae7
72675fc7ca83f4ba,5fd025442c2c27a37583c922
7f6cef3e3c9325c9,935f10044a591abcc08f26da
f6ee571aec0e7179,e3598c35cc53fd7d5596584f
d9280c18ad0135ec,7f691b6d6677909645a126a8
34d6d9ab2224e71c,36911202e61fd56c66972797
60bc6f9199a52208,de4ff74bfbab2b2f834bf694
f4c5343c237a2ea6,0ffaf6be760e7d01ee560176
9bef778fdd4489f2,76f1b3c5eab5078addcc29ab
3e0679064969ea0f,4b054a74353a272123743085
794d2e3fb44740b8,c466650190c4b49670b66f2b
1a35bfc152b5ef15,fa793badc1b1444629f00318
2a9c0f4b47a747ab,17ff260f27529e486bcb93ea
ee13f866b1040cf3,9542470696ef3a7bce494742
86dad4fcc94cdc12,22cc3931ab5fc051066f542e
809f52b4121ddfed,0b16f795002dc0a78bb6c395
07adab5c80766386,795884117259138b6020562e
e1b1a0cb1c9be471,e117930eb13ab78737983218
e6416b49264e8915,317580c2c92b5cf0cf5adb47
b5b252cc0e7abdf3,943fc374d4af8db75edc9911
77278256800f92e0,e74f662a1bd9a9ee2aa1028f
f92e758c085ddff8,9156d967b17165642d4ab5ac
676c99c70fc32284,34d7d64f33543fe36b836feb
27d107ba2d54d039,d98ab5f75d3b2a28e9f86ac9
eb162fb8219a7a13,5beb26a67f839568ab99f3ab
a6e6aa792e7c45ef,adc295260a603b53842d7e02
7c27bfeb3bbab26f,47d1479482b981504fda5c2a
8f7454c781a26bb7,450a566c29c8dcc7b69a4807
f792a0e9a8686d6b,6e06f7867d7cc509be7489f5
aa3c22f99a7cb594,1759754a06cd552c7dbc12b9
4cab1c29cc8118be,e6cb97aa714b781de0d3b898
7d257945c95396fc,fd5d10f15cf8419d034c2826
5e267200d80dd210,df41cffa09e586a12c917f8c
bdec3b238889659b,7345620d430c361dcdafef29
6d3ac5886b97b179,58bcc6610333aaba3298ed03
b5345b8c45fad730,a450c10e9f5c5992e185eece
798280bfb692fa41,0b06d355729f9c69798732ca
2e6e8c6f9f2c1813,d30a441106c1392cdfa38a40
693343af80e423b1,450ea094980aa89d7d502973
8c5bbda44f382977,65b39b1a5cdf91948bded6a8
725d9b3c35b2eb82,997f57a9b21967004de62e96
afcd2dce24b07591,fc36a9d3c4425a06e992f2dd
53519cd48da7de13,041a24862f86f4fdfc3778b6
6923db19302aca82,a71d61c50ddec43125454ad7
aebbf2375bea5cda,39ca6335f612ecbc015354a5
154d41e605dbc55a,8bf6860d41d9cb3c1b4b0ae1
48b785717e4494af,de99547d748feebc0522a8f9
866d935fdbac0bd7,9b96a3beca128e0953bb9d55
d34c29c19c2f8d4d,86249ca77f1f079c323924c2
8a32660c5112c02a,3867f9b031281414847ac01d
e37b7232ccf02993,732a6a07fddb050c5db6459e
a6cfff8e0568b0c6,4e621bbd1de595f9d973e4c6
6ccca07db95c060c,b2e16f8e66f99a5cdbd3f9d8
8a2a11c735cda589,bfe35236d20e9a1d00e85aea
f331a3591ec9dd84,fa59461256af2e0ccd5cd8b5
f3d15fb5bfafafdd,0ee4d1c5cbd4534ded16a739
c57ae0aa9905eef1,aa3a62025b3a602e681418d8
f64ec397a69c3502,447654d0ec0a543317120b98
bb4a5407a9e0dc21,c043dce61ac72e8564d159ff
defd42ad6ca19abb,deb7e3744f1b7cdaa96e9df9
ba73074bf46c7e7a,17002491a287b64bcc6d9b83
b87893a9702ea6d7,7666588491bf26073d112250
873d94ccf2c1382e,b46ab7821eb22b2adf0e2441
d3a41cf68cf67965,190cf2bc29de529bd1f80770
1e5c9afa4bca16bb,5523de1dfdbc5b521edc9505
bafcabd0ea99109c,57bc631033f1cc0ea2c394bf
4457d861731ac329,f1682ac43bd4bd15beef8f5b
77d69f94b830fecd,977261db1d7e1f775055930f
297729b4375b4634,8a9c55b1205d9e1eebf81034
92d7b80fe684ceef,a9a1c936823735b8a01f10b1
a0e15fd6ddbbe518,4b5713c8c3ff0e65b8ee008a
8d86af4ee727cff1,dfb53359b88440d44d55315f
548507e04b6e57fc,7b48f2f59e04d98cf20af5ff
0b87d3ff1b76ba3d,e0e47b340bffe9f3020b1f6f
a1425c6a7aadc01d,a44ca685c7d567311cd85c90
aa1d240393670285,61932c270ad2a837cb3c18b0
71ef7081f90ee513,4886d329f0da60082d3b9007
8a35bcd7ad1016ab,3eeb92a51ca95b58f5e67810
f5cf7a1a24f8be71,c23b531d7d2eff0dc48184a8
bbdeca69bff93cb6,503d0d9a63ea811a40f8ff81
9b6dec32d4b9161d,7670635cb63f2780993c42fe
59281bd04c9c5089,60e1e70e28470d0a772f163a
1f1bff662455a6f0,5316b553504d2e6b2947fffc
f0b6f717618d9837,04aec99982dec5fa10db4ec8
328f7eae5a50cf6e,6b2d3f560ca57631372dd12c
fe03fb84d2b924fb,c13987b83e7c05d37eb3ed02
f0b4a759afdd101c,ee164e23513b78f89be1459f
136a5c5c0a98cf32,3cb560ffb2ab50a21ff44f58
fabdba88d2d3d1ab,cc265169b651ecd235d2aed1
342c85d12ffc1f17,24fc7e04179cc71a22701007
a7e84c1dd2362919,dcc08dc0be9d172cd2547c78
918389af129fed56,de71a3678f5e746072a0a10c
7d3094ca5a2236d9,acc46959023489fcf777894c
ebe94f7a617f3769,dbffff7eaa1325df31524b01
11ad8b073e8c8418,f273474cd83b66af4d67a8d0
bd7fad37cc2a7e49,60fb4c399f001ae5115ef718
9ca45eec651b0c74,647d12a2a0392b6d7ebf0057
70e229ef1400b6e5,549c0c3af574cc6ea2163e1b
148b6c74a2ddc572,103f791c723cd56c38576f64
c7aad6eacc6eccfe,76197db40b9f2425894a1cf2
3b811c5b6349dafc,3db355f6519efab6e916fa1a
9645f0d2148dd0a1,213c05e4fde4ce79d55a55a5
75bb3bdc1cda37f4,4963862648fa321854b836c5
a4970b2fabdcff06,e8ad8c0c2ea6ef12dc321991
40eada321f6e57b9,3dbb5586c1e409f0863d9453
5e2e3fe6cab13f0a,31e38edaf4f73709e47126c7
ac04cfac0f24978e,01f77f95da1aaa8e59291b03
dd4aef3af44cd419,ed312f01d382a6adb641fc18
f06ccb379754fc8b,a690319507eabfbb67e0d8c1
045e09a9b260b771,891f98501a0d80ad980ec38f
5316df3efc1888f7,283f80489ea1be77f71ba645
8c81d647b27f51e8,98e5fa8ae3f55d04b7332cc9
e80673b817f24f5d,a4e9669fd0993bf56dd27b1e
f9c9d14a33c7f51b,bdf8cb40522cc2456531251b
2391cc9670a8e399,ad57db4ab6ac0c2114139bed
28f9f2e16d20ae25,7cc93bbf9303509291af08e3
6209366dfa8db6d3,0c9207a4497be5581aa5bbd1
9cee28d03f995c5d,dd6279b107ef5cd13d83bede
5528bd2513327966,1366b40a3adef8cad5aaaa69
3d0f89b224024fb8,0ffd6b0c164530f80d17335b
13ca76c8ffca683a,cc46c0d325cc26a88b70d695
064a6b6e4dc62862,468cf7b4d982cc148a9df52b
c30e4cac3aed6dd0,304edb957000e7a315133113
5f5056d3b420312b,b95c244d762839ca03ebefc7
16285c8725eb61c4,77e9b2bcbcf217c89db0d375
6c7b81a1bde8313f,42da6ac874b0bc28b1e21533
3a2a91b9f0822fee,d517e01343d7e6c15788b3e5
e07c9eda04b33268,67e9c5e603dc9e06d4155f76
13636aa5f72c4485,181a9668abe57bef23c71e96
129f6e09136be957,881d0f68400e4ee907f407a3
78741fc24eaf762d,fee2108cd3872e7a11ed1f94
490bc778b9cb3721,55a450f7fa699d11528e6d3b
42bc89ea507c0c4b,bbc5d726d749f2492ab030c6
9fc2631bf8182170,172f73bab224207eb82408fb
48e07539bee12bf7,f1e70b3e1b74d8a1b0993875
262d3b6f24d55290,92f4edf63452dd68da40756c
5d35bc9fa6d4ff9a,39bdc8ee447a2f935304d815
1e8e4e578918fa53,b25b437672b25078daf0834a
9438aeade09ffb20,bd6cf3027fd2e457ca319694
4e66c96599c291d3,82a65ee5cd737ba9a1fb9c78
aeb7e8b3e6c67b27,e65b93641e6aa9a71089fa64
6ea632c31f0ec491,1c2588cb1d6647bd5b037562
e44e5e5977c28fac,1bc3dda7647a74f33688a9cf
f7f11c4f7bde0f5a,b52cbac56ec33c5746e3bc04
28d93a805c8fe8d2,dbb644c6f720cb4aeedfb23d
1871df77d987dcfa,8a2b49d534aaf4dc701adf4a
1820730b0e68d91e,66758b2c85cce842bc47bee9
5120e736d2b4ce2e,7c252630798bf87cc55cf084
ea417dcf3a1bda06,fc4075844734397d7a6b56d6
c73d7801f010c2af,155a38890a8a83019b984a7a
5b3175c55bcfb330,891fee7846d853ab93842934
59cfa2a72d18c091,561c8a7dd5c48386c5fe1442
88caeb80f44b9a46,71f7d4e5cd6ad86ef12cf88a
b8d5b538c7f463dc,00dfe4376e147a0a50796cac
9255075d155394bb,6b9cd090288192bdf66e0cde
23917c0db5135cce,c7deb9a9761f5033e8951d38
0f77484c62ca47a0,e76f89d63a91e72bd6c6d160
8ded452ada412029,2fb58415138c06703a864731
dcc4546ba27757ed,02ded53ca775ab6454b2eed4
3a77c26271f92670,d60ccec07156975d48ce5c0e
c78f60bc8db369f4,960d897db9a0a5412c8bd3e7
011d91311405e28a,30fbc5d04b3d2c9f438f3b08
a15ef98d11f645ce,adf2e2bf4f9c57ac99a62ed5
222c651956488fd3,1809495829e8f3a960c5f647
e3a3592d806f509d,6fd57ce004b60c6c0aed3133
d14dae130a4d6e62,d54af44cf7d38b5452b11e07
90b96c49158ded26,2f5b5cf4dcded578083ba7e9
53c6e2628fc0b72c,c3af50fd00e0480f83b2b34e
feacea10e2e7b74c,7d54ae597082af93b1d7e043
ea67190827c80249,ae6eec113c9d07860e779479
00633836fd8eba1b,06a4e3a5316db0bab3f6cad0
6e8f158daf770a82,be2e4b9c8e6fddb50de4ac82
df72db2de3070f25,2e62a61de30fad7b07da6761
4f59284848b178ff,6df9584b7df15f3824d315fa
adf0e0b34bfaf5c0,7d4ffe2f79d83bc2fc4683f2
46a7136d89503a17,d7c61ab2e39270bceb3acbe9
2129bb82aee0ea4e,14d6e71ff13ab193b81fd20d
442a2d951ec27e2f,86c8b5e3f0700cbba8a521c3
b61d3c728d69bc03,f23ea6516eb37823b630e3c2
3afeefbe7b1d9bcb,b0d9bdf85142ef134e55e580
281a96881e65340f,4032a10dc117f2236767873f
e7938ce07358eef7,21c1a5f29024dec045475a88
144b4be74856cd71,5d20a1190d4c32346fff9128
d0496bfb8aae10e8,c91f0f59f7396efa52c86a55
49c9dc4ae8a976b4,fd635f7931e56ad8b223eb3b
4d5299a16b658330,0e7988aebc27a3e3fb9d0bf6
bdf3b0442b1d1ff9,d2e96c7cadb6d38c5b3e4df5
7689758ee2b380a5,3c963756931fe442597cf7dc
8132d66891ed18cc,a1e49eb17b982e50e02adb9f
58599c1f76012366,db50f7c977006980801292ca
18d9dac228dadd50,49a4ab300e8d10722ebceb61
3b1db00fa2043bad,769d523853abb5cd66c13236
adb1d5ad06349c8e,d6e03bcd38b482ae2197da2c
4b305b944c1c92c9,6b6ce0a4bdf8e66cf9eec079
68b04d13a758c53b,466c90188368984918c72e2d
5e2f92ad0db46356,7b5456e02cd7a5394c99a969
bc7dfaa9fad9fa90,d59917f62d0d4bb3574cbd10
9d11e12bec635922,e4c87b46a58b29a003e63e54
a1b58f7f386d65a5,9b304c8e4822c9bd332444f7
ddaea8e653f0cd11,4e83c22070c16887a0736d6d
e2395966d5af30bf,693dc44ea9775cdb6ba882e3
abc06ead44d89e87,bec339a80262bb55a61dd7cd
fc0460c84581b474,d23e947b679c6402fe8ddcce
0f4d08fd2ea3b495,bcb5a7aed5b04fa8d81e5422
eff60e1be3310ed3,868289595e6a3432aa432e70
8de3092b4d11ef9b,b872d07f5d6ff3380fdd9e2d
318245ae4b23a73d,eddee815d872d1de45abf1ca
a1837bfd044b3ace,472c2c26d35b7757a7a7a873
833ed724f35edd3a,5667febe10e5c62f05146f53
8ef0d6376a7b9865,b474fb8f542ee32619390aa5
7ffe824299c366c6,95c7be185116b8a22c3bd757
e6d5a6fb12c24d27,1625d5f32e8a8b0df9804dcf
2733aa9f27b70a9f,863d487b352b3096234f6d57
e9799126d171198e,08515d553a27f3c86dd0871c
6626b2c99d8c4a12,4b93198d42339c56e4bc6c15
124e65581d3cbf8f,c18e266cc636f67a02bc0f13
189560a73c42be74,0a1ce253a60f8a02dc21887f
7958ebd2bdd80302,79324d9dcaca92e8026dd7f7
8a28c7c3886bc112,15b34770dbb989292687ff87
a52ac7a911169541,090fc391c9970df7c80ad167
62004b45b16e688c,93d9ea341cbf80f7870354ac
a21be4b7d67e2d59,686ce5b436d0a0c1c6f34baa
3bedc5d76c72c5dc,6ad929b1710e1c148542eb17
caa95384ee05e1ad,07ccb1b49c8b1a1d147d8895
cb2a5aae5ac68c3e,0db79a02ba5068b5e29bfb51
b7fafbc7184582fa,e7ef1cd2cb0d289da64c9f39
ea5944974a8bc759,3a0b3bc076eabe0f72ff68ef
14084a355051755d,0a015e3a4eb7ec583de570a8
0e0b2243f0e954bc,13b56d751512ed7b8688d631
cdb8918b42d08fc4,c4d12766cef5fbd3101ffa64
92d2251238d78188,0271e763ea4ef2f829529de0
37eb5364ddff754f,1d982ab615ff1040ff58b7c2
0056666b67f8d213,ba5c1a9f4a5df0df3aee82c6
cc7eefa1fefbc27b,a9f7c8fc3d702adc9add5f14
f6267073a6764347,547de58e779e62771c247967
f00f63aeec1d4fcf,bd0fc3da60e7c876b4bf3da5
c148a84032641f1b,72eef30bb1f3ec0695c81bae
2466c5a3412c49d6,d71101ac351f32d9b5e3aa82
732d1c599288be64,5b3eb623f3b95f171098c2f6
d58e3c4229f3c3f4,ec29c31adad00e30d3dd57d8
8e6145b112bfbd2f,be35f237cf64cd9338a45e8f
46483fd3f4f067eb,299bdf8c8fcb7b4dec4c93f9
74e0aa25cd1316fa,bb347421557165a27c1f4fd3
8884a5f95449cb5e,7c0b9238be37e3d4f76c96a8
6d0aed5e318903a4,89e2c6ef52aaf3444e2312c8
845698779da9c132,8e41b7c55d9e7d9d84c70bdb
594c1c7893a70404,db7b46b82c80bdc192669afb
b8279bbbdeaf7f91,1848f9b9f2cb59fa84c82fdf
566171f136364f8a,88f72756b78039711e163367
1db085bc4537be0d,7e837e40c1768f5ddf734b0e
ef0851beaf7adcb5,2559ff6ab6b67055d0367fa4
e5cbb4d26787cbf8,711a0e3cf85d782335db5c05
9ad370e25a5bbfba,74cf3f510db80c0205b12934
3951a8a64736a754,7840a41d12c0988e7224b432
5db92541f4480968,f4db456579609c1fa0fe7afe
71abc0c045bf0101,139e90bc2089716816f7e5b4
1c723494c23f6611,4a2ccdf4ec040dedfb68d7b8
b93eb13453426c30,7a2206790a40f200d1508828
d635e5f704908b14,7044758f91a3b21a40148bc9
de95b2048f891013,a4fee7097b08adda0e56e695
5c6a431f61165647,6d769274b489992aa3ed2cdc
4147d5cb3e6a3ef4,95bbb5923181c0e1837c765b
1d5d4a4ecfaa7770,498a2b64f4b1914b1b5e3f11
96e102e20dfad475,17d74cc21a9440e8cb6f44bb
99bd28afe5c58d20,92d0419e10c82dfafef7595f
9f069d424536313c,122d4d02b3f5ef23fe2dadea
ad243e8a1d0ab14d,cff89b376d76c9e4223e4819
71e9071074a2ba82,9ffa1b191b62fbfca28b1225
d01db2dc4aec7790,a726b217563b9fb1794ba8e1
5fc754fffc368a2f,432f24737267c3bfbf7eb674
394c8c37fbc0652f,5a9ead4f9707fbf6269e3676
fbfe2323d1973edd,50c82ffe55438992e7ae54c8
e9048881008880d2,0c1430db243860f8499fecf4
017540af2a37cb96,ac4a3045fd8824392b200672
157cb553f6ae8e67,ce2aca106f568d372e3baf44
815a5b0f66ac7368,d28464c59714f65cba4b53bc
d2da1e670ba9be4d,16d45ec7f6c78a478b46dc63
afa4f7cfb9253bd7,9af9d12ed97723101714c5bf
53522a08dc878624,05a0a93a25a140ff04c8e96c
b88c486ecbac7ac7,e66beb52f45de8e2f9a9eca5
ff8b9a71a9ffd67b,75b28a23e4d396434f27b365
59161ae4379095b1,aeba50589d2af00f792b521f
4d8acae6d4d87b78,95c47ab8d33934a713899ab3
d39757f44ba527ba,23eab21d3d04105f9ce1528f
6a0782aa4f8b3224,c3ef09c7354e95fab9a4b324
f8c540043e072687,7e4f7cf254d358ffd15684c3
7a5daffdd726b9a6,21c12ec1fe509c2591ae4082
21da297f5deb442d,c2faba05ceab8e607e607860
22b7fb55d2088cf0,5c72053282a803e35547babc
7ed6283bb2b74348,43fb2d16dfad80042c72efbc
a6a496ba4ac77590,3cc6da5729f37545f3d78fee
62195ac1ca0e57a1,a0e2a1fc9585c382c05d94cc
32533e641039b469,9a2d302f653977c68deeabcd
0e277d04886098dc,e7cc6d32427c3b9fa806b7c3
3789e20d14c1db0d,129e680ebb494d2c59691643
9c2384040bd8ecbb,1b10e27560f675ca5dcffd02
6c08518772dde279,a3d97279bc731c0ddd1edada
1bf6d0d1560c1f52,9948852e49eeba2f331ea9ef
4d5b45a96fcef6b2,3f262af3fa5751b3158a7671
d6b66dc2536132be,7e1119ad38d83bb66977c761
e67a98f764971b3a,3b20d12cc274e3bf18948c29
21e47e12e48a444c,05a9ed802f014fdba435e41f
d271c8114888cb87,636d73bbd30db59d76ae92e0
24b053d88b04f281,3fc8b89732245623e7884d8b
2abe808130b29cc6,e379b41ab69dacd4540bc9b5
84cfa2e27d58676a,be6f445343860ad0dba59530
0a40a1c242806d81,ac43e7f9e2d59b7f1e247737
a587e77974a0a543,b5b92866e7fbcefb0e98be41
75e448d6a7043377,a18d4e31c7c008a422ffe70e
1b0cd98a55719ee5,5513c22cdb371d96da4babf1
c1eaaafb0a654c33,398fa2c7274e41ed450d1607
9900519d0f333806,e003f925989007868bd15124
50437e5be505918b,35f96faf653874bd94465d4e
ed7587daa1c8b424,23a685cadcf03140b8f1eb90
1d07f1eafd3171e4,c44dd3058e43969601024526
c80f6f068565aca5,e34a7507360453003ae3f2e6
f674e7b5a4a0bf82,c69ea0ff59103ce77e0af1cc
75246e0244005b2e,303de8f85a854f6ec1c91e74
8455b2769265ba61,4d0ac6a90fc9ef78abe7a075
0b3e35f4618439ab,66fc974fd3e8a005994a0e68
bca5ed6a4595f486,e58c1343bbded2a6235d488d
5af32470372061ff,9a6a3e0b7f76b1ca1d76ce1c
eeb50fb994cc2795,f18ff3357c821ada9f3e8cba
1a49305b2aeb825a,7065ba8c9bbb20f76bb6f63c
f595b4a755dfc12d,e2117338785831b33c71d8ad
0faf8e917a0f92fe,1b01089275479f4f3a4403df
b6f25b783fa90054,d732cbfe45158f3ebefd909e
04505bee5792abe3,4ef2478fa079e64f4b9205e8
84a7652040a88fc3,2a81b10840cc763f489c5997
5a66e4ca015ddedc,cc91dd118bb59c13cb87db2a
8c3715958b24b0eb,80c2112acf9a535180dbb244
1adfbce1b449890a,ebe8f8f07c237e63bb36138a
e2deb45276679b61,b889666532fb56d55aa16cda
5e58acbe63db3245,e907f8654e6875970658c592
7de45aa7f1bd2ac3,3286d78b16c0f8311bb507a6
5cdb4eb0bc752bb6,52a25e103fb49fbc2ceec362
73acc9110f830b36,9d8ff201407e3aa84662a129
e4d6eb00d12fa492,59a7db40c5a939059c46a921
b14c15e028b45426,4578f258364dfde64030bdd2
2cc8cf4f8820970c,53b5218184e0e4a7c03f405f
fd9490c6952c191b,7063f774d214e01c46513fe7
f540457166e0c3e0,7674685021f17d73d5df7895
53cba832146aee7a,d83e8514b12fc9d6c7cd2194
b6ab9a4055741a40,f01128715c9e4e005df930b2
85bcaa15d8e1414c,a88ba8b6c97ad1d55cb89046
92cc7a8a0543aaee,5c98e633f1f31c679a75adf6
e79265ee3d94365c,3c4d91b04880e5b3f89915b2
679a2710adbd4094,94603fe9547a76d02737dc09
bc1ad77e93a5b803,2b9e6786825911629b8d878a
54962d2b06b5bca3,1db6c2b8477cce16628ecc5d
eb5bf3f90b2c0cbe,cc7031f6299bb5be381b2e7f
d66e7d732de6fc10,051e03da26f06f154070e6db
f766ded75d82ead0,e043fbb10ab3f244a394faee
f355f592e6284622,be17007f21e211397c344cae
4bd3ab3091ef6321,1526e9fcd89f4882a8329e94
9d15756661fac688,7ae6c4f286a5a4d3ca219f80
f1583c65e933a580,a1640e49edd5402d3434292c
1d8087cd04fa265d,45485622eec24af15d6064d8
f6cb5be342ca9005,f3f19dd06127f44f1cbf0b47
3399874156648fa1,252f5504d006fc20093c4c67
b94194853d41c1c4,fb80b16fa63c3cab161b31f5
e1dadffa923adc93,bb1cd6add4361674b95112ce
1053fc51f9421e2d,3c19a330206757f73eed0b22
9ca34bab4a735101,1245c2d5e79f7297b13ad245
c5f82bb9dae8ee20,124129769c0aef7ad1da7a19
11126d72120f801b,69ed89706d567e115105f5b7
765a57629b2f3cc2,a1e4b51a0342d939b065fcd4
356a4263ce53c5fe,e333dcd900f0ba003eef0ad1
dae5442c4c650c38,d5a99c287220035e705deb0d
2efb062c1e401b90,ea3ee9ccbfe629e42bd6df81
73143b00e7af8dd3,f12c1808a77a56f25f3a9753
7323bf484b0fd8a1,0b04e1e22af8785eceb62e5a
58ce37f90e7a9afe,3a75dcb417e8916f50703bd5
609370307dad041f,675ce8df037cfbb22127de3d
e229cd39583889a5,d0ffadc148c946a595ca3d29
49f4fa33f76062e9,72fa03fd341043f5895b4f11
d12639cc70b64080,c7b8613666a1fd9676b78038
6d85124cb09c095f,30b18651dacf139fe7045717
fecfe5c1b844cc0e,145f143b69cb42620461fcb7
251317bcde575c9d,293cd776ad47a2646ecd15a9
d20a274b4671bf45,faaa27d20ebba4b1b0d86b60
02e73742af621be9,6dc358073f10230bdf64af74
2be980d30833f844,1c34995655e23431c624857f
7134fc36fd3e3b45,2f1ab057f7636caa6581ea2b
7f9e201e93540c54,a28bb5698c9e4b4c062fd85a
ef321f3516d4388d,462b9b46b28f84792ca973e6
a3e632273cdd47a0,35a5c17493301bc47574256b
05f10aacb2b0cbdb,dc5202a24499d806f7e1f15d
4150739f74f3c1b4,54f17498358d041c3dd04b92
5cdf84447496045c,444a82de275f096b6ca36d09
e928a211493aeb5a,fdd907261c228a4fbef5b13a
c0214798d242367d,154c9eaa40b426c70287a378
7068e1062c06fa23,27dfd78d8efe1f3e01a80e4a
c1d3b5c19cfa6d8d,e00b052bb47c40b307fa42b8
41e9b06b1c6fe1c9,b7389de22d252cdb958fa46b
4aa2d700f834c72a,05b3a443c95210e175708f8d
528ac1175fffb249,78099f93afc4659deb676ceb
58e8ff627bc1bf90,4cfd8951c1f8a4ad4d499fd3
5ca2ea4c8cde2034,dc5fa489d5f26a4ad383311c
d92bc3952c5b47b0,0b51daf2843de3e8f36d5150
ac69857632ce38f7,ab700cc745c20bfeafdd9fe3
1ae3cef8e2301130,8fefbae94c56bca745dac11c
8fb4fab1c8ca7b82,3ab06927308987e2e3042bbe
e1ee8cf91441e94e,fda656208ce7bf548415d7c8
9a496bf1d7e2dc2b,c91abacdce0915f3a03adb80
99a664f720f849c5,ac1ecd1d0cf43ba1c57ee66b
8c18869ddafd0504,92689769fb9c8cfc5ce1dad8
a9110ec849e3ad4b,4228ea95bcaa2973ec8ec791
97c9feaff533a64b,19ed8e91010eb06561781463
648aabbc485437b8,66ea950131be1acaaa7442f4
cf3a7e1a37d439fa,9ae099dc86308f957ec6bfb4
2593154eebca1a79,78b4155d5fb1546193402fdb
4cb870b56f4b8011,4cd2abe5105e28076950c922
3c1f267720aaf55e,7efa60fad2518f54c45a51a4
55374ea8c3f975be,fc61c0cb50892049840c81d1
e8e20db2e58baa24,eb7305a7f7724b17c688081c
6d9c2d0a4c6e6cd1,417c2edafee603a4e3df5393
478c5db06210956e,6a809cdf8b21845132a4e1d7
30a1f83d66677cf1,86ff08a5caa9a1cff8a34106
256a9fec63ff9dcf,94dc49980e2b2c7b9bdfd300
a0ffb20996d78305,303b15a33dd94f06454cfcdd
f26ba4ca53382eb3,311d3fc2cb3f816609675f6e
9766b42b86b63c38,31382ad35700077d3fa1bbb9
df388badb7cad119,aab0e21187799d0272ddec7d
eaa0a69948310b43,3d674665cf4557c529d91a24
d615d4804215888e,3fd204453ad1e313f0a62084
2e18d0e05711ca02,d2785c4231ec1684a34235ba
00151b48dac0661e,42615c548b22873e668c8606
5635dc8681463a07,84b4f11aecce41f5ce54022d
7781bc61aa729b80,363b7ffd62298389dbbf1547
19c01c96409cd26a,7cb840693f4e51335dd5b6a8
90caa99fa1aef453,2a7e23cd94eb51cba242ae28
6c3c1c1050156fba,3cd012cea8a5ad1b562dac8e
95ab3f5eb51de8d4,7d91888a53e5d4c2bcc35b19
726702df05e5f12f,9fc16ddece82ecb6da0460ea
2f34202974d913df,c7103a117fc8585931c3b178
09b19a484be5fa94,1f7ea8b46251d6f4fa40f5f5
a71911921e3e5350,8ccb7c1ed867949bb500c6de
679718262b1135d0,23ada8f11f056575c574cfc3
8be9b8d3236a3e65,c8e3595ea3923d992418865f
ad7a88d0906d5b46,53ad265543f99e44dc85059f
3cee3e0bc7dd80bf,d81e69375631b448e0ca6cc5
91becc5f8237567b,bd1fd0638a6ec42ea41d2eae
b8e7a3c21753c89b,13bb387e1f02e1b56b93ae6b
2a31eafb9a0c4505,26a0f7c8463288e285a6c9c1
12490e51e196ec65,42b7aa38d086bd8cf5c8c95b
62a9c7add0d331c6,2a2f44f7c04958641c13ef53
2f192c5508b24eed,c3bd78a28eac13aa7e993091
92a33651b2c8f4d0,3cbce81875bf691ea55a558a
3c76cdbee604d53b,ac7a09fb82a3fbd3346cbabb
423a01fa6350037d,ecd3c57b403fa3f479311eb6
d69ef16188c023e3,74fe046a3063c9d979d82ddd
3839a9bcd63a9a54,35c0af2f01e046c0c98cc35d
0fef9db8aad56a6f,48e31c674ff0e55f77a63656
f3627ff94883cb85,136c900684f94905b3f1eb69
d8dc95a3a2f4697c,091693a87870efe07f5a9f9b
bce876178eb840fe,135a66099b90a34a251a8e86
8343d6af7e461c29,15ddbd91d2c0a6e7b6045429
c761daae32149ab2,e196d08339e0bd0b6f6cf6e1
d21c74b572a7863a,c6770b19aa2be594001a4cca
7680055f479833b3,f5bba35b472b3bb7cbd904b2
7e9c0569a5d53f49,fff2b50a85aa3c2a1680a231
4a76d697654ccd9f,d55694723e00b706af5f87e0
73db09e03ccfe87c,2df8a79ddf241c0eb1d78898
8e03a824acb9b42b,77b1f205d4e033c762832167
c4df03fb4dfc5714,69a823406d1377121ee3066a
1f1141fe5168587a,84bd57503fc018b2c6eb172e
df35ade7b535a7ca,12740c885fefdd53a31403cc
ba819be2223e393d,5e1a811b932efb31e6fa07d5
14fc5681439acc46,6c8c9ca74d17ec56305bdfc6
5021d83d4a63dac9,1a12bfc7cd30e146864006ba
442fb944614bf634,49c1cd48b61267df0826e39d
c363fea4d2147d19,937feacf20595cf4507ccced
141f02fcb65bc837,b07e03937bf3326b84bafe25
cb15cfb87f338166,19e2b1def2a1d2daaee77662
a0112a71e11b10ff,d0423ad67695dadb6fa32ce5
21bd11087eb243a2,d3b79ae8eb311163cf55fe03
88a3d784b91c8331,6f0d9d6d394f9d18c7b9fd4c
d5468606a747a3f9,9742acc2c398eb69c8024e1e
0c716661c91dc301,05f31467fbbfacaa973676a8
61058db8388a925d,17d8f8d53d237f7dc512a193
7aeb0b40e3ee57f7,5a0395a5d04adc2d3dd9dd02
f716a5cf0496dee3,8c2c4e09d5fa8c37f552376c
c40200c0b04bb6f2,8794adbd2f2349b709f805ff
a8c545ee49bb8625,7c776b63084615e241148cad
293e9be0877d2db2,a2ea9cc9177a8c01b3fb5327
520d6a4489e81df1,fb70e1657f9501d860fab464
673c55e0d2789ef3,abbe1b13dc3c518c926ee298
27337bf24b688d2a,6429019401c2ca57a3572ab6
4b9135bcd6fb8d25,d00c7eed36dc6d8b71a9b40c
a9df4a6c48ea925d,6e51dd2eb171573c18490663
6cba8e0a16ed3f4a,7cc9317fbf72c4ad9861a553
9b2f7517d982c486,abbe6af6b8e690875457bc19
9b64716d092d3ddd,bf16450b86873da954efb13d
c3f3ca8daa09c81b,ccf5fd7add7f396023b3b8ff
9ab70ee1f335020b,60553e7b15e2c3fe23cc4a6f
3caa6fbe79f0b5a6,8252c49f396707d4b6ead7f9
3ae7d1adf29d85f5,e394877fa8ee8e2bb9a2e93a
ad8a9f56f00bc76a,e3dc4feb829fa0032ff3f598
9ea95bfa8f7d8fc3,704bd2cfc74818a46a0f652c
337bf9e4f3d12350,b57976f29120b70d18539db4
12757e7adc72726a,92789b7e01e83edf117069eb
4752a6135d8c2484,cb0d711ae6d703fadd7be290
d941b6bb1d1a82cb,8f9df22480c94b90d6886508
e08f578f49ef04fd,0be263f926c4fbbfae74f46c
94ba6d2771a430f1,10d165f2a74297a1cf1c3b43
b3005f5117d5cd77,ca490d18905483bd0efc4632
88ab303f355763f9,2e3d193bebe042e27a915224
480a85e4d77dbbd2,6c4376ae6b39959d5b06f78e
86ab481969226981,d0a1a5c0674c31f4944a3ee3
e7f19feeb91d600a,b428c32678a972a43fe135ab
e95b0de26002ee30,758825bf8976a557f407fda4
58c07682c86f6b1a,2e97677e7c19e328adefc20e
9bec105ec777531b,8a500ff9757e4bbfbf832e15
b719ee88ce423d70,e0a91213b4a4f181d651c740
2dbd078649b945a0,db76f50f2976ba8e3e8d9718
c19c24d8b08f1ebd,ce8b52154e43d88d8f8bc804
433ada6c8239276a,8145d5a27d91af8a81225bba
609156ec29335f08,6fa433fc32b3fced8962ff70
23fc5e56d9207fd8,19569d5e9691494d6faefde2
1e0ebb78f9fa66cc,f3e2e9a381d983fcd124d0e0
9caad2e2d1caad65,1400c3e785a7be424a1b0c78
d7a7445630264e5d,099cbecdb62e7422eecc0450
bbc096b586b35973,10a6b79523d510955f5b5235
43c4309eca62849f,a3e91ad0d3cbef4700c3866c
e2ea6bf8db78912a,e233be1573eef5d3855bcdde
1822db18925f490d,42f4f941d39acbb7fe87fc9a
cb533159779580a0,602548012ca060db771fd056
fc7e9dd19640fb3b,07479ad6b8b67c3416c5a8e6
48d4b0620781408c,39993640715d0a79d7c6981f
01e11820607243e0,7a13ccea37c2b86777df6c59
711e071cc3b45046,52160f9943beaa1c729700cf
2c65c34c7ea3c945,ccaef818c0b16d5b170647c6
da98acba1a84d596,0387c82e3554b417bd98f466
bd862b5feebcbf33,91c78275f5694597f29fbb99
340dde7d8da15ae8,32e527b4e8ec3a3124d969f1
0a931ae6cf3471c9,17868e3b97825b19246091d1
5623b9ad390c901e,618b03599d9b37c9c6909261
d74d1eb6c94b39ab,667cccb7f84a8e44d26ca065
e78fc832e415b8d8,bb5f72d69384f1091dadb957
aa5743341d6daa0e,8b62289cf8ffc5363cf42ed6
c4dd4daac3dfd4ef,1270170ecdbeac4b95682c90
d0900cf9bf4a5115,3d26528048dda1a556c2972c
a5ab1e8d822bd339,81296137c06bd72e1a3789bb
ade1cba19681c70f,b3c3e5fddf79900d16527e93
c2bfd1f6b4e3f74d,64b47eae06e850bfa29bb91c
fae58bf32cff9baf,c181c6a9bf5be9b488337009
59ecc2bc438e0e4f,2594273c60b6fda6df698a87
65f1bc66fd53d91b,1eeaf4309a94e1aea210ab63
3aa9573bc7e2ecc5,c00ce1c5168a3e0617f5e39d
27bb9538845a0697,f993287a9f4d1c96043f5c86
a1880574fb2010fd,95f5ad5088318eb3723fc094
bf6bcc3d64592d01,f90b77b1efa21b13b59b6b35
3a790befabd5b17e,04c4d39ec9a4c3eed4e471af
b6ba15a50cedceba,5b94b5542da8be434420eb25
2f06fab9f22ddd63,0949de50debd6978e42f883d
ca817754995bca83,6db9e218a96b273c9edb4112
27cd98a6a44904b2,60896b3e81a04d624a98548f
df344056df8dde93,477d1efe8cc1200049877b90
460d343560c2990e,97f8eb521cd199bf0b0f086a
3715e632b03f6865,c5bb43e9577c2a4fa3dd27bc
9d9b8fd30f62a04d,b0ea1ba59c845d4df1f2cc37
8c7e4ebbe44cb86e,14da340c92f0a79e33c5e0d6
be0dbf8f2ee3f689,267676f751f7719440308062
5a88facf93f2ac7a,9151411650e6bebe9031f8cf
f107a711968e3f5f,17315ea7486bba652b8c595f
5c94ef418d9c926a,53e2a13820f35e14e1bba99c
5708acedf4479542,c6a23af5aee89c6aa542ec76
e6158f1fd34527f8,68a30d4096d781673cce0640
e18bd36709233446,df948d6516f879f5f078d793
9d66534c85c2b860,0568d16d407d0541400d1354
1c5e7971f98e0a29,ad35d0d931d83d82b52c0266
238a71f5311e7e9f,9ceea1615872ad9674b6c236
c18ffab965cb797f,e21be6ce37b3e6a83314dfd3
a487efa5d5751c5e,37aac9d2405f5dcd1903f43f
558a4da9432cb1ea,cc239ed3af258d6912768a0b
3e0aab4b8b4696cf,970497b7c91401c8f5647f19
726fdb61cbdd2bb0,e9d8b443784a301c413a5b70
9348f4d3afaf0056,584c97be9f66606e2aae0b53
bab228742c40e82a,cd97df60dead9935a79f7644
c445cd1bba2e8cf5,f06fd7c1ca301611f7c06401
8d302b4147f929b4,ae3fdeadf191178627ad48af
df785dad1408fffa,b1f80ba11fa87ecc5d036990
b2d906e60b8a8c15,6b21e3cef30bdc07592f199a
a9cc4ad9a290acc2,b0786fb0a0bab1d162880d51
6054ce609495d0a1,387c21f0feb8958a7872384a
936b707896b1597f,87ab1e651e6616f335ab38f2
5da81348f878e88c,bd3a2b657fe7c86b2ab03de3
dfcf9ac552b4e5cf,97c58221243f46bc6175ad61
4be4a84226c8acfc,99a7167b1cced6dc2089980a
5fb5ca916c239931,aaba7be3a4e7030fe23b52bb
ad7cbce23641ac22,3196fb766745944c29356b53
0a0a8c70f5b86cbe,e811a94557100a1c6b0cd580
14da68bf3faddd1a,ccaac43bd4098320b8af42b4
12c9b95004e04f25,9ef6ebffddfaacf6d75cfede
72453e8e76a2f253,0db7e86974da7960a7884b1f
11f1a7b40f5b0151,7c73864342eb8031fb4b0a08
d4fc72c6ee490535,f4a76d8766f55d7c6ec749ab
e9d4821c5836ef4b,68d01a2ebc81684fdbc4a859
e2e95b52c75c21b5,9c3c6848e408d97d98212abb
4772a878e078575f,cd1224fbbc48a91599430ffa
0d2363efe4d7b3f6,9d48d087fbf1ae34ebc8acbc
1ff63e39019864c2,b42172be4abe4a392a17e237
90bfda9dea4df482,204853d42dc6a80748a451ce
b715fd7f7cec340b,9fddd53301bfa4d04b043207
6f54f134568c3bae,74e90b9e08733d4cef5b7cab
18d597feeb00170e,fbe6f0ead7e16bb14b6abdd6
0f3da597465f7fab,284a9c12402e90ee229e7e73
363029eb2b9887a7,05f2a0c7c9ed88e89a5e2e13
2d83d8d08a545e5c,3156a657b3e4bf0fa54017d7
02c1a8e7e0fa381c,649cf315a1b8b181e35b8591
3b9a34fd5b3006af,ad2cdb14ed416d862142af47
44b8bf90652d80ca,c9cd01fb8fd96dc48910093b
f83b9644ed07e803,5aed2ef0f736ba4f0f81d187
4f91900ac14fee70,a421b0c97fbed6d283cacfc0
99758f8b6562b4ef,ee8b670cdfcff8a833b83cd8
6e5bf846a0ba4d51,e3260e943c84224a56624ee9
3a66639d24c1ad1b,6b6b30c498aa8c40ae9b170e
444dd905c7da27e7,c5674752569a446d66819d8c
0807764a0eae8176,a3cb77285cb9dab031a3c4e0
bcddd8b626bced6a,8827e848986439f352e45ec4
9d21bbc9ca4a6a33,843b8a851b59f441b354c7dc
c4cb3bb7c8831605,b7f741c5ae40f0bc7db099d2
461a0cc89377c88b,f1893fc63b68fc798bd58461
0dc124180d880632,743bb53ffc3ca074080b644e
4493c42b77df3679,7a4ecb51c911b053890a5631
a3a24f61c91c3767,fad0731995cec1e8c7e2a6ca
7d1ae78319974bb6,adbdc4e1244841a39a79c15d
1d07b10521c67e30,5e6d9743cbbbd53a9c910f45
5ca7f9028e976b23,08a6379f35537b55123e8747
bac9faf6d675d832,b737f51466c3512d31c4697f
61935973afc962ee,766041e691c7b3f03df8ce55
e839ac87f926cfd1,3ed63f246ea33f50650189e0
76cb5bd4e9826e9a,56bca604589e0414ddbe38f6
08905fb28699de62,050e438e9f22c1530cb8271d
120782173186df14,7b82772d9e3f32fca83b5549
f17d79ec7fd7e09a,56789c0f4930449ed2c66ff7
e7e094070c3f77da,ecbca388e19aac5244cd0814
d99e9368f412da4f,3c455ad4c2bbd93080b0960f
0869a9b0ba0e0c77,8133b0d0af621e7a7f53362f
8a99fac78fe52f6e,33545d5ccb5d4ca8f49bffa2
0a89ea42e61eb5f1,0d4ecae1e182a19c451713a2
e79c178eca134e57,d5b7d128e763be202c417f05
71ac0efedd12e681,2a14e61b024ecb3ef6f8f639
da5a32312761546e,3d3d42cfc5bb831defccad96
2ffe10316da48b86,6964b2f1a8c9ad2f470b2cb0
95b80f1217b444c6,1f3ed19b7d45a9c2deaf19d2
0e197107031fd20a,efd095d1072a0b7c3d8a747c
bd67baef32c32a8e,273e6b5cbaf2f6c38d83779b
bb9df75f0fedf193,e05d5be55e88c621486f9f7b
1d671ee07e817888,55ed423c0005073f6f917be0
e3db4ac619af02c0,1e5af0defa1102d6f334e43a
48423639ac86925b,6fc560c7f5228f5368628824
92a2adbb751ed053,1582e34938cd352286c0f47f
e2285663db3aaf9e,89013f87817acac430cbeb35
c976e662e1b977a1,7c6473c51d8c9f82db9049ea
574ddcd2380184dd,bf5b8303f658d470d941252a
9e414d76c7d25305,f62f42fae2dc2c8dd2ace801
2e0ad907b48e22a8,da63fa01d31d90a327441aea
132af428620d26f1,f60a9c5baa4a7dd6cfe7cdbd
291e338e34bef5ac,22c14e39f3bce6accf2a4d31
1b355920165289cc,e077c4512527b357d9aa4eb8
990920b7ed21c637,ddde7d616c9c98e979460ab9
8d7029f8908a32b3,faa5459061de06f61a2b8e8c
b4ae3ec221cf2712,70794260602ab35685203d1a
91b9467c8b79e2b5,0e47bd2a749cc00495297dfa
e8de0783749cf077,95cd068ddff90800ba927aba
d92fb2858503ad01,879d92e24e9764b6e4cd9aa0
4a60a06723d6d2df,7b699fb92153534e767dff90
656f8f2acbb5560e,6adf5039922db7a791dfb1b0
697afe73d907b244,307525e810134492a9020038
b23a108f39cc0b56,539e0266b88d793c94bea815
5e34ba329aa1f18c,dc067cad116745d4dfc415a5
c9b2d381d0bd6346,52228b5eb5b717c9b44bff11
451b67e8882fbbe2,e4dd27b195b8ea942022e052
95e9cd33d3ea23c8,dfd1e55e6b1e8e4a89f144fa
5ab5a62865e95b1e,ed9988fa039598026543d757
4c0302f1111a8c58,c2314f1944d92b3697936298
0544275d709336be,877012364b8827cff599c758
42053b6ac6e29c27,529e416cd8593b0c624c099b
a16f454202adec8a,ac13f51bb0ae6e14f5b44a69
7703b38d6154eec1,dea7c64200976832313b12c8
53582071c6b7df17,547f0ffa5b9a535530975b24
c33185aef9d34ecf,098031ba433c2a80745f84ea
8c44ab95340c517c,7d5127068576e34072d165c4
42c590296d4e0e61,1ed303a5871a1d1e751eb334
7924690bfcc2960d,2624731dbd305b71687f9c5d
1da2d348f293edc9,47dbb0bbb4d8ab2ed3176dd8
2bf119a415930a31,1e300181d40c785f2a0dba98
afe45f17dbe0ccc9,777f2eb0f0cf20566840b196
34e41bb2bd375fe3,4c231f4b12ecb9ba7d190fe0
30dbcfa63b5ca327,f4772689a02668f79af15f1f
220ac17ef4fcb1b3,9038a627d8e14e767e65d930
939997d0474068dc,8506a976777b9b584068af0c
abdce476f54a8241,baa055276f457c7fef2b9f34
008f5108c0f8c69a,38916419191e7681b237385b
8fe2dc27e04db467,808e4d47f0c26709690c54b0
3cb250d6143b5e94,d19360d48bea9f7488bec9dd
f183d46720ba5c08,1b6fce628da9b029fd428132
abd6c3cdf8c75319,e59528259973969053cbbba8
c13ded34f5458e6e,72167891f4b4e0d4de2fc98b
b7fa511db690a0cd,92a2501a1681c0dd230dd01f
ead613dad42cbdff,afd56d6982c0814358deb267
7413ec41199d8e07,e34094c5000113cff5cb21e0
ee3711979814c27d,ba194db0b61ebbf7cd480dc0
45ad9fccac697dae,632c5b2b1b34e42680a598ff
a4003f03df6d20bf,b243fe45335058104e8ef359
d90859c7fad9db7d,834ad7b35e6e4202c58ca9b7
e58c1e2a8266f897,1610c5210a67bf914807926c
96b3ce26958352a9,e48bc407f6f567f9146ad175
24f179be46886df1,33fbe2c6536ed887b7da55f1
e65ec314ed3638f2,412acf651c23094effbc42fb
fc9d66adc5fc91b1,ffa99fa83c7ac6384e347b35
0a20f641fd832b60,a9083dd47050adbc590c71ac
0e4eebb30f6c8a53,63786ac92f968fc4b78b2789
57006ee0ffb60ffd,45a27cf68e304099f7437eb0
1bba63fc6910c466,eb3f1cbe6ef3f9b750db484b
2bb059332ffabde1,c68b1d161a7f2c270eb3e652
0632713c4024f8af,68aaf6e14e39c32d07d39ae6
2cbf40c4f6e79be9,017148b03787f3d0e7bcb377
393ec7ffa08607d9,42e1d1eb56c2229db39838e4
a27b87f4e546f2ce,fc8a926e2bf3ebd95a7ed80d
d596c8a214fd18a4,2f699cd0177a3bf71643d202
51cfbd713eecc748,bc6c908f9fea1a32029169e7
4d57c82703932188,0943bde60b4a2566f74fde3d
0060afe5a84186b9,9138c236b9863c1ab79ede04
9c3877aa31236085,60bf4bf9577c6038fd43b9fb
0cb34f86020e20e8,786ee6cbfca4d115ca68300f
b43772aa1dc38419,e0726314d65d06a0d404ed6d
5018cfb6317e055c,bde013f82410bdbb0e8a47ef
35164d439a691d94,fd7139215fc6395e0791c3e7
75fdabb926799abb,c75ac3c12fe4d99f5670c00b
4daeaecb952e378c,55fd57fe38eed94ba0c02bb3
0cebaa21021dec8a,fb3f4d00ab22afb17b0876da
d5fc7f1ba2b73a8c,de7dcea71c12df02049a3537
fccdb972d5a05c8f,a46f880907dc848bf74d0acd
49bba9cf183c5fed,94f4b93c1cdb7135dbe4df79
a47488900e0dbcb3,5de152cb102e932b0d5ba9a5
52f1c902845e5834,3714892b1b549a85331a848d
47da8147a6103f1f,5173cce819dce7657da0bd0e
3fd48e2d576fff45,bf54dacaa2a8a99702535911
529c371d956de63f,c593743747c3711a53690bc9
490bb4c20b753d5e,42d2bdaaeb1874f96773ebc9
7e5a2dd97d6adf97,5fa91132444ff21d5aeafd64
f2ff716b9c94642e,abae9e88093550e3459cf82a
4c95c31d978991d3,032d57133d5b5bc61ef31776
dd487025e1e74640,d7ec8bc2004a10dd396bcc14
8cee8db7329b5440,269a7dec6f27952d03ff09e3
ac4cd6c44b554c8c,b483ea53ae11aef79a6bbea3
6a051a329c2e52db,8583fc104b189bb6137c9f46
63064c39dc3b9505,2ca051a0585d228538c03d33
7f13ab309e219e97,3e9072ce20a72e95d6f6c561
888926450d01a78c,3b6af80ec78663ee7a5727b1
1491e3948fb30b0e,e13d90cc9308b94ad4fadbde
ee642a3ea0ba718b,728d59024f5d3a545249fa30
aa4b8105853f74ba,a35dd5237e0fd0411dd3ed3f
106669af84f10031,bad4777e791b9a6693eae1bd
94c523b33c9c000e,1da53c974b3bf96db6881127
89dceabbe49cafa7,3d4c90e26a89bf083a0ca64b
942506eb0fe287d4,8fae5fb34468c14d8ca222d7
c0083e634a035ec5,3ca953c211d0f6c91c6c0631
e17752cc2652e128,7d7005e387946e6c90f4d954
1bc46df7b7ac2ff4,96c5d21131bfe0f46885ac1e
5c90d70bcdf2259f,65e630001bbdcb2e41eae3a6
71f3a41213247a90,981ef33edaccfb80301f987b
3408c69978b87a11,82b8040421793f40d07866e2
f3754033433b51db,11ecf563107e06dd44659027
c5f73dda48df521c,653a59e2ffadb728c6b07fc1
bf4e8d9d011ad1a3,d044b1fd7b5bc9810b10b428
7a11d1743c55313d,359deccfb45dc74bcc6cf574
d49fa8bcb5b73c4e,24495b1551860ba6d5df99a7
12efca4fc16522f6,0a0006606a727e31f3add893
7e77c30ec97a9441,d7a978affc026b08ba486b2e
6e2eb619754c8bcc,583c8d81472d35e43223c473
a75cafc684f40a9f,7d9875a4fe2e76e03c93cef5
97550c5597ece2bf,93078556fd99f24e2a6af256
4526ccc525a4082f,6ebae94f2853b3ab13aca676
0c04688084c1c1c9,a09b5ab17635118fabd5af61
9b5b5c71e80e0c73,b53e4c4c8df0ec3273008b9b
b5360df255bd744e,664ceb5bb7f86ee5165f28c6
fceab0b09651cbc2,18982d8f5aabd0856aae919f
927c8a76fbe09c29,58fd7db6c63360bc5707de7c
dcf848d2de821f72,ab4f1e83c56cb3bd6f7083e2
6b5f33e0996ac03a,5f5545aaf4f962074014302f
c2c4469a620a7227,2169e6e0570bb8d93b56b7a9
5b3fb8be90e46b8d,464ae1feb1701177c3e1fe86
440f5857b7172398,7424edd56036e7582c361518
3649ceac5968852d,1f22708a2ed660a0b4812250
b56f7dac8cb282ad,15aeff3c5d968cdbf72de213
488962b67f3df3b4,b5d6ae9bf9c396b411fcf386
36b47bf3cf8b84ab,23807c75330f5398f93362d1
b98e327b5640e7b5,c291a83143c14b9a51ad8790
cf425630bb5abf45,817c64f0379b0a026372bace
9cd242aeead2c8d2,49b2cfa055a7eed88370621e
f65050e88bf44671,387cfa6dda3aea589f40ac42
19d8fbef4ec5110c,ca6e3e3fc6d696c0eef4d3ba
d1fb7d24770a6bd8,19a077dfc76284aee369cfde
0e1fce876266b599,5d760a42dfc0aae066900fe3
fcd1fbdac4421f0c,0dc13a495f164cf959ca1fd7
5127f6e16e456306,5641e52df234e019b2763b89
1c19b999c4a2e65b,63b5b2849deb56051b057841
d1ad5dc119b874cf,561edef9b611c4addae813df
eb9b9e67fc9011e3,98bffffeb936ec1f2d346f4d
74a6d3f8fefc5d63,89d7f886129097c8bdb372aa
2f5edf1a07ac914d,f1c340643e833fa5e7a74583
674487a9f5f13347,4fb7d8e9838ab79cf9a02eff
ea72c4083d5b8289,fac6f09b5595be71c963ce3e
8fcef10cfa0835b1,2683d87b579d327b6973dc7f
d1274158d0c8de40,76857da4d2fa25db47db0846
a8438fd654208ef7,a56c907ff9632c0761e238f4
a94ccca79f22d4b2,1f25b8479db4cc56cffd016c
e2966a9af561a9c3,e815ca304bed48c0bab9f26c
2a82a17f2d665f2a,78af2654c106e2cb3f4f8fde
bf7cd68f80cc7abd,495d74e646b2471df547494c
536f9a265661e512,52a0d3d653833e5b8bf9e574
d44b4287de908c8b,47eff61a1f7a61795a44d0e2
22f93b9e81e82682,dc68fe907243db3b44c80112
b8c5bf42a7696f66,5022f4baba9716f495a8a175
419c2909a69b4d57,4e8dff03a565c8f34d7ad5b5
9bcc3ce2c90cd34e,7aae41d631ea5a8b25edec9a
f60e4bc2b079938e,91a1f8d389203175953b7101
c0e1f1e649c4b014,bc56ea97821e21a0e0292ae7
f267e0a721d45e85,9e4c3c3f9dab539462778a79
f0159da3e729b815,d7390914b9395f9b577c6f83
7fa28bf6e5be15c4,ba5992b15c165efc3770643f
6d0135590b1a7beb,46aa2170d611c5d7508d4295
a5e51018692e71bd,6d24f6980c94c1cdd11c6df9
d132654711bfdd8a,df6163e772b98392f56a75bb
74be4bf994dcb0a1,23a5ff0b32f7ae97a25b7144
5723ad3987fbafd0,54401cf05e4963e60e99fe71
866257032162d816,c6c6ebba510104d99a4265b6
774c73e5c4cbb7d4,1ae45407005ef558c8a0bc8f
8b9c52f69d617908,20f9139bfeac3db8cd1c9d86
6babc241211af2fb,d49b2897b70ac6faf8bd4fbe
519c8367830fa3f2,907e9cf17b7a2a279b307159
d393e935d2615f1a,c9a0c03b15ec1c783450fe0f
dcaa18d0e1925521,7c70c70d606f4248d9fc9126
69051825b63bd17f,5033332461eb6654fe4743ea
6a9801f36addfb0a,393c3b19e5903c1089d27bae
4bda88c4b5f45102,377d3f2686d4f88ca5368d36
d7e3272ea64ae865,38efe9c3b53d92f436d27592
ccac1af3817b0e97,de96064d2f258a6fe4fe2ca0
d8340929ebe968a2,73d9ad14eeafa37cd1beccb0
810953e826b65393,53330c6d4b4b8e2c656cc7cf
7b77a79a65827c9b,30344524c5b818968efa0568
2dabe15adc937d63,5a13a9565cfd8f7bcb96ea10
d91f27d7d620c6ca,46bc1021e9fb3f8a734f2abd
283b62b4b285e3d8,e55482f78be609b808d4f869
a80b0a569e1be5fb,fab0a31844d4cc7268ff1891
113f1172a761a942,2ef6bcbd5dd89e0fa80c7985
2df1339c6be3d499,df7e92cc5d4c740f32af1523
05b5c01ac1ae0783,ecadfdf278121a6a0308dac1
59d30d04c4ef0db5,26a917a08bbfa57af0fada61
04737a342380547c,1eb790e8e4c76e3d9f32b951
3846a8a91548f594,08ee3b604b3b3e8aac2341a1
2132a62710a55545,cf9e8edf2cbdb1dbcc0356f7
128eb59622e2560c,281019e30b79d1b9c69fea11
0eb1b1fc1189963a,46c2ad9780b39208062c275b
66ba449a7b5800b6,2ca5211ed6646f0d9d99706d
c4f6b64b115547b5,77efd16e914775f66f71f6dd
b9fe36a6cd0fa6a2,69c4d640bbdb87bf1422d429
47ee681df4aff4de,ec55b16d8dadb635feab55d1
ddd2adba27aa2fd2,a1af4278abcf77cf995c55eb
50564174d071ce7c,2a94b7216418684009a0b7e8
440025a05e5cdc20,44e0b05e804bd3e9aff996bf
8f45ce6d736a7ea4,c2d93317ba34f7076ba09aae
dcab85dcc3c393a3,ff440f53fad52f4ab7984fda
75481b9f1adce320,4b1c7817733114e3e80d85d0
ad235331e96d2365,3a2b5a976b443f0f13b005de
4c1714b9a3d7f55c,d62bf7c451a314b8378fc149
4798ce7e3e4e38c9,1b4fba836921a77eae7d2967
57c431f8000002da,3f0402e94b961993200026f1
20dd5b9f04ff8974,8c9183481cd5b9c456d6b0f2
37fee79fef9f5b1b,6313eb6fa94bc3c5e6f2d1f7
afe982c7a19c71e7,1ef1fc12466767b6ac3d062e
4f88d07378fb45b4,d295272d7f05362c3f945dc8
45777add37a9da76,c7a2983fc20d70e13a29ac88
5fc3ee51e36166c7,f8b0d278a5964b463ef674be
ca06dec7e1462bd1,d84d6122dab384388a685fa5
d2714a706468d4a8,557b06ac4debace5980bc5fd
eefb90339688fc92,36939a317a440cc8133a6e49
7769c6b61aaa9b62,16d7937321fa91cd7d8cd709
d30143fc6741935f,dc64b6dc59e29de33e2dacdf
65d5d753a8bb47d4,292490388080b3e3ad134298
993de166de0d764a,c95b3b385ffd43bd2b0f145f
a6bd6316ff21e425,018c1abe7e1890250f9a25d7
49477f9402d0245b,3c9d543a15428feb4f38e543
5818033700c3901f,ec696195a385a90c3d0dfc96
089b8e23a0b4ea7e,d4f926d9037d6185694ca798
f144da53aa0c4662,dfa5d50f55a9893cc31188b2
f53b6456990abce0,a312f3e43f16e57f53e3f97c
8663020c200a7b1b,54493b457449cabe3b96a745
abaff6520d347d90,31f2691716cf2bfa6af51f17
48b4d3bcd33528e7,8d2636c5c1d61773efa2716b
b2aabf08d17d2462,35778b5c894e4454a24896cd
c49b913367cb0cf5,ce005d02c80dbe7d9ef2ae3b
2104e1e6a0659baf,f6ae1f94b14d2d7302dceaab
dd2f8fe3ecc1b93b,d1b22a575db053717665e1cd
002465e215958b45,29a457e27dead7e921dc3c7e
86a35d7189acf864,eb1248d2ec8d27cc49f4283f
7126ad3021c4f965,ec2791e6fd229202559d8729
b868e3c8efabcc27,6ea1f4b1649423c5d74fc594
8cea677a2200ed2f,68d2c87238683aa35807ac21
a4e45706dcf92b4c,668893db77afef20cdd09628
73137230111ca281,dd195b0c1aa02cdbfc91d722
9a17a099ced30ad9,1f3561eb27533acfb68ebeae
a93efb9404705c5c,518797e3de9e283ad766c4e1
1ef8d83aaaca2496,a72a09be876523f020f469cc
dc71c2fe56eb9f22,715b61315b28432f7ad0fece
3f455ceba66cc54e,df564ae30d448efddb21d58b
7a1aafb39c6cd38f,76a33092e293adfe9b74f8f2
a3440402b2b78de1,34d6fd949f487d16559bf513
6f8d9a089864db8c,3028e9e91fc9a595170d52b4
70cc089ada9f9b60,e9c7799dbaa6f5652b4d4fd8
5c4606833f6cf001,25eddd50d5e477e38426f145
908ff926a2d743ca,a2848699d19e2cdafde449f7
4e77644ddad54334,8cf6f90d5cb8f85038fb772a
61b2b4671a55c0ec,a3bec1facafbfcf5e7a23f06
89cc0199f1e2ed0e,eb6b6985192538441aa43ac5
fa1cc72873aa2560,03237b36cf8345ac911d5eb0
643e409cc1b7ba3c,a0f0bd15518c43b7604a7b94
6c20e62f26d1f8d7,01ac9c964c10b0cee2726bc4
6ddda499d06bc284,e653f65a5a72102d04141418
a3778fa1eb83ec8d,9dd8b59d755fed45b73c19b8
6676321d128942af,866f7be247a5e39db4199175
8873e220e586ca93,df78b1355f3bb0742c3b8ffb
e1e396b2d24ce283,79b66c859ea293ce5c86b6d1
5190c830a50aa85f,c412587c8e3aec9c25c025fe
3228c3c92c520a59,802c6edf6983b55075950d8e
315000273206d715,014a6e42c63c175b4fab1597
11d9a14bf5e33d5a,b67250bc4f74d4f3077ff534
f422e839cf23b913,bc61166128dfc481976c4c90
38e483167a9681c1,c8baef3675e67c2c00849588
dd9164eee00c1490,4b28aab4711c9b9e3561b5ad
9b426d4fbbbb79f7,135ae4856d0c496379d52d23
9ec80cf5e2820f42,921ce9083321baa69e165803
194ff135d9fd11a5,03b2f070a187d1c1313c4829
f490283e43443cfd,461b5bf181d80d8b9652edcf
639ede53e93e0be7,f91eb4b454b78ecc1b647f85
5e061db28cba5f2f,605ad5f4e902b9040878d650
f8e76c18346d162b,32f19d0c4876f89f1cc5cf7c
ff80180d452716a4,738fd2603460ef9629027009
abf9317bba4f7931,980692df97d5d2625e8097e8
994a76672237654d,2ca0a15300c4f714a3ab084f
7fa4fa1260577672,9e16de3136ee38e60a36d15a
eebeac8cc8453c37,72d49a9daa03854b8b4d86e6
565dbcd9bc4cc6d5,d7db4c869a795037ddcd4ec4
703183e043e797b0,1936288f73647d835217f084
41ca08aae8780a23,3b8eff03ea09fe47e50d635c
7f2abe3a6c8f3089,18872eb8491335a54d01ea40
2c6d01c1f20628fa,732523dba755bed1883cd12a
35e611362f11b23b,c805fa08c144d38f4c898073
